Multiple size <= 100
TEST 1 ARG:0 46 45 27 4 39 84 38 44 98 96 56 11 68 35 76 5 16 75 43 93 10 73 29 31 91 40 71 77 30 97 62 79 88 26 1 95 9 90 66 78 20 24 74 80 85 60 14 12 69 33 41 99 34 48 13 47 18 89 49 87 94 6 50 51 63 3 59 54 67 2 17 53 57 28 25 83 70 81 7 72 58 92 21 15 23 82 64 8 37 36 52 61 42 86 55 19 65 22 32 
TEST 2 ARG:92 8 55 88 10 56 5 15 13 12 3 21 64 33 20 66 61 59 16 62 18 91 75 87 22 80 79 49 72 99 98 27 17 2 4 74 53 89 1 6 32 46 94 54 19 84 35 40 90 60 96 48 30 67 68 78 95 43 7 83 93 9 45 73 81 34 69 51 82 26 85 52 29 57 44 65 38 25 23 14 36 0 77 31 11 63 76 70 47 41 42 28 86 39 58 24 97 37 50 71 
TEST 3 ARG:85 94 25 56 31 81 55 75 2 97 52 82 36 8 4 99 46 10 30 29 66 47 9 70 5 76 12 23 59 42 60 24 19 13 44 64 65 17 58 1 79 28 15 14 40 21 77 54 86 93 41 88 6 38 69 35 95 53 68 49 80 32 87 45 74 71 67 27 39 16 43 62 91 98 18 48 84 57 89 78 73 72 50 22 11 92 33 3 26 51 63 90 20 0 34 7 83 96 61 37 
TEST 4 ARG:52 19 53 23 51 81 45 91 4 85 90 58 15 5 6 94 65 59 64 93 98 48 7 11 20 1 41 76 21 56 95 86 34 67 80 79 3 39 49 77 13 44 82 40 42 96 75 14 84 16 72 87 31 78 92 60 22 10 69 25 50 71 62 83 88 37 28 73 36 47 24 89 66 8 70 18 35 54 26 32 17 97 0 55 99 12 9 74 27 63 29 68 2 57 33 46 38 30 43 61 
TEST 5 ARG:49 99 44 11 25 55 66 96 27 94 47 75 39 7 57 21 50 41 91 10 0 15 74 1 24 17 8 85 28 56 61 23 78 98 46 82 19 13 45 79 68 65 52 3 64 60 9 80 63 4 42 69 59 34 76 86 89 58 77 36 31 87 2 48 5 97 72 62 33 6 40 93 90 54 73 92 71 38 83 22 43 70 14 81 18 26 12 51 29 88 30 16 95 32 35 84 67 53 37 20 
TEST 6 ARG:43 31 75 14 36 84 12 86 60 57 16 40 30 65 22 41 7 35 6 83 62 18 93 68 25 72 42 74 71 19 2 0 82 61 15 64 47 98 29 38 34 76 66 77 90 97 59 89 32 92 48 44 3 58 70 96 56 46 8 87 54 49 67 11 73 27 45 95 99 20 79 4 13 91 51 81 21 78 10 17 69 24 63 52 53 23 1 80 85 5 39 33 37 94 9 88 50 28 55 26 
TEST 7 ARG:27 66 69 29 76 91 89 87 90 64 32 61 65 11 52 12 63 43 24 58 31 55 41 2 30 94 45 10 7 95 60 57 8 73 62 6 48 33 88 16 79 25 92 67 14 39 99 37 20 83 9 93 19 53 59 47 72 28 18 35 34 78 36 42 4 82 49 40 5 68 0 15 50 75 13 97 70 17 22 51 56 71 86 77 96 46 38 80 1 74 84 54 81 3 85 44 98 26 21 23 
TEST 8 ARG:0 95 29 48 57 97 37 78 25 64 56 54 7 65 59 24 11 72 52 16 13 41 60 20 68 67 51 90 45 21 9 43 77 47 75 55 99 89 4 22 26 30 33 6 35 66 49 44 42 63 92 80 53 39 1 2 71 18 70 94 8 96 28 69 15 93 31 79 14 12 91 27 86 62 19 87 84 23 76 50 98 46 3 82 73 81 85 10 83 58 17 38 32 34 74 36 40 88 5 61 
TEST 9 ARG:5 53 88 58 34 70 67 14 71 91 0 87 26 69 73 62 92 93 84 95 21 10 18 7 41 52 17 23 61 51 30 76 27 6 81 98 77 25 80 83 40 45 16 33 63 72 48 79 3 82 56 22 57 1 68 89 19 75 86 13 29 36 28 24 35 94 46 65 54 4 15 66 60 39 32 49 44 74 59 78 12 97 55 2 37 99 42 31 38 43 8 9 11 85 64 20 50 96 90 47 
TEST 10 ARG:62 86 71 54 74 87 67 20 40 46 79 47 13 39 96 10 66 27 31 34 30 25 75 84 11 16 51 43 97 9 5 99 73 69 56 33 64 72 83 78 59 57 53 80 77 45 29 90 76 93 36 61 8 7 81 91 37 14 42 1 92 0 50 52 22 38 3 63 23 2 60 82 88 35 28 48 19 17 4 15 18 41 70 55 32 65 24 21 44 98 95 85 94 12 6 58 26 68 49 89 
TEST 11 ARG:11 4 62 45 93 78 97 61 85 35 40 79 81 31 88 91 94 20 6 68 98 65 92 42 47 86 26 21 83 32 12 90 28 22 99 9 55 60 37 36 76 27 95 52 58 39 66 72 34 19 84 51 1 69 46 87 17 30 74 7 77 64 8 63 53 18 56 75 89 41 67 14 3 49 29 10 44 33 59 43 15 23 0 80 71 50 24 16 25 73 96 57 13 54 48 5 38 82 2 70 
TEST 12 ARG:37 80 0 10 22 97 40 56 34 94 18 16 93 35 5 54 32 90 85 48 86 46 63 41 79 47 28 2 81 36 3 19 95 9 72 21 78 65 91 76 6 12 30 55 61 83 62 60 98 20 57 4 96 59 45 77 13 14 87 39 51 31 74 88 89 29 26 23 1 44 73 15 8 66 43 52 53 71 25 68 58 33 99 27 24 11 67 92 84 17 38 75 70 64 69 82 50 7 42 49 
TEST 13 ARG:93 59 67 8 66 0 38 71 5 2 32 77 22 35 9 14 27 82 39 43 40 45 49 61 85 88 72 7 16 65 97 26 76 62 31 23 96 64 91 80 56 57 70 4 19 6 30 60 21 90 98 75 1 34 74 3 81 50 84 11 99 86 46 41 48 10 18 52 73 51 29 12 17 79 95 36 63 83 20 92 42 87 94 68 28 89 25 69 47 55 44 78 13 24 15 54 53 37 33 58 
TEST 14 ARG:83 92 28 22 57 86 55 14 56 87 97 33 0 66 11 74 91 25 29 72 1 16 85 5 59 78 13 69 4 98 19 95 34 49 36 73 90 9 47 80 99 26 8 46 27 17 35 67 21 32 12 77 24 44 61 63 48 38 15 10 52 23 60 6 64 68 18 93 43 40 20 58 62 70 76 7 84 30 94 41 3 54 53 42 45 81 82 75 39 37 31 79 2 71 88 50 51 65 96 89 
TEST 15 ARG:78 35 72 17 34 69 65 19 79 74 26 81 10 59 64 60 23 86 85 21 88 15 48 27 6 45 84 50 54 20 96 51 95 75 58 71 63 61 68 7 73 22 38 36 8 11 52 83 55 39 31 43 1 90 70 28 46 62 30 16 56 24 0 53 93 91 29 9 2 77 44 25 47 94 66 32 3 87 89 67 49 99 14 4 42 76 5 33 82 40 13 18 37 98 41 80 97 92 57 12 
TEST 16 ARG:37 55 88 74 83 81 33 20 62 87 12 86 60 46 47 99 94 70 16 23 28 19 39 75 45 42 67 64 68 96 25 22 91 1 27 9 13 8 66 0 32 36 10 44 54 50 80 95 89 26 4 58 98 56 63 53 97 57 18 6 31 71 69 92 3 15 59 14 30 52 43 49 34 5 29 84 48 35 21 11 2 7 85 78 24 72 51 90 76 77 93 61 79 65 38 73 40 41 82 17 
TEST 17 ARG:89 87 1 35 10 13 41 23 34 93 26 6 28 2 21 5 3 59 22 74 40 15 50 65 80 46 77 58 60 75 39 16 64 63 53 62 86 68 61 20 54 94 90 57 78 99 70 48 83 52 38 45 31 43 98 42 92 30 36 8 91 97 69 67 25 84 51 37 56 17 85 11 76 49 79 7 18 47 24 9 71 29 19 82 4 27 55 32 12 96 81 0 73 14 66 95 88 44 33 72 
TEST 18 ARG:56 29 73 9 18 50 97 57 76 75 67 41 7 88 78 85 22 74 59 27 19 3 86 58 5 49 65 80 84 45 77 68 2 43 28 26 70 66 1 93 55 6 94 71 32 81 91 42 33 23 15 20 79 21 4 62 8 11 25 99 54 90 16 60 40 37 13 83 51 39 44 92 46 72 24 47 0 52 98 48 87 12 30 17 38 82 95 31 14 64 10 96 69 35 61 53 34 89 36 63 
TEST 19 ARG:36 43 32 18 99 95 7 44 90 68 24 0 52 77 19 41 15 47 71 28 85 89 6 63 87 22 94 5 34 56 80 12 10 42 1 98 13 53 40 59 20 74 55 39 84 72 83 79 91 61 66 38 48 30 14 67 96 82 65 92 3 60 46 4 64 93 58 21 9 45 86 25 49 78 33 26 75 81 57 76 23 35 29 2 50 70 69 88 54 16 73 17 11 37 27 8 62 31 51 97 
TEST 20 ARG:83 44 35 47 96 25 14 64 22 82 45 4 67 32 77 30 2 78 57 7 79 6 12 84 51 33 43 69 94 39 26 98 53 18 38 86 23 46 88 1 34 95 37 50 85 49 99 93 21 52 40 41 80 15 72 65 10 66 8 90 48 3 87 31 73 20 19 59 55 56 92 58 74 81 36 11 17 71 9 75 5 60 97 70 24 61 27 63 13 16 28 0 42 68 91 62 29 76 89 54 
TEST 21 ARG:32 46 49 86 43 82 31 63 61 48 54 47 26 78 79 9 81 22 85 58 35 34 77 7 14 29 52 12 96 94 33 53 30 17 74 97 2 65 23 24 56 39 36 99 18 70 93 6 38 3 66 37 68 20 13 28 72 90 62 50 84 76 11 73 55 59 5 80 42 89 95 88 8 0 60 83 40 71 15 51 98 67 16 64 91 87 1 4 19 41 27 69 45 44 75 21 57 10 25 92 
TEST 22 ARG:59 13 6 32 97 44 87 77 66 65 37 38 91 51 56 18 3 72 20 14 16 4 2 74 85 61 55 71 73 60 26 52 9 58 90 8 78 33 22 80 81 10 76 99 34 84 40 83 42 1 49 21 31 0 50 23 43 98 35 5 27 25 36 93 69 29 48 75 30 24 46 15 45 47 95 63 92 41 57 62 12 86 67 89 11 70 88 64 94 96 19 7 17 54 39 53 68 79 28 82 
TEST 23 ARG:65 70 84 34 26 28 59 18 74 35 51 29 41 95 58 96 68 61 89 53 52 43 94 76 12 22 0 23 79 86 13 90 1 25 33 99 9 11 14 36 5 75 80 16 69 27 10 72 97 81 55 66 57 6 88 7 15 40 98 67 44 73 48 47 38 17 62 60 93 56 54 31 37 91 2 42 63 3 46 32 64 82 45 8 39 78 87 49 71 77 24 30 85 19 20 21 92 50 83 4 
TEST 24 ARG:82 94 47 61 73 45 14 31 7 51 28 58 18 43 36 10 26 81 1 16 54 3 42 67 20 19 52 66 56 6 46 44 2 4 76 99 25 93 12 70 39 38 21 9 92 88 65 13 55 60 69 22 85 23 95 62 35 74 32 17 68 64 0 98 33 5 86 83 34 59 90 97 53 48 87 57 77 49 80 30 37 11 41 89 84 75 8 40 29 15 72 79 78 91 63 50 71 24 96 27 
TEST 25 ARG:91 36 0 35 18 8 42 9 10 22 24 29 26 41 87 74 55 84 79 66 32 71 80 82 96 92 40 85 20 95 99 25 56 51 23 27 12 72 19 5 16 6 62 17 45 31 2 98 28 69 52 67 37 14 54 30 33 60 94 73 49 59 83 44 70 57 43 50 7 3 61 90 76 68 78 15 77 65 63 47 89 88 1 34 97 11 38 81 48 75 53 86 21 13 39 64 93 46 4 58 
TEST 26 ARG:49 85 81 60 69 74 82 7 86 59 39 4 8 77 47 11 29 97 54 48 52 44 66 26 78 93 67 64 56 43 89 16 5 76 46 57 99 3 30 65 50 31 33 62 12 68 84 96 58 71 17 15 28 18 10 25 27 72 19 70 2 80 90 51 63 83 36 55 9 1 34 38 87 98 21 94 41 88 42 0 40 37 6 91 32 22 75 61 79 95 45 23 14 35 13 20 92 73 53 24 
TEST 27 ARG:93 86 45 99 27 73 15 49 8 17 61 30 83 62 66 78 47 77 91 89 74 64 23 72 60 69 67 50 28 32 95 41 14 25 82 33 58 51 1 2 34 3 76 35 26 4 5 92 57 43 38 22 46 63 19 70 42 90 21 12 24 9 6 31 39 52 53 18 85 44 65 54 37 98 56 40 88 96 16 68 94 11 87 59 20 75 0 48 97 80 29 36 84 79 7 81 10 13 71 55 
TEST 28 ARG:5 94 43 65 83 99 66 45 7 16 14 19 77 63 97 92 6 46 56 26 8 49 62 20 3 53 12 27 13 15 25 57 0 72 38 37 86 60 2 42 73 47 78 85 80 30 35 98 84 61 96 64 39 31 81 22 79 91 88 76 52 70 95 90 58 51 55 4 93 71 75 28 54 48 9 89 29 50 21 34 87 1 10 23 40 24 18 36 17 74 11 33 68 82 69 41 32 59 44 67 
TEST 29 ARG:8 33 7 6 85 10 64 63 46 44 39 96 83 16 71 13 74 12 73 17 32 90 5 60 70 69 43 92 87 14 23 20 24 25 77 22 18 45 1 53 58 65 37 21 62 36 50 51 40 9 67 94 48 72 88 28 0 93 80 76 29 61 34 78 57 11 98 41 99 4 68 95 91 56 31 84 86 54 30 52 81 38 2 55 15 97 89 19 26 59 47 79 27 42 75 82 49 66 3 35 
TEST 30 ARG:32 23 33 1 25 73 12 41 65 56 8 14 22 60 97 27 95 38 37 21 26 35 43 74 52 96 5 83 3 68 89 9 19 30 49 76 44 98 80 6 64 47 70 78 45 93 66 36 0 29 55 11 53 17 24 50 4 10 59 61 75 15 92 2 39 54 42 82 86 58 63 46 90 57 18 72 87 16 77 94 51 62 48 20 7 85 71 34 84 40 88 69 67 13 99 81 79 28 31 91 
TEST 31 ARG:81 31 36 26 32 8 78 39 66 74 62 94 92 27 59 46 38 67 72 7 30 47 93 14 3 73 19 28 1 18 12 69 75 16 97 35 54 83 55 45 77 56 61 21 24 11 88 87 52 15 10 50 89 96 37 5 63 57 34 82 99 85 2 91 49 95 60 44 84 65 76 23 41 64 80 43 98 48 6 79 25 0 29 70 86 17 22 68 90 4 71 13 33 42 20 53 51 9 58 40 
TEST 32 ARG:67 42 44 70 97 99 81 85 27 2 38 46 83 66 60 82 88 94 62 35 28 3 6 57 77 76 90 10 63 58 39 64 16 55 8 93 71 98 12 95 75 78 73 4 69 14 45 1 31 41 65 11 32 21 34 48 37 24 25 54 19 20 87 80 7 53 61 51 86 5 59 50 43 22 9 33 79 72 29 74 68 30 92 23 49 84 26 18 52 0 91 17 36 40 89 13 96 15 47 56 
TEST 33 ARG:64 70 73 28 25 74 60 39 30 47 98 72 45 16 86 69 20 99 34 57 50 68 66 1 7 15 14 71 6 2 96 48 0 35 90 49 82 88 93 13 32 81 53 63 59 8 76 67 75 43 3 29 23 24 5 58 46 42 65 4 17 95 38 33 37 85 36 44 97 56 18 87 10 52 80 89 12 91 55 94 54 21 9 92 62 83 26 40 22 79 51 78 77 41 19 61 27 84 31 11 
TEST 34 ARG:70 46 47 30 20 49 85 50 84 83 82 91 96 72 69 53 87 14 52 99 39 54 56 35 31 68 26 21 59 5 44 97 11 79 22 7 19 67 75 10 60 73 29 88 55 90 94 64 77 23 4 0 2 40 48 12 89 43 58 17 61 86 36 3 65 45 25 42 81 98 18 92 9 78 57 41 32 66 15 16 37 95 28 80 76 1 62 51 6 13 71 24 27 34 63 33 8 38 74 93 
TEST 35 ARG:24 72 26 79 42 69 86 64 49 37 35 5 23 70 67 51 48 32 1 95 20 34 31 10 84 83 43 78 65 29 30 44 56 4 50 71 38 91 75 17 88 87 85 46 66 82 28 39 45 18 58 33 93 57 80 68 54 97 19 16 60 73 2 40 15 7 8 6 99 0 90 47 9 55 63 92 77 62 21 25 94 41 53 3 98 74 13 76 14 61 52 59 27 12 11 96 89 81 36 22 
TEST 36 ARG:81 51 85 48 64 19 2 7 74 40 15 78 25 18 31 83 21 13 42 4 71 66 47 77 86 35 53 94 12 30 96 95 32 59 37 82 9 69 84 41 65 57 14 27 63 20 34 24 46 89 62 76 45 17 68 43 16 99 54 67 3 52 72 6 73 23 0 39 93 70 49 22 29 91 88 55 92 97 44 11 60 28 56 75 79 80 61 33 8 1 5 90 87 38 26 36 10 58 98 50 
TEST 37 ARG:22 86 51 63 97 10 16 48 77 6 2 47 78 31 41 75 39 53 36 43 62 93 29 45 95 57 26 20 30 74 61 25 91 38 23 46 94 32 54 66 80 3 12 60 17 82 11 7 64 58 84 14 56 44 55 89 87 73 33 27 92 1 9 35 68 34 18 5 37 98 76 59 4 85 52 96 24 71 50 70 8 99 42 67 19 15 79 28 69 90 49 65 72 21 0 83 88 13 81 40 
TEST 38 ARG:62 88 72 83 58 46 11 85 51 16 59 3 61 92 86 69 2 63 1 6 15 77 95 24 91 60 30 0 12 82 31 21 25 8 9 22 90 42 41 19 53 36 97 7 65 47 84 13 79 28 38 37 55 71 67 27 35 89 45 34 52 78 39 96 93 10 33 14 80 23 73 49 87 44 17 64 54 29 75 66 4 98 5 40 18 50 32 76 81 57 70 43 94 56 99 68 48 74 26 20 
TEST 39 ARG:36 71 78 82 26 21 48 32 93 4 11 88 25 27 51 66 92 65 86 96 44 17 54 12 83 52 97 64 38 85 6 87 41 49 43 56 84 16 18 37 77 10 74 39 79 3 62 55 73 29 53 99 14 60 40 33 75 81 47 9 98 76 58 46 67 59 35 5 22 2 72 45 94 50 63 28 61 80 19 42 0 68 1 24 57 69 34 89 90 15 91 8 30 23 13 20 7 31 95 70 
TEST 40 ARG:32 61 86 93 20 15 10 77 70 80 7 95 22 36 57 85 88 79 98 31 81 62 37 9 17 72 65 67 25 82 27 46 91 52 28 48 43 8 76 16 24 51 56 33 34 99 39 84 66 35 68 75 63 96 45 92 14 5 97 13 12 87 3 90 60 73 21 64 40 49 41 58 55 11 53 94 47 18 54 78 74 30 0 19 42 38 4 89 71 44 1 2 59 26 29 83 23 50 69 6 
TEST 41 ARG:56 37 43 31 10 70 41 12 85 4 95 34 49 51 94 30 2 29 88 72 9 91 68 16 45 58 8 52 92 98 78 40 5 23 54 67 36 33 25 35 11 26 46 65 21 97 17 69 1 66 89 38 83 22 86 99 75 80 59 42 50 39 28 57 60 90 3 87 15 96 82 7 44 76 19 27 79 18 53 20 64 63 73 47 32 55 61 13 62 48 14 93 71 0 6 74 24 77 84 81 
TEST 42 ARG:62 31 66 88 65 43 98 5 53 54 76 8 24 35 39 48 85 32 80 61 34 72 37 77 15 20 96 52 2 49 11 64 78 93 33 18 0 51 16 90 47 60 59 19 99 17 97 70 12 27 25 7 23 91 86 55 63 75 6 3 38 13 92 45 56 95 94 57 41 71 83 40 67 30 68 44 21 9 69 50 1 73 42 10 89 82 87 74 81 36 29 22 46 84 79 58 28 4 14 26 
TEST 43 ARG:43 55 72 54 90 41 53 29 23 6 98 50 76 12 37 38 13 75 83 11 9 17 97 96 10 68 42 18 1 39 3 95 99 47 60 14 34 88 65 74 85 40 92 27 58 89 84 80 20 63 86 36 51 7 69 15 56 45 87 19 71 28 32 73 79 35 64 57 62 82 0 52 30 2 77 78 24 5 81 48 93 67 61 31 22 66 4 94 25 59 91 44 16 70 46 8 21 26 49 33 
TEST 44 ARG:71 78 48 66 13 30 17 22 98 39 20 1 64 85 76 38 94 19 23 72 21 32 36 74 31 25 97 0 28 52 62 46 55 82 24 7 65 68 69 80 14 90 79 89 44 51 12 86 58 34 35 73 8 15 88 81 54 5 67 95 9 91 50 27 18 6 16 41 40 83 96 77 49 70 75 3 99 45 43 33 29 26 63 10 47 57 37 92 60 84 61 56 11 93 59 4 2 53 42 87 
TEST 45 ARG:15 3 63 62 22 13 44 87 9 38 2 55 75 79 4 47 18 0 32 43 48 42 25 19 76 99 57 61 37 68 40 78 24 1 49 39 86 82 65 56 6 92 8 72 93 83 74 58 66 85 33 46 12 89 88 41 35 23 16 69 10 21 91 29 17 60 84 81 98 52 67 73 59 70 50 31 45 71 94 28 14 95 51 77 7 36 54 30 5 80 97 27 20 96 53 90 64 26 34 11 
TEST 46 ARG:4 25 39 32 95 74 89 68 18 16 23 85 83 77 62 72 60 61 94 66 36 1 8 44 19 11 65 69 90 97 12 2 41 46 80 67 27 34 53 71 35 58 75 40 52 42 24 15 47 20 33 87 9 5 93 31 48 22 0 51 78 17 92 73 7 6 70 28 54 88 86 38 3 99 21 59 29 76 91 43 79 13 55 49 81 30 96 10 63 26 14 84 64 82 37 45 56 50 98 57 
TEST 47 ARG:81 89 43 74 90 17 97 70 39 99 72 30 33 55 40 67 38 52 16 0 24 58 44 5 1 45 98 68 10 76 26 66 12 77 96 14 83 82 25 19 57 87 60 23 71 95 46 8 36 11 56 29 62 91 3 41 34 9 64 51 79 13 18 42 22 27 31 53 2 65 69 50 75 63 32 84 59 85 47 88 6 20 28 37 21 15 86 94 7 61 73 35 78 48 93 54 49 92 80 4 
TEST 48 ARG:2 31 84 64 46 30 94 95 65 24 87 28 99 86 23 82 50 11 69 83 20 12 8 73 44 40 45 16 10 41 1 39 35 56 96 80 66 21 32 5 58 29 25 49 93 51 7 22 70 60 97 62 34 27 98 61 0 33 13 3 68 78 6 36 75 15 52 63 18 92 19 67 85 42 90 72 88 4 14 47 43 26 91 71 17 54 48 81 89 76 57 55 53 74 59 79 37 9 77 38 
TEST 49 ARG:44 64 8 51 18 72 85 46 13 60 4 67 23 27 9 69 84 82 48 37 71 63 91 21 98 33 94 5 47 15 26 6 34 78 29 20 7 31 22 42 66 90 56 79 16 86 73 25 80 32 96 58 17 76 28 1 45 70 0 89 38 53 92 65 95 10 43 39 83 11 61 74 57 40 99 50 75 49 41 62 52 93 2 3 35 77 97 19 30 12 55 59 81 54 68 87 24 36 88 14 
TEST 50 ARG:29 93 63 10 88 86 50 81 78 32 55 33 91 8 98 24 99 53 37 84 45 35 49 34 17 0 68 14 80 54 48 9 7 52 69 90 67 72 82 70 64 56 85 87 97 22 30 15 46 43 16 65 2 12 83 61 60 73 96 11 39 76 13 19 51 58 47 25 44 75 38 31 59 62 27 26 92 1 3 40 95 18 79 94 57 23 21 28 5 89 41 4 6 42 20 74 77 66 71 36 
TEST 51 ARG:31 98 91 30 18 23 13 69 27 87 48 4 9 26 58 88 37 56 29 99 71 95 65 0 57 11 49 52 72 15 80 68 28 66 94 97 62 84 22 73 41 45 75 53 40 35 16 44 67 90 8 70 14 10 42 82 12 63 60 83 21 24 55 50 92 59 5 7 25 19 77 2 32 17 54 33 96 89 36 46 6 51 78 74 85 79 93 38 61 39 43 47 86 76 3 34 64 81 1 20 
TEST 52 ARG:7 43 4 77 89 66 11 56 31 42 81 95 94 76 30 97 57 71 65 39 63 92 85 46 82 38 28 93 25 12 53 75 33 49 37 69 14 78 32 34 86 1 6 17 98 26 15 27 84 62 45 68 79 87 22 36 2 70 41 13 48 83 40 19 55 67 24 80 8 54 60 96 88 73 44 50 51 21 52 10 9 59 0 64 99 5 35 61 90 91 29 74 58 3 72 16 20 23 47 18 
TEST 53 ARG:10 25 48 32 64 82 39 40 78 55 92 73 81 14 62 38 71 47 63 67 33 13 68 45 80 51 72 59 53 30 17 46 42 12 4 2 96 84 43 91 16 7 27 0 56 9 26 23 90 58 37 79 41 93 57 98 24 69 89 76 85 66 99 21 52 34 5 15 50 87 86 31 61 29 88 97 44 83 22 65 77 11 54 6 70 19 94 20 74 28 18 75 60 95 8 49 1 35 3 36 
TEST 54 ARG:64 59 54 23 4 90 72 82 79 46 51 7 55 94 22 78 58 8 47 96 77 36 35 83 3 27 12 33 28 16 18 0 84 57 1 50 5 97 2 32 48 37 17 95 30 39 62 6 88 67 44 65 93 86 19 20 10 75 13 38 87 56 49 40 52 69 41 43 34 14 31 9 42 99 92 66 76 74 85 71 98 60 53 25 61 89 68 91 73 24 70 81 15 26 11 29 80 63 21 45 
TEST 55 ARG:61 4 46 11 26 74 33 40 66 63 73 31 85 9 5 55 38 47 96 71 99 30 88 0 22 8 6 84 13 35 27 70 97 34 56 54 57 81 15 82 79 91 50 95 14 29 39 64 78 53 58 32 62 42 65 3 1 68 16 98 25 49 60 93 92 89 83 72 44 21 37 94 23 48 10 52 75 19 90 45 69 76 7 86 59 28 36 80 41 51 12 20 17 87 43 2 24 67 18 77 
TEST 56 ARG:32 78 99 2 33 88 68 25 51 45 4 47 73 49 1 94 36 42 59 58 41 75 15 60 65 62 85 61 92 24 77 3 80 79 96 28 50 70 84 43 30 18 5 10 66 9 81 19 35 38 93 20 89 54 82 46 56 23 63 11 22 8 91 95 53 44 83 52 57 7 90 48 16 97 69 21 29 72 12 74 67 55 39 34 14 37 64 98 6 31 86 13 87 26 71 40 27 0 76 17 
TEST 57 ARG:76 41 96 1 33 50 66 92 28 70 52 97 37 74 58 56 12 79 53 54 36 43 23 18 59 16 47 84 17 38 26 31 73 75 62 11 3 9 44 13 77 49 30 46 65 99 45 89 55 29 20 24 19 39 42 57 91 88 21 94 68 60 95 6 5 27 15 32 61 10 90 63 4 81 2 14 78 82 80 67 93 48 72 83 0 86 71 85 34 8 25 22 7 35 69 51 64 87 40 98 
TEST 58 ARG:31 32 75 38 5 2 22 55 97 46 19 25 45 82 95 86 8 54 77 6 89 21 56 12 59 61 43 14 84 3 50 73 81 48 78 72 92 7 94 63 91 99 49 11 26 85 68 37 15 20 65 16 51 87 27 60 39 98 96 66 34 74 13 93 1 79 47 29 71 70 44 57 9 58 17 42 35 0 53 23 88 33 28 62 24 80 69 36 64 52 18 40 30 41 4 10 76 67 90 83 
TEST 59 ARG:41 75 77 15 89 54 48 24 18 4 6 78 27 55 2 26 69 33 85 19 49 59 35 62 16 73 67 68 14 3 0 90 10 53 8 63 96 76 93 94 58 42 21 5 87 51 22 13 43 72 66 71 97 12 28 64 70 74 11 39 52 56 25 86 34 17 61 30 99 45 84 31 80 92 91 32 20 1 23 36 46 38 88 50 60 83 65 81 40 7 47 79 37 98 9 44 82 95 29 57 
TEST 60 ARG:56 40 10 69 41 81 86 77 95 42 22 6 30 45 94 92 73 5 19 2 96 38 78 24 88 72 25 14 85 99 93 60 70 79 21 13 91 62 52 54 20 0 39 48 82 71 36 89 51 44 61 28 55 84 9 23 50 47 66 67 87 97 31 59 46 11 74 33 26 15 43 27 12 53 65 76 58 16 34 63 64 49 3 32 8 90 68 7 37 1 98 18 35 83 29 80 4 17 57 75 
TEST 61 ARG:36 0 50 60 94 66 95 89 11 96 47 5 72 16 23 56 64 88 34 84 71 33 51 93 82 83 37 10 75 74 92 54 41 86 39 70 19 98 27 76 49 35 78 14 29 91 80 87 13 48 81 9 58 25 55 40 61 6 42 68 77 15 63 59 53 62 18 28 44 65 67 99 7 90 57 24 32 3 69 43 17 79 12 2 85 38 31 45 21 97 73 26 1 22 30 4 8 52 46 20 
TEST 62 ARG:94 26 72 60 64 50 8 2 32 81 58 49 19 12 98 69 82 21 90 57 25 41 46 34 77 43 66 18 79 91 55 99 63 68 51 42 97 23 39 4 0 65 38 84 96 7 27 33 47 31 67 75 36 15 40 16 56 86 93 95 3 9 13 22 44 85 54 6 62 83 73 20 45 10 11 17 52 59 5 1 80 24 89 14 71 92 48 29 53 74 35 28 30 76 61 37 87 88 70 78 
TEST 63 ARG:26 18 30 68 96 46 45 80 33 94 41 5 60 91 62 99 55 70 19 6 85 38 43 24 21 11 82 98 88 50 2 22 25 20 84 97 64 8 10 90 79 77 15 27 93 31 75 72 36 1 28 14 63 39 61 54 56 95 73 81 52 58 0 47 74 92 83 44 66 69 32 12 49 23 87 89 3 86 29 48 4 35 42 17 59 37 9 71 16 13 53 78 40 65 34 51 57 67 76 7 
TEST 64 ARG:64 55 39 68 29 62 9 82 36 22 90 44 38 5 0 83 33 32 95 26 51 27 88 56 2 85 41 50 46 14 15 4 60 99 91 25 42 13 19 53 48 30 89 20 67 16 61 28 31 35 69 75 12 54 84 78 21 43 72 37 6 24 86 79 87 47 97 45 70 11 57 66 7 10 3 73 17 77 81 34 96 40 71 58 92 18 63 65 49 76 94 59 8 74 80 1 52 98 23 93 
TEST 65 ARG:46 25 65 20 2 64 33 73 86 40 74 91 24 59 56 10 70 29 32 98 83 77 44 37 95 61 0 39 88 57 7 3 89 36 35 75 28 96 21 54 15 9 81 79 34 50 18 17 84 11 58 51 12 97 66 19 60 52 71 69 93 42 41 13 67 38 6 4 27 55 1 16 82 80 31 45 23 92 99 90 76 49 43 87 22 63 85 68 78 62 26 53 48 30 5 8 72 47 14 94 
TEST 66 ARG:97 3 99 60 27 93 59 96 79 13 24 26 7 35 41 52 95 5 50 51 4 76 72 11 17 66 19 20 58 12 80 6 37 62 34 98 84 2 90 68 43 0 77 67 49 82 73 56 9 64 61 40 54 33 30 86 89 88 69 38 23 94 8 25 18 75 53 48 32 87 42 78 91 57 70 44 22 45 81 31 46 83 47 92 85 14 65 74 55 15 28 10 39 29 36 16 71 21 1 63 
TEST 67 ARG:69 78 47 60 95 72 18 30 37 10 26 4 16 51 77 22 91 53 79 54 92 11 38 24 86 23 12 36 2 82 48 27 20 90 33 40 1 65 13 41 67 52 46 88 43 9 58 14 6 98 35 8 80 75 63 42 29 68 5 25 17 83 49 76 3 31 66 44 96 70 61 15 59 97 84 73 62 85 7 0 56 55 45 99 74 21 87 28 64 94 50 32 93 89 39 81 71 34 57 19 
TEST 68 ARG:27 81 94 36 99 53 40 89 21 68 65 74 43 47 58 59 83 19 15 6 39 46 42 44 92 96 4 12 48 69 95 51 79 30 14 66 82 84 25 13 11 98 2 87 71 5 86 1 57 70 16 63 17 88 38 61 97 93 64 45 67 37 26 75 23 77 18 73 49 34 31 62 35 80 72 56 22 91 28 9 41 24 10 76 90 29 78 32 54 55 20 0 85 3 50 8 33 52 7 60 
TEST 69 ARG:62 37 70 99 36 44 60 26 61 34 0 24 57 14 81 92 76 59 90 43 69 47 50 84 51 53 15 31 40 77 63 74 9 94 78 16 79 85 32 22 21 55 54 65 29 96 71 66 80 93 88 17 56 38 23 30 48 8 28 35 73 83 11 67 45 20 6 4 7 58 42 95 82 3 2 91 41 97 89 87 98 19 64 46 5 49 68 12 13 18 1 33 25 10 39 72 86 75 27 52 
TEST 70 ARG:4 24 0 71 65 91 41 9 78 61 39 21 79 88 11 34 15 81 8 32 54 38 23 45 77 75 19 83 27 26 13 1 5 85 58 64 60 96 17 86 25 76 31 62 14 68 55 2 36 59 22 90 47 37 44 3 53 74 49 98 87 73 6 28 92 99 40 12 16 29 50 70 94 82 69 57 56 67 30 7 20 72 66 43 89 97 93 42 46 33 51 48 52 80 10 63 35 84 95 18 
TEST 71 ARG:90 89 47 40 21 11 86 96 26 29 19 44 88 14 98 31 35 45 54 77 81 22 67 73 84 20 38 85 8 1 74 70 51 7 92 53 23 41 27 57 80 30 66 16 42 36 91 18 75 10 56 95 24 4 17 46 68 39 25 15 9 6 43 59 28 52 83 72 61 60 3 64 97 58 2 49 33 93 37 13 12 63 82 87 32 76 48 65 69 5 78 0 99 55 34 50 94 79 62 71 
TEST 72 ARG:54 58 33 46 95 10 38 86 15 92 64 23 76 37 93 74 14 42 61 69 1 78 24 29 91 96 20 2 84 59 77 97 72 45 12 39 65 34 40 8 32 36 67 30 3 31 7 68 79 28 85 4 27 55 63 49 9 43 82 66 21 60 13 80 18 94 11 70 5 73 35 98 56 19 25 48 90 52 26 50 62 44 81 6 57 53 75 99 22 89 17 87 16 71 88 41 83 51 0 47 
TEST 73 ARG:80 49 76 40 28 63 20 1 60 5 41 23 0 57 46 34 98 84 53 4 72 78 43 68 30 96 91 56 6 19 82 71 51 85 13 58 79 35 25 69 12 83 32 64 24 18 73 81 92 55 2 74 75 54 21 36 27 31 11 70 97 95 37 26 62 87 59 10 94 90 22 67 17 89 50 44 33 93 29 9 47 99 14 3 8 61 38 16 42 77 15 39 7 66 88 52 65 48 45 86 
TEST 74 ARG:60 45 82 15 54 76 7 95 22 64 5 12 97 4 72 47 9 35 38 63 27 31 91 87 77 3 55 53 34 11 41 84 28 39 10 79 42 93 37 67 96 66 8 32 43 59 13 6 14 25 24 83 0 86 49 1 90 44 80 69 88 57 89 48 51 2 73 40 50 36 56 65 85 62 74 81 18 75 21 92 61 78 99 70 26 58 68 29 94 52 20 17 19 98 23 33 71 16 30 46 
TEST 75 ARG:85 74 84 76 38 25 59 80 34 3 97 6 42 32 12 35 37 73 66 94 29 27 90 48 16 21 82 39 55 64 93 26 44 4 17 72 23 71 11 77 9 1 99 46 50 57 8 95 68 30 89 87 96 56 22 69 75 67 14 91 28 19 63 52 33 43 53 54 5 40 47 86 98 70 41 31 79 62 51 10 58 88 60 45 24 2 13 0 78 7 18 20 83 61 65 81 49 92 36 15 
TEST 76 ARG:41 6 56 67 95 33 58 59 96 77 14 75 61 23 73 48 82 85 30 1 70 32 99 9 11 4 24 0 10 68 2 76 63 86 40 8 87 65 84 26 18 69 16 12 72 88 47 92 64 81 50 54 80 31 57 52 28 36 93 44 15 55 13 49 53 3 43 90 19 22 51 21 17 46 5 37 27 7 42 39 45 91 25 66 38 35 78 94 98 62 20 89 29 34 83 60 97 74 71 79 
TEST 77 ARG:36 66 54 91 16 63 62 50 37 95 6 56 79 78 2 17 77 70 27 18 23 51 52 99 30 38 33 81 98 69 89 53 76 57 9 11 15 74 31 29 26 71 7 20 80 44 46 97 83 35 93 3 28 12 82 73 47 19 65 42 67 92 49 39 75 61 48 21 43 5 87 58 22 96 45 59 55 4 34 1 24 10 86 40 13 68 84 32 64 25 94 90 88 41 85 0 14 8 72 60 
TEST 78 ARG:3 91 20 78 24 47 67 94 80 82 29 57 40 71 6 51 37 43 99 90 58 64 59 28 11 68 72 76 38 66 83 23 73 12 27 7 4 18 31 41 19 84 97 56 79 54 42 13 16 14 53 44 63 39 75 55 35 74 10 48 60 81 25 77 49 1 50 69 93 36 0 89 70 21 2 45 96 98 65 85 95 92 9 34 8 88 52 26 15 62 30 33 22 61 17 87 32 5 46 86 
TEST 79 ARG:32 77 50 61 38 56 9 82 29 46 48 52 13 28 8 85 54 95 89 67 3 73 20 19 53 26 65 55 72 64 78 41 5 51 24 81 93 84 68 90 14 33 83 66 6 1 17 44 16 42 0 22 59 94 75 23 25 99 92 45 87 79 88 86 11 71 58 31 7 40 39 35 63 74 69 18 96 37 43 12 49 4 97 57 47 70 80 36 10 2 98 60 30 34 76 21 62 15 91 27 
TEST 80 ARG:18 28 90 57 87 19 62 99 75 0 29 25 39 54 60 37 82 81 51 67 32 48 85 88 63 15 72 38 92 68 10 27 42 71 4 34 79 44 55 30 94 50 13 26 93 14 58 1 33 17 45 35 24 86 91 7 3 56 70 12 40 61 96 83 46 74 8 53 84 77 11 76 16 6 98 23 80 97 52 41 22 36 69 65 21 47 89 9 43 64 95 66 78 31 49 73 5 59 20 2 
TEST 81 ARG:31 53 10 95 46 35 16 75 83 30 87 88 97 34 43 96 6 71 33 15 81 69 12 55 99 54 26 70 32 7 78 48 9 39 94 51 89 45 60 14 18 73 79 61 47 80 36 50 76 52 49 57 98 13 11 86 66 0 17 21 23 29 40 58 5 28 67 38 72 37 56 93 20 84 3 77 85 25 27 8 64 62 22 82 68 4 63 90 59 19 41 42 2 91 1 92 65 44 24 74 
TEST 82 ARG:20 50 26 55 28 64 3 54 21 87 37 44 90 22 2 73 51 95 40 56 92 88 89 62 43 38 32 77 98 19 35 80 86 25 60 14 41 47 49 30 74 29 91 10 24 45 27 52 84 82 78 97 96 12 67 39 11 9 13 34 61 18 59 31 0 66 46 94 76 8 23 36 5 71 15 4 79 72 81 99 57 68 17 16 69 70 48 58 65 75 63 85 93 83 53 1 6 7 33 42 
TEST 83 ARG:27 81 32 57 17 71 43 50 29 6 75 24 26 45 2 23 92 74 73 70 9 4 15 41 28 91 84 94 12 13 69 87 59 62 51 3 20 85 40 11 98 79 83 88 99 80 38 18 39 52 95 19 66 48 31 36 35 33 78 68 0 1 16 82 30 77 42 76 10 34 37 61 54 93 65 25 44 96 46 55 14 49 60 56 90 86 58 22 53 97 5 63 47 72 89 7 8 21 64 67 
TEST 84 ARG:88 0 29 86 93 38 68 45 64 60 34 12 13 42 77 78 18 20 80 37 3 44 81 8 10 48 67 31 63 27 49 56 73 82 11 62 51 65 14 47 92 85 53 4 71 76 35 25 99 22 32 94 55 50 52 54 79 2 9 21 59 23 91 69 58 33 16 96 24 5 26 46 97 40 15 57 28 17 19 61 90 72 1 83 39 98 84 95 89 7 6 70 43 36 30 41 87 75 74 66 
TEST 85 ARG:32 22 87 93 4 29 49 89 90 57 77 44 56 34 35 81 54 25 94 6 10 68 36 86 75 61 63 8 17 37 30 28 27 52 76 43 26 91 48 70 64 38 1 47 20 18 12 99 50 23 53 42 31 71 11 51 14 21 62 98 78 84 72 24 58 41 85 88 15 16 80 19 83 60 97 13 5 39 69 65 9 92 73 59 79 82 7 33 3 45 96 67 2 0 55 74 66 40 95 46 
TEST 86 ARG:27 56 47 32 39 26 73 20 74 29 96 90 87 69 99 68 49 92 59 21 16 91 84 93 48 67 5 10 76 9 7 88 80 94 19 24 45 1 82 97 62 65 8 36 61 72 28 54 25 17 55 63 42 35 58 2 12 4 89 34 3 51 6 75 66 64 60 38 43 86 18 30 57 31 22 15 70 77 23 33 50 95 79 11 85 78 71 81 0 53 98 52 41 46 83 37 40 44 14 13 
TEST 87 ARG:9 54 91 18 46 14 6 24 29 85 5 92 83 68 66 95 50 72 37 84 96 62 13 45 80 73 70 75 86 8 28 3 26 81 17 30 12 61 53 78 36 94 0 32 59 25 52 89 41 43 11 20 65 82 33 19 74 10 77 7 16 42 60 34 47 97 48 4 39 93 22 58 67 64 31 1 51 90 2 57 71 35 79 40 38 15 56 98 55 99 76 21 87 69 88 49 44 63 27 23 
TEST 88 ARG:45 13 76 7 85 28 93 83 33 44 58 3 50 15 46 10 63 80 29 4 66 8 57 16 97 41 82 2 88 87 17 92 71 42 48 37 68 51 1 77 67 61 84 22 36 81 31 96 99 25 39 52 12 23 60 27 18 19 98 74 11 38 21 65 64 95 30 89 26 69 54 79 59 6 40 55 0 94 62 35 70 56 53 9 72 14 49 86 78 5 34 90 32 47 20 73 91 24 43 75 
TEST 89 ARG:63 28 2 45 65 58 4 39 85 94 26 0 43 21 76 8 46 1 48 53 5 77 14 97 75 57 79 32 30 42 95 22 13 47 98 12 36 17 62 83 50 11 70 69 74 15 89 16 72 67 34 87 56 86 19 37 18 35 29 99 52 93 33 80 24 20 7 91 82 23 88 38 27 73 54 31 25 51 61 59 66 81 40 92 60 84 10 3 41 90 71 55 49 78 96 9 68 6 64 44 
TEST 90 ARG:83 85 6 43 86 29 63 5 1 48 71 94 53 69 38 15 20 9 17 76 59 61 40 65 82 75 0 3 24 21 46 92 23 54 77 96 79 90 27 36 68 98 74 70 93 7 19 57 62 78 26 33 55 51 87 16 12 31 88 32 81 45 49 25 18 50 44 84 89 13 80 52 8 14 56 39 35 97 37 30 11 58 73 72 95 2 64 42 99 4 67 10 41 28 22 47 34 91 66 60 
TEST 91 ARG:20 41 96 1 61 19 73 93 64 7 6 51 13 2 15 31 91 27 60 89 36 84 25 99 8 26 46 92 71 78 16 59 56 40 9 66 45 24 83 3 79 38 5 22 74 58 82 76 39 34 47 54 11 75 33 4 63 49 12 42 48 68 32 18 55 62 72 81 10 77 57 69 65 67 90 97 37 50 86 52 0 30 70 21 35 87 85 17 23 28 44 80 53 43 14 94 29 98 88 95 
TEST 92 ARG:72 3 56 78 64 1 34 61 80 83 71 73 76 44 93 96 60 21 29 89 49 70 94 91 9 87 45 47 40 77 26 97 13 22 5 23 88 59 12 14 38 90 68 48 75 85 92 0 11 43 81 63 32 82 7 19 8 18 42 51 35 50 99 65 84 6 24 4 39 66 16 55 46 15 57 28 79 25 37 36 30 41 31 67 52 58 2 86 17 69 62 53 33 98 95 74 20 54 10 27 
TEST 93 ARG:34 73 99 10 41 63 7 35 48 89 28 60 4 32 67 95 80 16 38 53 52 94 93 61 30 44 9 3 0 55 2 22 39 27 18 88 14 20 69 15 64 98 62 49 19 54 92 36 75 33 8 31 11 26 57 97 96 71 40 59 43 46 65 47 66 84 17 37 87 91 21 1 51 23 74 90 56 82 50 86 42 85 58 68 24 70 13 6 83 77 45 76 79 78 5 25 72 12 29 81 
TEST 94 ARG:60 74 14 12 89 81 72 90 75 87 22 67 77 31 34 26 80 38 59 37 79 97 6 96 78 88 82 9 57 1 61 25 76 7 43 33 94 50 35 54 98 49 73 32 95 64 20 41 44 63 42 4 13 30 53 39 0 48 40 84 27 46 3 86 51 16 18 19 91 93 56 99 29 10 65 15 5 69 28 21 58 8 70 52 2 17 68 47 45 85 83 71 23 24 92 62 66 11 36 55 
TEST 95 ARG:82 58 18 59 69 24 89 56 95 16 79 34 6 87 99 57 72 39 41 42 3 77 93 31 15 67 50 46 92 8 83 68 40 48 51 20 44 10 66 86 91 9 94 63 4 65 81 32 54 25 30 2 36 55 45 1 60 90 73 27 64 97 43 76 28 37 7 21 88 23 29 33 61 22 71 5 62 53 26 19 98 78 17 11 47 38 13 80 14 52 12 75 85 0 35 74 84 70 49 96 
TEST 96 ARG:26 35 81 68 7 21 52 64 36 15 34 73 32 33 25 3 13 27 48 37 80 43 18 83 67 70 89 79 16 29 60 53 76 22 9 23 92 10 44 93 85 8 77 75 97 61 6 59 98 57 96 0 46 99 14 42 74 49 39 71 51 72 30 17 2 56 40 54 63 45 38 91 12 87 24 41 47 5 69 28 84 11 55 88 20 4 65 1 90 86 19 82 58 62 94 78 31 50 66 95 
TEST 97 ARG:28 71 44 34 63 93 95 21 65 57 0 68 24 25 73 46 52 2 76 81 40 16 41 23 75 4 99 67 92 7 58 17 80 50 38 61 94 35 27 60 86 78 66 33 77 1 3 12 9 26 11 6 90 5 49 97 56 31 70 91 72 98 29 84 54 64 82 47 88 18 42 79 51 53 15 87 39 13 14 59 19 83 30 69 48 10 36 43 85 89 8 32 55 74 37 62 20 96 45 22 
TEST 98 ARG:9 40 32 6 95 89 70 78 86 26 72 77 56 71 24 76 25 15 42 99 82 1 30 63 92 44 38 97 23 47 10 94 46 55 19 51 20 79 48 7 75 8 43 61 0 22 54 11 74 90 87 85 93 31 59 34 35 39 80 50 5 36 28 60 2 68 49 3 66 98 91 52 69 73 14 17 53 4 64 21 37 45 41 16 58 33 12 84 67 29 88 27 57 81 96 83 13 62 18 65 
TEST 99 ARG:98 91 20 72 39 9 83 53 88 44 82 90 96 62 89 18 34 73 3 59 68 57 58 47 19 2 12 56 32 31 15 36 75 16 29 74 0 4 52 22 97 35 60 33 64 78 13 95 23 80 50 92 49 38 43 87 67 81 93 63 42 66 71 45 48 70 26 84 79 99 46 28 94 54 21 65 27 51 11 76 85 61 24 14 30 55 10 5 17 86 41 69 8 6 37 1 7 25 40 77 
TEST 100 ARG:43 79 52 16 36 41 42 29 92 56 37 46 62 58 64 59 87 40 91 89 94 73 49 15 20 33 69 51 97 2 32 7 4 99 98 10 65 75 72 26 38 84 77 9 44 53 11 95 21 88 74 0 67 22 24 54 85 8 83 93 68 25 34 76 63 80 5 45 27 81 70 31 35 60 86 61 57 19 47 48 82 18 90 1 39 23 96 55 13 12 66 14 17 30 78 50 71 6 3 28 
TEST 101 ARG:36 65 32 21 38 13 9 4 61 89 74 85 59 93 40 1 5 88 45 73 92 81 67 7 71 29 0 64 72 24 55 52 75 18 23 51 94 8 96 3 28 63 39 41 47 15 98 43 16 60 79 84 87 49 80 77 31 83 17 10 95 35 66 90 46 30 78 11 22 33 82 50 62 2 14 19 6 99 53 56 44 42 54 97 48 69 57 20 68 58 27 37 86 25 34 76 26 91 12 70 
TEST 102 ARG:54 20 78 15 64 85 79 26 82 13 43 29 18 34 72 19 40 53 59 97 35 63 48 36 65 88 89 5 31 81 38 60 14 12 17 93 3 42 7 56 33 96 70 46 30 67 58 2 62 77 8 39 44 9 61 84 22 92 28 76 4 90 91 98 49 10 75 69 47 95 41 52 11 73 23 27 71 0 94 57 21 55 80 6 50 16 24 37 99 25 68 74 45 32 1 66 51 83 86 87 
TEST 103 ARG:21 62 82 48 29 55 54 51 38 1 96 25 58 85 98 7 32 87 43 2 5 15 72 67 81 91 57 12 34 26 66 39 50 27 41 84 71 99 92 0 93 73 8 64 30 78 95 89 13 65 37 6 40 44 23 88 59 77 75 86 63 97 10 3 9 56 31 70 22 79 61 74 14 11 46 49 17 4 24 68 80 69 53 33 90 60 36 35 83 52 19 16 94 18 42 28 20 45 47 76 
TEST 104 ARG:60 78 39 54 80 64 31 58 45 11 25 19 65 14 16 61 1 72 30 7 68 49 27 73 85 90 46 38 94 74 89 23 86 84 4 5 71 18 33 15 57 75 12 17 99 52 42 21 51 53 13 50 83 87 96 36 98 76 62 91 41 67 97 32 28 93 55 20 29 82 70 95 0 43 26 79 9 88 77 92 3 10 37 69 22 48 35 56 6 81 8 44 66 24 63 59 47 40 2 34 
TEST 105 ARG:53 60 13 48 59 15 52 92 96 14 20 18 12 21 82 89 32 9 10 57 95 36 8 50 58 81 37 3 0 86 44 67 25 16 83 93 31 74 76 34 56 62 73 29 90 94 71 2 24 61 38 69 77 45 46 99 22 42 97 87 11 70 85 41 39 26 91 72 51 65 78 40 55 17 7 47 79 27 28 1 63 49 43 64 6 35 80 68 75 33 88 23 4 54 84 98 5 19 66 30 
TEST 106 ARG:69 43 79 85 54 24 91 80 53 60 81 61 96 27 35 63 40 75 8 36 93 65 41 95 64 82 22 31 98 59 4 44 30 28 29 99 83 58 90 62 97 38 3 13 78 51 34 45 84 77 1 2 46 55 17 39 89 49 50 76 66 87 47 11 88 18 70 52 94 0 19 7 72 9 14 32 37 57 86 33 5 6 42 92 74 26 12 73 71 56 20 16 25 15 10 21 68 67 48 23 
TEST 107 ARG:60 86 25 18 19 64 98 1 15 88 51 0 72 87 89 32 9 59 27 53 91 61 14 40 30 63 49 58 6 90 74 75 52 43 11 20 8 48 36 95 54 23 26 83 47 17 76 39 34 35 99 62 79 55 70 13 31 65 56 24 28 21 10 3 84 2 96 46 12 45 50 33 66 71 92 5 73 38 37 42 80 7 57 69 77 93 29 85 78 41 68 4 82 97 67 81 16 94 44 22 
TEST 108 ARG:55 7 53 76 41 43 19 26 81 69 30 92 5 21 94 35 52 57 34 84 75 29 72 89 59 87 56 10 91 32 33 31 90 17 99 62 3 16 47 64 27 2 50 18 67 98 58 39 93 54 70 22 42 25 9 95 82 12 65 24 14 77 48 0 49 79 11 23 51 44 20 66 4 73 78 88 61 74 80 38 15 71 37 13 68 45 1 46 97 60 85 63 40 83 28 36 86 6 96 8 
TEST 109 ARG:31 76 60 94 26 3 67 62 58 68 49 80 10 32 11 77 17 12 91 71 83 89 92 78 35 98 74 54 95 56 18 88 1 39 48 79 8 50 57 90 65 93 33 38 40 15 64 87 84 9 70 44 55 97 22 72 99 21 86 47 59 42 63 2 61 45 85 23 36 73 43 29 25 4 0 5 13 6 19 7 27 16 82 52 51 46 66 34 81 20 53 30 24 37 96 28 75 14 69 41 
TEST 110 ARG:26 87 90 12 46 51 72 89 45 97 86 19 68 69 7 21 35 31 30 94 39 14 57 52 49 44 81 82 67 24 54 33 61 83 23 20 28 84 56 36 64 88 43 18 38 42 11 95 66 47 74 76 73 1 92 5 13 29 22 99 77 71 91 17 62 3 59 58 27 15 70 93 8 9 37 63 48 34 25 32 98 80 60 75 0 78 41 2 96 55 85 10 50 53 16 65 6 79 4 40 
TEST 111 ARG:67 27 96 93 71 83 98 95 86 32 79 36 48 87 25 51 23 44 2 54 78 4 72 15 16 90 73 41 62 17 99 0 37 6 92 70 40 61 68 58 28 24 64 56 31 35 65 46 66 12 42 85 14 33 26 88 21 38 94 77 75 74 29 20 89 60 22 18 81 80 97 53 19 39 13 59 8 3 30 1 7 10 63 82 49 69 5 9 55 45 84 11 43 91 57 52 34 76 50 47 
TEST 112 ARG:62 1 30 47 67 79 99 28 96 3 51 4 57 45 61 84 81 35 43 90 24 70 31 86 93 73 21 38 89 54 34 76 97 75 33 55 77 2 39 82 44 58 5 9 0 85 29 18 13 59 36 48 22 66 19 15 49 91 65 98 8 50 71 32 27 68 12 92 56 40 87 25 37 7 42 72 78 11 80 23 17 95 83 88 52 14 26 20 69 94 74 64 46 6 10 53 41 63 16 60 
TEST 113 ARG:73 88 80 1 14 95 70 43 60 91 8 29 94 85 59 93 61 84 66 82 62 69 56 98 37 50 13 10 34 26 3 40 4 24 48 46 90 38 36 51 79 65 31 97 63 15 32 20 78 21 28 33 22 86 47 19 18 0 92 2 49 75 16 17 74 39 45 12 64 41 72 42 53 71 35 99 5 27 23 58 44 81 87 54 7 25 30 89 83 11 77 9 52 6 57 68 76 55 67 96 
TEST 114 ARG:3 49 9 37 54 70 31 72 12 53 57 76 67 19 85 24 61 82 52 93 66 79 55 18 39 75 77 0 21 33 47 88 71 78 74 94 2 96 38 59 92 68 10 48 86 17 4 26 95 28 97 90 30 14 36 98 7 73 83 91 8 89 1 25 69 29 80 51 23 22 50 5 11 6 27 56 34 84 87 62 35 44 15 16 40 60 45 42 65 64 43 58 41 13 99 63 46 20 81 32 
TEST 115 ARG:38 1 65 80 90 33 66 2 34 43 42 20 22 35 23 9 25 94 14 74 64 6 70 57 72 39 77 15 92 5 87 97 76 78 30 0 24 79 12 28 99 49 59 98 89 68 47 3 46 31 32 85 95 29 69 36 8 17 40 13 71 11 45 60 52 81 91 50 56 62 27 84 88 75 55 63 19 44 67 7 48 61 54 51 18 82 93 26 58 37 86 53 96 73 41 4 16 83 21 10 
TEST 116 ARG:33 74 14 56 89 21 27 6 2 11 76 40 90 88 48 55 66 52 63 84 15 9 0 78 42 39 83 94 38 20 91 86 75 45 68 8 31 19 34 95 28 96 59 79 41 1 50 80 67 93 5 54 69 37 47 62 18 29 77 53 87 49 44 64 71 51 85 26 17 25 32 46 65 35 97 60 57 73 16 61 10 24 98 12 82 30 4 70 7 3 36 22 99 43 72 13 92 81 23 58 
TEST 117 ARG:76 66 38 75 85 68 72 12 86 11 43 18 1 29 30 23 88 55 65 0 19 73 64 74 31 61 8 82 16 69 62 92 95 37 24 25 3 98 36 59 2 70 20 40 84 48 9 49 47 46 4 53 10 17 77 6 67 79 80 32 83 87 91 52 54 99 42 94 41 89 71 50 15 78 26 35 13 58 28 34 39 5 63 51 57 60 97 93 21 90 45 81 56 27 22 96 7 44 33 14 
TEST 118 ARG:57 98 39 0 59 75 70 19 37 90 46 77 97 55 79 29 40 24 32 63 7 38 35 52 92 33 76 31 51 89 36 26 64 96 16 73 53 44 27 12 61 15 18 62 2 6 42 49 45 50 99 41 54 80 25 34 1 58 4 67 74 43 94 47 78 9 69 72 13 8 22 71 11 17 60 30 82 28 56 84 91 88 14 5 86 81 95 65 20 21 66 87 68 85 3 48 10 83 93 23 
TEST 119 ARG:48 88 75 24 29 27 40 62 86 91 93 16 10 31 71 74 0 99 51 9 90 4 42 89 11 17 28 66 54 73 50 64 84 26 68 49 77 38 52 53 43 32 67 76 18 56 25 35 37 60 59 6 7 98 69 21 22 81 83 61 63 34 19 3 14 82 44 47 85 20 8 65 13 1 45 70 36 92 78 15 2 12 94 30 97 57 39 95 79 96 87 5 33 55 41 23 58 72 80 46 
TEST 120 ARG:91 37 56 92 38 63 44 4 85 26 79 97 36 70 7 73 87 33 48 66 81 65 13 53 59 3 1 76 58 41 23 95 57 94 69 31 30 80 9 10 17 47 54 74 64 82 78 67 19 83 24 89 5 20 40 50 11 34 61 60 77 29 55 98 88 8 43 72 16 39 45 15 12 46 14 52 25 90 86 75 2 0 18 35 62 84 71 32 96 93 28 6 27 22 49 21 99 68 42 51 
TEST 121 ARG:83 65 55 34 27 17 72 63 42 16 71 29 24 49 99 45 68 7 41 31 1 81 82 21 66 5 48 10 91 38 95 89 96 37 26 6 54 20 3 36 15 46 60 35 30 74 39 88 23 78 28 51 32 11 56 75 92 77 86 53 22 87 40 2 64 76 50 73 98 84 58 33 44 18 25 8 70 43 52 79 47 80 94 69 12 57 97 0 85 61 90 62 93 19 4 67 14 13 9 59 
TEST 122 ARG:49 40 4 32 36 89 51 92 22 20 91 57 86 72 11 15 25 42 77 93 43 60 82 46 99 59 69 63 78 80 76 71 30 88 10 53 67 55 9 16 41 31 18 17 64 50 47 70 85 6 95 29 28 54 33 14 87 94 7 26 97 39 58 65 12 13 79 8 81 98 75 27 62 23 37 83 73 44 3 38 56 68 2 5 45 19 0 24 34 52 1 21 84 74 96 61 35 48 66 90 
TEST 123 ARG:94 75 70 15 97 7 93 56 13 6 43 51 64 55 81 4 17 66 46 90 53 32 0 80 60 52 12 83 79 31 85 44 23 89 37 45 76 41 9 27 77 84 82 57 48 18 50 42 26 5 49 47 38 87 65 8 3 72 78 16 86 71 95 74 20 36 99 2 22 21 40 88 35 19 91 24 96 92 68 30 63 67 98 34 59 62 11 28 54 69 58 73 61 14 29 1 33 25 10 39 
TEST 124 ARG:68 56 65 9 66 67 31 30 95 78 23 0 77 82 63 98 13 16 79 89 81 37 69 71 91 21 47 60 85 29 53 59 99 62 48 41 51 3 94 55 19 88 93 58 75 44 14 61 76 11 35 4 20 38 27 43 32 46 33 7 10 12 84 15 50 54 40 28 34 22 5 97 52 72 64 18 42 80 57 1 2 17 90 36 92 73 96 87 45 86 39 24 70 25 8 49 74 26 6 83 
TEST 125 ARG:21 90 63 81 84 93 14 0 56 85 88 54 39 37 64 83 78 70 42 74 98 75 25 20 92 80 4 71 57 31 49 30 18 51 12 46 67 10 91 22 66 41 96 69 2 55 16 32 15 23 29 5 72 36 6 27 95 53 24 44 61 73 35 34 11 9 3 38 13 17 33 87 99 43 59 94 60 45 86 89 76 8 47 82 79 1 68 52 7 50 77 62 48 28 19 26 40 65 97 58 
TEST 126 ARG:9 66 21 73 83 42 53 28 99 29 90 88 54 81 97 3 45 85 77 87 11 2 70 47 50 1 8 49 61 78 44 76 17 22 20 72 0 19 38 93 91 37 52 41 94 60 59 31 92 79 46 13 16 18 33 36 57 84 58 69 39 15 30 40 12 86 82 35 27 7 6 14 26 68 96 48 43 64 80 24 34 5 75 98 89 71 65 56 25 74 32 10 95 62 55 51 23 63 67 4 
TEST 127 ARG:56 33 86 40 72 75 92 52 91 70 12 31 22 95 78 73 62 46 1 80 35 76 3 71 6 14 23 11 34 59 69 10 2 84 60 13 64 19 54 5 96 18 50 21 15 9 58 82 28 55 51 4 0 41 87 94 45 42 85 38 65 43 20 88 37 16 36 49 17 63 44 81 32 48 74 89 57 67 61 66 77 53 25 79 27 8 7 98 93 90 29 24 83 47 99 30 97 68 26 39 
TEST 128 ARG:85 40 99 95 39 56 3 10 69 64 15 4 70 1 2 28 5 19 82 74 17 71 88 34 48 12 30 73 25 13 57 91 92 38 36 24 46 66 78 45 9 53 62 83 31 11 68 16 94 0 22 47 72 23 65 80 93 32 7 79 18 63 29 37 20 21 61 51 49 6 26 35 43 96 60 54 76 84 50 77 90 44 52 81 58 98 87 33 41 42 27 59 55 75 8 67 97 14 86 89 
TEST 129 ARG:50 78 14 33 94 75 70 46 56 38 15 17 4 41 49 1 42 48 22 92 24 59 57 72 20 27 60 79 86 53 69 97 8 90 81 13 2 40 19 76 83 43 10 7 37 3 26 18 31 66 6 68 55 47 45 80 30 36 12 9 52 65 51 82 11 32 88 23 28 58 93 5 96 95 21 74 71 63 29 16 67 64 91 73 0 99 61 25 85 44 39 77 87 98 34 89 62 54 84 35 
TEST 130 ARG:97 85 28 15 24 72 51 65 21 84 48 52 44 8 37 6 63 31 0 74 11 25 26 4 32 38 95 43 9 66 36 69 60 22 18 7 14 68 10 16 64 77 75 71 88 89 5 54 47 13 1 59 34 53 94 2 17 99 19 92 73 50 58 80 40 91 62 61 93 98 87 3 70 45 67 27 30 82 49 39 56 90 29 86 35 33 81 46 20 79 23 41 83 12 55 76 57 42 96 78 
TEST 131 ARG:71 93 53 49 5 46 43 16 26 97 44 42 0 20 87 68 29 31 41 23 86 34 82 24 6 98 35 60 79 47 81 89 76 96 37 62 51 99 45 92 8 66 56 2 11 17 88 55 54 94 4 90 30 70 64 83 91 85 33 73 36 65 57 18 39 74 7 80 38 12 63 22 19 10 13 3 61 84 28 25 14 69 15 40 1 77 48 21 75 95 32 9 58 78 52 50 27 59 67 72 
TEST 132 ARG:14 57 77 47 38 17 42 15 50 46 85 6 30 7 21 26 53 92 68 35 44 87 84 49 25 9 54 41 96 40 62 3 98 71 2 39 89 13 56 70 55 83 34 65 91 20 95 11 18 29 72 37 5 12 28 27 63 43 52 59 16 48 10 82 51 86 74 1 67 76 94 36 81 93 73 75 88 99 24 0 22 66 32 97 60 79 80 31 19 8 33 23 4 58 78 64 69 61 90 45 
TEST 133 ARG:66 96 85 55 22 3 6 93 79 48 54 74 17 50 69 61 9 89 80 40 28 37 19 98 31 20 30 21 58 47 12 16 0 41 49 13 38 36 56 33 25 51 65 90 99 1 46 10 83 44 43 81 60 7 70 64 57 26 92 42 34 62 77 86 87 91 45 84 39 68 63 32 88 67 95 11 35 18 82 75 53 73 8 76 4 23 2 27 24 14 72 94 97 78 71 15 52 29 59 5 
TEST 134 ARG:94 0 54 18 64 93 6 46 87 99 2 70 92 22 96 56 71 20 49 60 23 85 74 16 31 59 83 19 53 80 84 41 4 24 61 47 82 69 39 17 76 78 34 97 65 73 44 29 66 45 33 13 32 40 62 37 89 51 50 77 43 27 58 28 67 38 75 35 3 81 42 9 26 52 7 12 63 21 15 68 5 98 48 72 10 14 55 95 90 1 91 25 86 8 88 57 11 79 30 36 
TEST 135 ARG:48 57 88 27 20 62 8 22 18 76 64 1 44 0 61 10 87 31 63 13 78 25 37 28 34 26 81 3 14 55 97 38 45 53 30 24 58 54 46 9 74 15 96 92 21 75 85 32 49 16 5 7 47 94 35 91 2 39 84 72 42 65 77 12 68 43 23 60 66 90 69 17 73 93 52 41 86 80 82 71 99 51 95 29 6 59 56 11 33 79 83 4 89 36 19 40 70 50 67 98 
TEST 136 ARG:42 71 66 1 52 29 68 69 67 47 59 10 35 51 26 41 87 45 78 4 32 92 2 34 40 83 38 33 22 21 9 81 54 39 79 53 30 23 15 44 5 72 28 3 94 8 93 57 14 63 11 98 76 46 36 19 16 96 82 62 27 97 84 70 89 73 20 85 86 91 74 77 99 64 90 50 13 60 43 80 18 58 25 0 12 65 55 6 75 95 24 48 56 49 88 7 31 61 17 37 
TEST 137 ARG:78 44 63 53 40 68 83 1 58 11 76 38 99 28 27 7 74 30 33 50 24 42 3 77 10 93 14 88 25 66 54 56 17 32 35 67 62 85 26 12 6 84 37 71 29 86 82 97 41 9 48 81 22 73 72 39 60 0 91 19 90 23 75 52 18 96 64 69 65 49 80 20 70 79 47 55 87 16 34 51 13 61 5 46 89 59 8 2 94 95 98 92 21 36 43 31 57 4 45 15 
TEST 138 ARG:92 72 88 66 23 78 21 94 75 29 30 41 82 43 24 15 90 10 1 13 22 59 34 25 74 80 96 42 76 4 18 38 35 0 50 39 16 27 98 89 31 44 49 63 77 70 20 46 55 8 60 47 52 28 17 11 5 99 73 56 7 91 19 48 3 6 79 85 2 53 45 36 65 57 81 37 54 9 62 14 93 58 97 87 69 26 84 68 67 33 32 86 95 64 83 71 40 61 12 51 
TEST 139 ARG:13 42 90 75 91 64 89 36 86 56 84 15 32 68 19 71 76 16 69 52 43 9 51 14 38 82 66 0 96 81 25 60 67 3 55 35 79 63 23 87 21 5 29 18 59 10 99 22 88 27 80 37 83 70 45 47 97 41 34 17 30 78 77 61 58 65 98 31 39 44 73 48 85 74 1 57 93 33 11 46 4 62 53 28 24 12 6 7 92 26 94 50 40 49 95 2 8 54 72 20 
TEST 140 ARG:31 73 70 91 8 46 62 26 49 77 1 4 71 61 80 28 98 78 29 33 83 16 10 64 22 39 34 41 7 57 40 75 20 13 19 95 44 24 96 58 76 54 32 27 97 14 94 74 15 52 72 25 66 38 50 82 9 3 84 55 90 60 99 42 89 63 21 56 92 47 12 85 81 43 68 11 5 18 0 93 45 88 30 59 53 23 48 2 65 79 36 6 17 67 35 86 37 69 51 87 
TEST 141 ARG:40 91 51 48 57 93 46 7 2 95 69 58 32 77 87 19 79 25 42 30 29 5 86 72 71 15 8 9 43 78 4 22 82 11 68 88 36 97 84 20 81 44 94 64 28 0 90 60 21 13 47 23 83 50 75 61 80 52 1 99 63 53 74 56 12 14 67 3 49 35 41 10 45 59 70 39 89 54 34 24 33 73 65 27 6 85 38 55 16 31 17 18 66 26 62 98 76 92 37 96 
TEST 142 ARG:62 77 32 28 4 1 58 17 18 92 98 75 31 95 84 24 39 65 63 19 66 44 36 57 7 48 33 15 42 12 91 82 80 70 90 87 72 83 38 16 67 89 71 43 93 86 30 23 56 68 60 6 21 79 46 29 94 50 14 81 99 74 41 27 35 8 9 25 11 45 3 22 53 59 69 88 40 54 52 73 10 76 2 64 97 34 49 96 13 0 61 78 5 20 47 37 26 55 51 85 
TEST 143 ARG:91 98 65 79 0 99 66 7 87 8 93 68 10 43 29 4 85 26 97 76 69 16 60 25 90 40 86 89 23 9 44 62 57 53 2 82 88 18 39 80 37 27 83 42 73 58 6 78 22 49 46 41 71 34 59 67 64 96 56 13 3 38 19 81 36 24 74 63 33 28 32 61 50 72 14 45 1 30 94 47 54 31 95 75 92 35 17 84 20 70 51 52 21 15 12 11 5 77 55 48 
TEST 144 ARG:25 68 35 7 88 94 99 46 86 62 41 82 19 38 10 92 32 53 13 1 63 54 8 43 74 98 6 20 70 30 24 56 40 90 96 95 47 58 55 9 42 26 29 72 39 61 14 45 18 60 17 91 31 34 78 64 93 66 22 85 83 79 27 97 89 73 67 57 4 16 0 80 69 87 2 77 37 33 44 36 15 11 28 75 52 5 21 81 76 48 12 49 84 51 50 59 71 23 65 3 
TEST 145 ARG:11 2 50 82 64 70 23 78 16 47 73 51 62 35 36 93 53 15 83 75 89 87 32 21 0 97 67 44 74 41 25 96 52 34 40 27 57 4 30 29 8 65 58 80 88 69 28 7 54 72 42 55 3 86 5 49 31 56 9 99 60 24 45 84 17 33 85 76 12 98 92 71 95 94 6 68 13 18 19 10 81 26 63 1 91 90 46 59 61 20 14 79 77 43 66 38 22 37 48 39 
TEST 146 ARG:25 9 69 37 20 68 47 8 35 79 71 73 98 70 66 82 15 97 54 18 30 44 62 90 60 72 14 23 32 74 7 2 6 38 76 5 3 51 81 84 95 21 10 48 53 83 42 29 80 78 43 63 56 27 36 49 61 13 50 93 22 46 85 92 55 12 67 40 94 34 52 17 88 31 41 91 39 58 87 75 57 99 59 77 19 26 86 33 16 28 64 89 45 0 24 1 4 65 11 96 
TEST 147 ARG:75 49 43 66 40 32 51 42 85 3 46 11 87 27 6 39 93 62 57 9 55 12 70 29 15 76 17 60 21 90 34 94 77 73 84 88 13 96 58 53 54 92 26 61 78 16 91 31 36 97 99 86 38 10 81 41 14 83 98 80 82 23 18 63 56 30 22 25 59 7 20 24 45 74 33 69 0 8 4 89 35 65 48 47 68 95 37 5 71 79 67 28 72 64 19 44 52 2 1 50 
TEST 148 ARG:0 57 14 69 23 95 53 8 25 94 28 83 31 41 17 46 26 30 1 58 18 44 6 56 75 76 68 65 2 82 3 67 15 90 43 29 27 91 71 42 85 50 40 92 4 39 93 52 7 78 48 97 5 24 51 86 74 10 87 47 21 38 12 84 37 66 62 61 32 34 63 99 80 77 79 96 45 64 22 72 13 35 81 19 20 36 73 89 59 55 9 49 88 98 33 11 70 54 16 60 
TEST 149 ARG:8 58 15 10 76 42 43 93 81 87 11 59 62 77 25 14 82 29 68 72 3 52 73 85 23 19 44 60 51 9 38 26 74 55 13 71 40 37 6 69 84 20 24 17 75 80 53 12 66 47 7 32 41 95 46 16 4 50 35 83 39 79 78 65 18 63 28 98 34 57 89 5 90 67 54 97 61 96 88 99 31 30 86 56 48 64 2 91 22 70 49 45 27 0 36 92 94 33 21 1 
TEST 150 ARG:36 78 3 43 27 33 29 42 50 11 76 71 41 59 46 5 49 77 54 40 72 48 0 17 66 26 35 61 67 47 73 97 90 24 95 81 23 98 4 14 88 57 75 16 18 8 68 34 80 96 86 64 9 12 1 85 60 44 84 30 39 15 91 45 19 10 63 25 79 62 2 58 7 51 55 87 37 65 52 22 38 56 93 99 13 28 89 82 20 6 31 69 21 83 53 92 32 74 94 70 
TEST 151 ARG:89 87 78 95 38 47 22 48 73 86 99 45 96 30 8 36 7 92 12 75 63 11 39 32 90 56 94 3 34 64 66 0 5 43 62 28 10 69 21 18 85 50 6 9 16 93 40 13 52 51 46 15 80 81 77 42 19 24 17 20 83 65 29 27 79 44 76 84 41 55 61 98 60 54 57 67 68 91 31 88 33 59 26 97 82 25 53 72 58 2 74 49 23 70 14 35 4 71 1 37 
TEST 152 ARG:98 94 53 80 48 15 50 3 62 9 81 30 21 14 63 22 74 16 24 28 67 27 82 76 44 7 6 20 89 40 45 38 54 25 11 39 91 0 75 68 66 12 32 33 47 46 77 61 69 35 90 18 92 58 64 51 57 87 42 60 52 13 4 49 93 31 55 73 84 26 23 36 17 43 29 37 78 65 95 2 70 72 79 86 88 56 10 83 34 97 59 5 1 41 85 8 71 96 99 19 
TEST 153 ARG:96 71 10 17 32 66 12 94 42 97 39 52 62 26 3 19 5 47 8 15 6 61 76 51 21 55 50 28 7 85 9 23 65 54 14 77 92 20 79 48 36 67 40 68 41 37 46 4 70 29 63 34 57 43 35 83 25 82 30 72 18 2 81 84 59 69 93 80 78 86 95 58 56 0 90 22 33 75 87 91 16 73 89 98 44 53 24 31 11 64 45 27 38 13 99 49 74 1 88 60 
TEST 154 ARG:31 65 84 66 67 60 42 83 46 54 49 34 50 56 36 3 63 27 85 28 37 92 11 64 68 16 0 38 62 76 89 95 2 69 14 80 12 26 58 71 87 40 7 35 99 94 90 44 88 96 98 39 93 43 61 91 47 13 32 17 24 21 48 78 10 23 82 33 4 97 9 25 72 19 77 29 79 51 74 53 86 41 75 15 6 52 59 8 1 73 55 5 20 30 45 18 70 22 57 81 
TEST 155 ARG:34 90 43 8 18 24 10 42 15 78 4 94 63 70 64 74 72 21 9 95 49 57 28 67 86 62 75 73 11 46 58 87 44 5 96 48 33 22 26 61 35 97 40 27 54 37 80 45 53 12 83 52 79 66 85 0 69 32 20 99 89 65 51 30 98 16 81 7 13 19 31 47 29 38 92 39 59 68 93 23 91 55 84 71 76 50 60 82 17 77 25 2 88 36 6 41 3 56 14 1 
TEST 156 ARG:26 27 17 92 13 65 16 62 82 48 79 67 76 9 64 42 50 78 29 28 33 21 47 18 68 74 45 69 24 66 58 73 38 10 60 90 20 54 56 61 11 34 44 32 87 37 96 43 53 6 41 71 57 99 52 55 93 14 80 72 12 77 35 75 51 86 81 7 89 0 59 23 95 84 8 83 49 91 4 1 63 19 3 88 40 85 39 5 2 97 22 94 70 30 25 36 46 31 15 98 
TEST 157 ARG:99 38 84 2 58 59 10 64 77 78 27 5 61 54 63 72 91 23 88 1 62 36 80 19 20 45 47 90 93 18 73 39 68 30 24 74 85 8 92 79 11 65 12 67 71 29 49 81 33 43 7 32 31 53 4 34 46 69 44 98 57 56 16 15 52 28 66 48 87 25 76 22 83 35 26 6 14 51 42 86 0 50 95 37 89 60 13 55 97 82 70 75 94 41 17 96 21 9 40 3 
TEST 158 ARG:8 74 79 38 6 85 92 31 82 5 39 86 44 62 60 59 58 22 9 45 64 93 20 50 98 78 53 11 55 88 28 34 80 29 73 63 89 99 66 0 90 54 18 4 14 24 15 71 3 19 76 72 49 41 12 70 21 16 23 10 75 37 81 52 96 33 32 17 91 42 68 57 69 83 95 97 65 87 1 61 56 94 48 67 13 2 47 26 36 51 27 25 30 46 43 7 35 84 40 77 
TEST 159 ARG:82 95 68 35 99 87 77 45 78 57 65 29 92 98 80 86 69 83 54 23 40 11 58 74 42 47 22 66 61 10 31 27 14 67 41 37 79 9 72 1 38 53 44 59 24 36 15 50 70 97 17 7 90 49 93 56 19 30 64 34 88 73 8 43 85 52 48 21 13 39 96 91 18 3 62 25 16 55 12 4 33 75 46 60 28 5 63 89 71 26 20 0 51 6 81 94 84 2 32 76 
TEST 160 ARG:71 72 6 3 0 73 75 4 7 43 27 55 29 23 54 91 62 22 9 69 1 24 48 89 64 14 51 84 5 96 76 39 31 52 46 40 85 59 34 2 18 47 88 70 57 30 16 25 45 63 33 15 37 26 44 68 78 93 56 65 87 11 49 77 41 79 20 67 38 95 32 10 80 35 92 81 58 53 94 21 60 98 42 61 50 17 13 12 36 82 19 66 86 99 28 83 97 90 8 74 
TEST 161 ARG:59 35 65 85 55 0 66 63 8 56 61 92 5 51 64 89 4 42 58 38 95 93 52 49 96 41 30 33 11 72 9 46 47 97 32 70 3 57 16 31 80 10 17 29 91 26 40 39 69 62 88 54 77 34 94 48 15 50 37 44 7 75 83 2 1 13 84 28 45 19 53 21 82 87 22 27 81 98 25 6 67 20 24 74 76 79 90 23 71 86 12 18 73 99 60 43 68 36 78 14 
TEST 162 ARG:27 6 3 88 86 44 58 15 54 94 56 59 83 4 70 68 85 35 91 26 0 72 47 76 33 43 38 93 98 75 64 41 84 73 89 14 97 90 87 69 65 77 32 13 50 53 95 40 21 51 31 1 10 20 42 71 63 46 9 5 61 34 11 24 74 99 29 78 62 55 82 81 8 22 67 19 49 92 80 36 12 96 48 16 17 23 25 2 60 7 39 37 18 45 66 79 30 28 52 57 
TEST 163 ARG:89 11 66 19 83 20 59 80 41 63 50 54 5 35 64 18 43 87 1 16 91 78 49 93 39 94 69 99 46 52 36 32 79 13 25 15 97 74 33 0 76 23 30 86 72 75 38 67 70 90 3 51 98 81 92 53 95 29 21 62 2 57 17 27 14 42 7 73 44 24 48 58 88 56 22 60 34 77 26 71 55 8 82 12 28 45 68 40 96 6 37 31 9 85 65 47 10 4 61 84 
TEST 164 ARG:85 86 3 68 7 32 62 82 78 88 64 84 6 96 49 93 30 24 44 73 79 23 71 39 76 81 69 12 41 21 22 26 33 95 25 48 31 74 13 51 36 35 55 27 14 65 87 4 58 75 92 37 42 45 56 47 59 52 0 16 20 77 9 38 63 10 94 15 99 11 50 19 91 17 67 18 83 46 43 89 97 53 57 90 28 66 29 54 2 34 8 1 5 80 60 98 70 72 61 40 
TEST 165 ARG:3 53 43 63 58 77 11 30 96 22 97 2 28 85 33 24 9 82 1 35 15 60 67 21 62 64 41 78 76 39 52 71 49 47 68 8 65 59 72 32 86 83 81 46 88 5 99 74 27 79 61 25 20 19 4 42 48 45 40 17 91 55 54 44 18 92 93 12 29 16 89 56 95 13 0 26 51 31 80 36 98 94 73 7 69 57 90 50 23 34 66 70 84 10 38 6 14 87 75 37 
TEST 166 ARG:87 22 80 25 19 76 40 31 59 16 47 61 53 21 85 23 99 12 92 15 0 96 48 64 97 13 43 71 55 17 70 82 86 58 90 38 62 8 77 32 3 4 39 20 51 88 37 28 36 66 68 5 11 52 44 75 60 54 41 67 65 46 78 95 74 14 63 2 10 45 56 49 33 81 69 42 93 72 34 35 50 83 73 79 91 30 29 26 6 57 18 98 94 84 27 1 24 7 89 9 
TEST 167 ARG:35 10 46 97 58 86 16 38 43 42 19 13 59 79 83 51 23 0 87 81 36 73 93 54 90 32 85 71 28 99 44 75 95 14 1 64 69 55 18 45 52 96 21 34 5 33 48 41 15 50 60 31 9 49 20 94 22 68 47 80 84 6 72 29 82 30 74 78 98 91 37 25 88 53 3 70 24 2 62 67 89 56 77 4 57 17 11 27 40 26 63 65 39 8 92 7 76 12 66 61 
TEST 168 ARG:51 65 66 40 86 38 46 68 60 96 30 53 83 55 18 27 78 5 33 25 94 76 81 10 74 70 56 72 26 32 48 43 98 7 90 3 85 84 61 82 13 16 69 2 93 88 89 59 31 15 19 49 23 41 28 52 6 47 14 92 0 75 50 97 29 39 64 95 1 71 8 35 24 20 11 73 67 37 91 42 12 34 22 54 87 45 21 63 62 57 4 77 9 17 58 80 36 44 79 99 
TEST 169 ARG:74 44 40 73 45 65 6 70 46 24 84 55 19 0 99 21 16 53 32 52 62 87 28 88 98 14 92 85 31 67 56 61 86 43 60 11 50 5 57 78 38 10 34 18 89 71 7 76 77 59 17 20 23 42 30 3 4 25 81 75 13 48 49 37 79 95 80 22 29 82 47 58 91 2 35 63 64 15 97 36 26 66 27 90 94 12 1 68 83 33 41 9 54 39 72 51 96 69 93 8 
TEST 170 ARG:81 9 17 75 48 8 3 38 51 96 25 29 7 31 19 1 35 99 65 23 78 21 79 46 12 90 30 27 37 83 50 40 42 73 82 20 26 98 88 85 5 24 28 0 71 14 36 33 77 49 57 2 11 18 13 61 59 64 32 66 44 22 43 74 63 84 4 47 52 93 92 60 39 94 34 10 6 53 68 45 97 54 87 72 69 62 58 15 76 86 89 67 80 91 70 41 56 55 95 16 
TEST 171 ARG:27 11 88 12 32 10 14 0 9 43 35 66 85 91 13 31 47 41 61 48 42 19 59 54 97 18 65 6 80 22 83 8 24 51 17 55 29 96 46 74 76 36 2 58 78 15 73 71 94 52 98 38 25 69 49 84 5 20 93 79 39 50 37 57 95 82 62 67 23 53 26 89 34 92 87 99 81 75 30 3 63 70 86 7 44 40 68 33 60 72 1 21 28 16 56 77 4 45 64 90 
TEST 172 ARG:14 44 63 56 1 19 73 32 40 38 89 26 8 58 70 0 21 31 39 66 78 83 65 71 12 61 91 96 29 60 81 10 80 82 22 93 53 35 9 5 57 90 18 51 47 3 86 88 42 94 30 33 28 55 98 4 76 25 37 23 77 54 36 43 20 68 84 97 7 27 6 45 11 75 62 85 34 48 95 52 59 13 64 69 72 87 16 50 17 79 24 46 99 74 92 15 41 2 67 49 
TEST 173 ARG:60 89 0 78 27 87 28 20 53 67 14 63 88 34 77 26 79 45 94 43 71 80 37 52 91 11 64 95 92 1 10 18 75 72 3 16 22 97 30 39 57 5 96 62 19 70 6 12 66 25 81 83 86 46 55 47 9 69 68 21 82 73 49 58 38 35 48 29 2 17 44 23 32 8 54 61 85 93 42 56 41 13 76 99 84 33 74 40 59 7 90 65 24 15 4 36 51 98 31 50 
TEST 174 ARG:52 3 69 48 79 11 9 58 62 2 81 93 54 47 21 19 40 97 76 60 26 37 89 78 67 59 43 75 55 33 72 63 74 44 84 77 83 49 36 99 57 92 15 66 65 4 61 98 87 38 22 96 34 25 94 27 17 50 14 5 41 10 39 24 23 53 64 42 68 6 91 31 1 20 13 0 85 46 95 16 51 70 35 18 7 28 32 88 30 29 12 86 73 80 82 71 45 56 8 90 
TEST 175 ARG:15 35 43 21 97 52 62 86 61 22 24 4 60 59 78 25 45 27 93 72 80 23 94 88 53 81 75 10 74 56 96 17 3 79 31 54 30 1 28 63 50 46 68 5 12 13 84 71 16 8 83 55 82 92 26 66 37 87 38 69 41 47 32 2 70 49 51 48 9 0 36 29 7 20 42 77 95 64 40 89 34 73 44 85 65 19 11 98 6 90 33 99 76 18 39 58 57 14 91 67 
TEST 176 ARG:72 98 5 0 93 8 56 88 86 13 46 97 30 37 35 48 79 9 57 45 81 29 84 36 43 82 15 40 74 85 68 27 44 21 59 99 42 77 61 67 14 24 7 53 4 63 69 73 71 34 94 96 83 33 47 10 32 6 76 31 51 92 18 1 65 26 28 55 12 90 19 38 91 64 54 87 62 2 23 16 20 17 75 39 49 3 50 58 60 25 95 89 41 66 52 80 78 22 11 70 
TEST 177 ARG:95 5 11 63 1 90 75 16 49 66 8 96 38 60 71 72 99 89 36 86 52 7 27 61 68 33 2 87 50 97 47 54 35 6 85 70 48 9 4 20 17 64 94 76 83 31 81 65 57 78 13 28 0 39 73 51 82 67 32 44 37 53 12 29 74 45 21 34 93 3 46 43 23 40 42 55 30 19 25 10 69 56 26 58 88 14 15 77 92 18 80 24 84 91 98 41 62 22 59 79 
TEST 178 ARG:35 10 80 24 62 50 87 15 27 0 60 41 20 52 22 56 39 66 38 9 48 30 67 29 47 64 31 26 92 51 76 17 4 59 21 96 75 11 73 8 49 99 18 79 68 32 7 94 89 13 65 55 57 45 82 81 40 12 70 37 74 5 54 33 46 2 6 98 58 43 97 34 53 90 19 14 44 85 78 16 86 72 95 23 25 36 88 91 28 61 69 3 63 93 77 71 42 84 1 83 
TEST 179 ARG:30 90 29 64 14 3 85 79 89 72 6 18 96 98 41 47 48 50 19 67 45 63 81 75 71 74 43 76 58 69 11 94 0 15 92 23 53 93 82 65 1 13 44 37 22 73 68 35 33 62 77 97 88 61 36 86 42 5 26 57 49 87 16 2 12 84 20 55 66 59 91 51 78 95 31 27 54 7 56 52 32 70 38 46 83 34 39 4 24 9 99 17 21 80 8 25 28 40 10 60 
TEST 180 ARG:95 45 22 69 54 1 32 59 21 61 87 82 40 31 14 88 30 79 53 75 94 8 67 89 20 55 4 51 33 13 12 10 91 9 38 71 28 50 74 81 76 66 70 11 96 23 63 36 60 15 78 56 2 73 26 7 49 97 3 25 92 17 34 18 42 62 72 24 41 29 27 99 6 0 52 64 86 19 84 16 83 48 65 58 68 37 93 77 44 90 57 47 35 43 85 46 5 80 98 39 
TEST 181 ARG:88 79 18 51 73 7 99 54 74 70 97 68 91 4 31 26 49 17 9 81 83 96 72 77 25 53 35 86 32 10 1 40 90 48 50 13 87 82 8 93 76 14 58 47 20 78 66 39 46 36 11 63 56 5 30 41 95 27 15 71 16 22 65 21 60 75 98 85 89 34 29 43 6 62 44 84 3 12 64 37 42 61 19 38 57 52 23 0 67 33 28 92 69 94 59 55 45 2 80 24 
TEST 182 ARG:34 12 35 13 6 4 8 93 38 31 50 7 16 88 26 43 46 62 90 82 61 87 23 47 51 91 18 58 72 24 49 77 67 71 97 73 2 53 9 99 29 78 14 85 64 63 22 39 3 11 52 33 80 37 79 0 92 45 84 95 55 32 15 68 56 40 75 86 28 89 44 1 54 96 21 70 19 94 59 25 66 60 57 10 30 41 42 5 65 48 36 69 74 20 81 98 83 17 27 76 
TEST 183 ARG:32 79 56 57 14 10 66 1 86 77 28 27 46 39 35 96 53 59 89 92 8 18 90 33 69 84 30 42 55 2 0 4 41 76 19 20 52 63 48 37 7 22 95 71 58 97 68 99 54 49 88 31 67 61 38 85 73 26 87 17 44 51 34 21 6 16 9 94 72 23 13 29 43 75 93 91 65 15 25 36 83 5 47 82 24 70 80 40 11 62 50 45 60 12 98 74 81 64 3 78 
TEST 184 ARG:89 44 51 57 61 22 6 66 55 0 12 33 92 64 50 97 81 86 15 2 43 29 47 82 73 39 17 27 59 3 36 8 20 5 42 90 23 24 78 45 58 54 88 91 37 30 75 16 19 40 56 87 13 48 72 34 70 46 99 32 9 18 71 74 7 85 67 11 63 38 4 1 96 76 25 80 53 98 52 68 77 35 26 94 62 95 28 79 10 21 69 60 49 14 84 31 41 65 83 93 
TEST 185 ARG:68 6 89 97 48 1 65 12 29 81 21 91 53 72 2 98 76 43 67 11 44 0 50 51 8 71 79 60 9 7 80 17 38 30 31 49 78 59 40 95 64 82 19 86 23 70 33 94 26 56 20 5 27 77 42 34 99 3 69 28 55 46 54 73 96 92 25 93 15 57 62 24 45 66 84 90 32 37 14 13 75 58 88 35 74 16 18 36 41 87 83 22 85 10 39 4 52 61 47 63 
TEST 186 ARG:56 8 39 91 26 69 49 46 76 47 50 57 5 87 96 88 9 75 24 55 89 63 43 21 29 19 23 27 61 31 71 90 40 60 82 45 70 85 36 16 20 94 81 72 34 44 13 42 83 15 78 62 93 59 67 22 68 95 52 80 17 4 3 66 11 37 77 1 58 73 84 0 74 65 99 25 10 86 33 41 98 35 18 12 2 92 30 54 53 51 32 79 48 28 7 6 97 38 64 14 
TEST 187 ARG:27 46 30 43 29 70 32 26 94 15 40 10 87 72 5 66 61 42 89 1 22 56 35 62 48 6 75 96 47 4 77 9 8 37 80 54 59 13 14 51 88 41 60 68 52 17 58 74 91 64 34 25 84 0 92 83 49 65 53 90 38 71 57 79 11 19 45 18 21 16 20 67 28 44 2 3 36 98 97 23 93 69 99 39 24 63 82 78 73 85 33 31 55 7 95 76 86 50 81 12 
TEST 188 ARG:12 90 10 53 37 0 91 7 42 80 69 62 49 26 99 19 1 70 68 52 96 84 58 5 40 63 46 56 48 11 13 14 3 87 76 66 17 9 50 54 94 79 20 22 83 23 41 4 88 32 74 39 82 98 44 36 51 30 25 29 61 89 97 81 18 86 2 77 78 67 75 45 71 92 6 64 16 21 57 72 15 93 95 65 8 27 33 73 35 47 60 38 24 31 28 43 55 59 34 85 
TEST 189 ARG:4 43 42 13 60 89 51 77 72 99 53 87 88 9 68 25 79 14 40 0 28 36 92 65 33 47 15 50 41 37 59 91 49 74 98 32 2 44 57 31 24 85 63 75 35 23 80 34 64 8 67 6 93 1 30 61 56 26 83 21 7 70 46 73 18 17 95 48 58 12 86 62 78 84 5 38 27 16 71 52 66 20 69 94 19 11 55 54 76 29 10 39 97 96 82 90 22 45 3 81 
TEST 190 ARG:55 22 24 68 80 18 71 13 98 66 21 41 94 83 40 54 73 56 95 1 45 17 57 48 60 92 2 12 79 15 96 99 25 69 93 14 43 10 19 31 82 3 8 33 47 26 50 37 81 9 5 7 67 64 52 61 42 59 62 84 4 0 88 78 23 20 44 30 28 89 74 27 72 58 97 34 6 63 91 16 77 53 86 76 85 29 75 39 35 90 32 51 11 70 38 49 36 87 46 65 
TEST 191 ARG:19 37 22 87 50 66 48 21 40 56 69 75 46 27 49 15 28 82 10 20 11 97 1 3 79 61 74 76 99 93 64 7 18 83 39 85 30 33 86 70 89 98 14 5 25 29 0 90 44 63 73 4 94 84 41 55 72 38 78 57 80 92 81 67 16 60 77 62 35 6 17 95 42 68 31 71 24 23 88 58 53 26 54 12 32 2 8 45 91 36 9 43 47 34 96 51 13 65 52 59 
TEST 192 ARG:43 81 30 14 87 25 32 37 73 72 36 77 9 29 18 68 55 41 44 95 7 86 57 85 21 16 1 66 3 47 62 94 19 61 53 10 8 67 88 17 12 69 54 58 96 48 83 98 45 0 2 27 59 33 15 23 91 90 49 31 75 65 11 42 4 60 6 56 82 89 74 71 92 93 80 28 52 34 46 84 63 51 97 40 99 50 13 79 24 22 38 35 5 70 39 78 64 26 76 20 
TEST 193 ARG:97 17 9 29 82 3 6 10 13 50 21 27 48 56 64 39 76 70 37 77 69 8 86 74 95 23 33 71 43 51 32 93 92 98 59 65 2 75 87 94 60 24 61 46 44 58 34 47 63 67 85 68 11 99 28 42 30 35 36 90 81 80 49 22 54 7 55 73 5 91 15 26 88 53 4 19 41 72 52 18 83 84 0 14 25 66 78 40 31 1 79 57 12 20 16 45 38 96 62 89 
TEST 194 ARG:16 4 36 96 79 11 21 48 18 52 28 75 72 32 23 24 60 31 22 83 61 99 82 55 88 29 94 17 49 78 8 7 35 76 13 9 77 45 69 10 25 3 34 2 30 1 41 89 59 19 53 97 39 87 42 43 70 5 58 44 80 85 65 50 6 51 33 47 90 84 40 62 74 54 92 93 37 63 64 38 57 27 81 67 68 71 98 73 0 86 12 56 46 15 26 91 95 14 20 66 
TEST 195 ARG:73 1 57 25 60 3 35 81 83 29 80 92 45 66 46 70 14 42 16 98 53 88 84 58 75 31 74 17 59 23 97 78 30 87 32 21 44 62 11 54 37 18 27 96 91 67 79 36 38 55 20 89 9 12 40 43 33 68 71 51 24 56 19 85 0 72 50 5 76 64 86 49 82 63 10 34 26 4 90 39 22 52 99 28 93 65 48 47 13 77 41 69 8 95 61 7 15 94 6 2 
TEST 196 ARG:24 2 87 81 84 42 53 13 41 63 98 57 10 66 97 75 92 35 32 49 12 46 93 21 23 26 39 19 91 94 17 1 6 72 50 54 44 68 52 82 25 34 47 14 38 20 45 62 86 76 78 11 83 3 99 80 89 58 61 90 4 5 85 33 29 96 7 55 64 60 27 59 28 30 51 0 43 70 18 31 65 56 77 69 40 9 74 22 37 15 71 67 36 16 88 95 79 48 8 73 
TEST 197 ARG:77 67 47 51 88 21 90 62 74 97 52 12 6 83 27 40 36 79 71 80 34 1 75 22 8 92 54 26 66 91 64 37 73 46 82 55 93 3 63 86 43 48 81 5 99 39 98 65 24 7 56 76 70 57 68 31 19 69 95 13 49 85 89 78 16 35 4 96 17 94 41 44 87 10 45 28 0 84 59 11 14 50 15 58 9 38 25 33 61 30 23 29 72 2 53 60 42 18 32 20 
TEST 198 ARG:58 54 69 65 40 25 53 5 96 89 10 66 19 88 44 71 20 41 95 73 35 60 18 16 30 4 39 99 6 97 45 46 8 84 3 63 32 76 43 14 7 52 26 37 42 87 49 72 94 70 81 48 50 27 57 62 61 77 13 56 85 2 82 67 91 12 68 38 55 23 74 79 78 98 83 47 1 17 86 64 15 28 31 36 93 80 21 9 24 75 0 92 34 22 11 33 29 59 51 90 
TEST 199 ARG:13 16 39 66 4 22 19 81 68 97 67 33 73 8 18 31 6 38 95 34 17 3 70 40 96 30 59 1 47 77 58 98 72 0 21 10 55 41 79 71 89 27 61 7 29 5 32 44 62 92 88 86 90 42 2 54 28 52 37 78 24 9 25 82 20 43 80 45 57 11 65 50 36 64 85 94 53 12 76 93 46 51 63 60 91 87 83 14 84 49 15 35 69 75 23 56 48 99 26 74 
TEST 200 ARG:81 56 90 6 49 43 98 76 80 58 3 46 15 86 28 24 82 71 79 51 99 38 17 12 66 2 45 87 68 9 97 85 29 14 1 65 22 13 91 70 18 78 39 31 55 75 19 77 53 11 27 34 23 60 92 72 73 8 96 93 10 30 16 48 94 52 0 20 4 62 47 42 36 64 35 50 33 44 61 32 88 41 95 26 59 69 83 63 67 74 57 84 40 89 25 5 54 37 7 21 
TEST 201 ARG:67 20 41 78 24 77 17 71 18 84 48 58 38 63 9 0 93 34 60 74 25 82 5 55 96 27 88 80 3 70 33 28 90 98 97 44 59 12 43 89 29 36 16 4 75 81 95 8 57 40 21 37 53 30 62 61 19 10 50 94 52 2 45 73 92 7 56 76 79 49 66 32 68 23 64 86 15 26 14 39 47 35 85 87 31 42 1 83 69 91 54 46 6 72 11 65 13 22 99 51 
Multiple size <= 500
TEST 1 ARG:219 93 -49 235 -36 63 -179 -23 -149 181 50 -193 -133 120 165 91 -54 213 -147 204 -4 -51 -233 -38 -17 43 53 59 -25 -219 225 132 -58 -67 229 -171 28 -90 56 39 146 19 29 111 -222 45 180 -167 -19 220 -220 -215 -32 145 222 163 -146 -6 -18 166 124 -239 -227 -61 -136 117 80 -229 -85 18 221 212 31 -232 95 -39 -173 102 183 -7 108 201 -76 -55 -50 143 147 -142 52 -184 172 -118 -213 -10 -190 -200 206 112 -22 -129 -230 118 -104 -189 -29 16 -180 32 81 -245 191 158 83 -99 -64 -66 -79 -197 -112 -211 -148 -196 232 -144 -60 170 103 -151 -109 -11 44 224 -40 -43 236 -244 -115 17 -152 214 210 -100 208 182 60 -249 -182 154 82 -3 -125 57 -77 110 22 24 176 -93 233 198 20 -82 79 -154 -5 -75 234 74 196 218 -181 237 -205 167 89 -164 -223 -89 159 247 246 -34 12 -128 -204 42 -74 245 -243 -242 92 130 2 223 10 33 226 -84 -183 202 -26 138 231 -91 -172 11 66 -203 -145 -57 0 -195 14 84 104 -92 8 -1 6 205 -113 -96 228 -221 162 127 -124 142 -130 129 160 -103 -53 -86 -48 -169 -111 -68 -20 -123 27 -81 -150 -156 133 244 239 -235 96 -137 65 141 185 -42 -135 46 -88 -210 -201 -116 177 38 200 -21 105 -101 -217 -158 113 -199 -134 -206 -250 -248 109 -69 -62 -72 100 -177 -41 152 190 97 -170 114 101 -159 -13 187 -97 -122 -247 -162 123 -225 36 126 -185 -126 -209 78 68 -208 136 3 137 -78 193 150 207 197 -163 115 230 199 48 -73 -120 -12 15 -212 174 -105 134 107 13 -228 41 99 -131 47 -94 128 -106 -238 -241 5 77 -186 -214 148 140 73 -15 168 54 23 -31 -240 184 -121 -47 -83 116 -24 238 -218 -143 -168 -153 242 -63 192 51 -117 26 25 -59 227 -71 173 241 -16 -246 72 -56 -187 37 106 -160 149 144 -70 -175 -224 151 -192 175 139 -114 161 88 -140 35 119 -191 121 178 248 70 34 -46 -33 153 -37 215 211 -231 -132 -236 -141 249 195 169 -165 69 7 1 186 122 156 30 -9 -207 4 -30 171 -2 -161 -45 71 164 -178 67 -27 -155 -202 135 86 -28 -80 -216 21 -87 64 155 217 -174 243 55 194 -14 -127 -138 -65 188 9 40 209 -108 216 -95 203 61 -166 -157 58 -237 87 98 189 -35 179 157 -188 76 -44 -119 -98 -107 85 -198 131 240 -110 -139 -52 -176 -194 125 62 -8 49 -234 -102 94 90 -226 75 
TEST 2 ARG:242 -209 67 236 -111 -27 -93 -97 128 217 38 149 -75 -22 -223 -57 145 4 249 162 -120 3 58 65 -21 -229 154 -18 99 24 -127 -140 188 -225 -36 43 97 -142 226 -173 -216 68 23 -34 -38 -35 179 -230 -132 177 219 -167 -59 80 194 220 -82 71 -1 135 176 -76 -26 -33 -32 -249 -157 136 -86 237 -79 -92 -146 -217 39 153 184 -247 10 -211 113 -101 -106 -228 -166 -69 -117 -67 18 -60 12 109 83 182 232 123 -41 -139 -206 -125 -197 105 48 -119 -39 -237 114 -95 -81 230 -64 -89 106 20 174 72 -110 96 -188 -212 -126 85 218 104 227 87 215 47 101 129 -49 -91 195 190 -171 211 6 16 86 30 62 -116 -104 -182 164 -73 92 -23 133 34 187 -213 -61 247 224 84 -242 -194 -98 -162 -47 241 142 -178 -96 -13 35 -201 22 45 -195 -208 -207 214 -74 125 5 -16 -53 -3 175 -152 124 -15 -50 -137 51 121 -52 234 -144 171 -164 -72 -84 56 173 -177 -83 191 -88 32 132 144 157 -141 141 44 -55 -20 37 107 33 -158 240 75 -134 210 -28 -133 57 -238 -193 -51 103 134 159 28 216 13 61 -172 -219 -85 102 -45 199 160 -8 -17 52 -199 -189 -150 -240 19 167 198 146 81 -215 221 239 -108 245 193 -70 246 -71 -102 64 -121 1 183 -174 -151 -31 -109 117 -4 -5 7 207 147 140 126 -246 63 -105 41 231 93 -161 163 -63 168 66 11 155 -11 -163 -180 248 158 25 165 225 115 243 -90 98 -192 -7 -244 -191 -62 -175 -232 -149 205 -204 26 -10 189 122 -56 -78 110 -123 233 77 -239 -136 -114 -224 46 169 222 -245 -176 54 -196 36 192 -77 223 -124 -154 88 150 -66 137 -153 -30 206 -233 14 -87 -181 180 -250 -2 76 181 170 -112 -226 201 238 120 -160 -129 -43 -184 -179 116 108 95 -25 -100 -227 9 139 -58 161 73 -107 29 -220 -128 -6 -218 -222 -9 8 -54 -235 204 -24 112 203 -99 40 151 -169 70 49 -138 197 42 89 15 94 -147 -130 186 229 -186 78 119 152 -198 156 131 -231 69 91 172 -46 -159 235 -14 -122 0 -44 -234 -113 -12 228 111 -131 31 -243 148 -145 -118 -248 -210 -221 -202 -94 -42 -143 -155 -19 213 143 53 209 -214 -37 -165 17 -168 -148 -205 59 -183 100 -65 -203 178 -190 82 50 -170 -29 60 244 212 -185 21 90 118 -241 -80 127 166 138 2 185 200 -68 -48 74 -156 -200 -115 130 79 -236 55 27 202 -187 208 -103 -40 -135 196 
TEST 3 ARG:239 -67 -227 -66 -216 -205 -24 169 -60 -64 157 -148 -247 -136 -19 -57 95 -33 -54 33 231 -226 74 131 205 166 -146 -68 65 -188 96 -173 23 54 -105 50 40 139 -250 -167 177 -3 -30 210 -34 41 5 -202 153 118 -72 -43 -61 -231 -94 -222 -130 147 -165 -175 -244 80 114 -88 227 -156 -217 -174 -69 85 -15 -203 -2 -218 -14 136 163 -207 123 -124 -219 -63 134 -157 -132 -10 148 39 -143 -161 4 -177 47 38 -249 29 97 -133 27 -123 101 78 61 32 109 240 -233 -200 -91 -8 -127 126 28 -186 46 -74 -49 98 -28 -234 200 2 242 77 128 -149 -107 230 248 10 -248 -245 49 120 -240 64 162 -190 130 -71 -51 116 -230 -79 119 -239 -189 -111 -93 94 11 -164 17 191 220 -1 -45 -129 -220 117 91 -206 133 216 -25 -7 185 -100 245 9 36 -221 51 -163 -59 208 -42 67 -194 -193 -84 -180 115 -182 -6 -5 135 68 -112 -178 176 -176 15 55 160 -212 152 218 -128 180 -183 -168 -120 -55 -139 171 -185 178 42 113 195 44 -241 -41 127 -47 -126 167 149 75 25 179 16 26 189 181 244 45 142 -48 22 63 154 20 66 -225 -140 -214 79 161 62 -224 -138 -242 182 -21 -208 141 175 155 -36 -16 168 -86 215 -65 19 -155 -110 125 -153 236 -238 211 -145 214 43 -210 -154 -119 90 52 104 137 -53 173 217 124 72 -204 174 -29 203 194 -228 -172 145 -151 81 60 107 -23 246 -38 193 -117 -197 -243 24 13 6 -44 224 -166 -99 -141 86 -90 143 140 243 201 31 -9 99 184 192 -76 88 -191 -70 122 -82 225 -13 -147 -160 73 -108 -229 -103 -78 -27 -35 1 170 -37 48 -232 34 -97 -17 -18 -22 -201 -85 -121 -12 -192 -170 223 18 -237 164 -211 -80 190 -181 -187 37 76 111 -73 -184 188 106 206 100 7 -209 199 69 129 108 -171 158 0 221 207 57 226 212 -131 187 -31 -102 237 21 -223 -87 35 150 197 87 59 82 -198 -116 151 58 -96 132 12 232 -20 183 14 -92 235 -196 53 30 247 138 -81 -150 219 -62 103 110 93 84 -169 -46 -137 -58 233 222 56 -50 -144 -125 -40 -152 229 156 196 234 -75 198 -134 249 165 209 -114 -113 159 238 -162 -83 -236 241 -199 186 202 105 -115 -158 -26 83 -4 92 -101 -11 -159 -39 -118 -32 -235 -95 -142 172 3 -89 71 -135 144 146 204 121 112 -77 -109 -104 -213 213 70 228 -246 -215 -195 102 89 -106 -122 -52 -179 -56 8 -98 
TEST 4 ARG:31 118 -89 -30 23 170 14 -238 175 -242 -65 21 -19 -231 -137 -141 213 157 -119 -240 -75 108 26 -222 -224 -227 -44 153 220 -135 -32 -82 -221 192 123 58 107 -214 -130 -102 -8 -35 -139 57 -142 -244 112 18 247 -122 -156 10 9 -232 1 44 -126 -10 101 -120 -49 154 -147 48 -20 196 148 116 -239 184 -249 43 189 -81 -72 -2 159 -105 243 207 -229 -136 36 91 -171 -176 187 -54 208 -28 56 83 239 -151 -190 22 -172 216 -86 -108 122 -52 150 -58 -110 228 -237 13 -128 16 -211 -68 19 -201 -162 -153 232 -76 -63 121 164 -179 40 177 246 168 110 -34 -12 -183 -245 -97 -193 -173 241 -223 -70 218 -140 204 -115 104 51 109 88 -154 -109 72 12 -38 235 191 147 -60 -114 11 67 41 135 -160 155 -100 144 -5 -219 136 64 -165 -207 -210 -7 81 -23 -17 -164 -203 -39 226 -184 -22 236 193 87 106 84 -202 30 149 35 -204 199 78 115 139 24 -56 63 219 205 238 211 182 124 138 61 94 -132 -158 -78 244 -80 -104 -1 145 -77 128 194 242 -117 -42 17 -66 20 -9 -79 -64 8 37 25 -125 -55 -47 -243 47 158 -174 234 27 85 -113 -175 42 -112 39 -51 46 222 -192 -101 -27 233 -220 32 230 -111 -16 92 -24 4 93 -185 169 185 55 -155 203 -209 231 54 34 -124 -14 -93 -33 -159 -103 -177 38 -92 167 -87 -199 75 -194 -178 133 -206 -50 71 161 -4 -166 -40 66 -85 -41 -11 15 120 171 -69 160 82 163 227 113 -181 -163 229 190 -116 -170 -208 -228 -212 28 103 217 -148 -157 178 95 -21 -62 -83 -31 183 -149 70 -182 -90 -57 -247 53 3 111 -225 180 89 -53 100 49 119 165 -129 73 223 214 5 -195 -213 117 -186 237 97 96 -46 -118 -180 -246 -67 90 162 209 -88 -189 -150 -106 50 221 86 140 172 129 -13 197 80 174 -250 -134 -98 -197 176 146 99 -200 -138 -218 245 166 -230 -131 -217 102 -3 125 69 130 -146 -43 -71 -84 186 -91 188 200 -26 143 98 -45 202 76 -121 105 33 59 -233 131 -133 249 -187 -123 -59 141 195 52 -94 201 212 134 77 45 225 142 152 -15 -18 62 -6 -167 -145 0 7 -169 -144 68 2 -168 132 126 -241 -143 -99 -205 -25 -107 248 -61 210 198 60 224 79 -96 -234 156 179 -74 -127 137 206 -48 -152 -95 215 6 181 -236 -29 -216 -37 74 -36 -248 151 -226 -198 -215 65 -235 -188 127 114 29 -191 173 240 -196 -73 -161 
TEST 5 ARG:-246 -219 90 20 -5 14 61 -121 16 -89 -235 -243 -241 -117 -4 229 -53 77 -172 -98 -161 -141 183 28 -108 -6 -45 63 151 -48 -250 -126 -68 146 184 88 -186 -188 92 204 121 76 179 -140 -134 -174 160 227 113 -239 154 -79 19 22 231 -112 -61 -187 -220 93 87 -50 185 103 246 49 32 128 -205 145 -96 -49 -153 -57 150 177 -204 -85 -63 -139 83 41 -198 -192 -115 -143 -223 -142 -20 -35 228 91 54 -184 -211 -51 60 -32 143 -118 -133 249 -1 207 -183 -144 -87 -199 -95 -130 97 -42 -22 -138 148 -127 -240 212 190 -129 109 243 118 193 181 -101 240 186 -169 -166 -238 -225 -158 115 18 -194 -3 126 222 51 31 59 -78 -82 211 -148 -26 -12 -247 180 169 -60 187 170 112 -131 248 -39 36 -62 226 -116 220 140 152 108 44 6 -92 198 -202 223 -196 50 -86 -215 142 -7 155 189 114 202 -37 -171 79 119 74 -23 102 105 73 217 -88 -100 -228 -236 -18 -14 -182 -170 -233 -40 -33 127 138 -54 174 -43 -15 69 12 -29 -10 -160 -193 5 2 -132 45 173 -30 158 -80 100 62 -90 205 -8 -147 165 -81 209 57 -58 -21 225 219 26 70 -59 -122 168 197 -201 -208 -120 -177 235 -230 -176 106 96 241 110 136 221 239 -189 216 -75 37 47 -47 -185 -106 13 4 107 135 247 -70 -213 30 236 -76 -179 -245 9 104 196 -72 -164 163 -145 -136 125 66 1 7 -168 -154 -212 172 182 56 -19 144 -27 65 -181 195 164 -227 -24 -125 -74 -217 95 43 38 -91 67 -103 -123 75 -119 159 -149 224 -162 203 -93 -46 130 188 139 -73 89 48 27 64 82 137 -195 171 -11 200 -221 167 -191 120 -190 -137 191 21 -200 245 -207 -135 -102 -13 98 -167 -248 -94 134 -16 80 122 -17 8 162 199 -155 86 242 -67 -36 161 233 40 78 -175 71 -64 53 141 -165 46 -209 39 -56 -206 192 132 -152 178 -41 -31 218 238 -224 -216 68 -110 124 33 -218 -173 24 129 23 -69 29 10 -229 -84 -77 -44 149 -180 -234 -2 153 -151 -113 3 94 -114 206 234 99 81 -34 -55 123 175 131 210 17 15 -9 -83 -242 -66 -197 0 52 147 -107 -249 72 -105 -109 230 244 -231 42 237 -71 35 101 201 11 -99 232 -203 -65 208 111 -25 -128 116 -150 58 157 133 -210 -226 -157 194 215 -104 -28 176 -124 -232 -244 117 34 166 -163 156 25 84 -97 -156 -111 -52 -222 213 -38 -159 55 85 -237 -214 -146 214 -178 
TEST 6 ARG:-194 -208 -85 -15 207 80 148 -33 59 -98 -182 31 -151 -59 83 235 -29 -58 -185 -232 33 41 43 -173 175 103 45 245 213 -49 69 17 -139 206 -66 -71 -9 53 -110 185 -88 -234 -115 -76 -25 -196 199 120 34 -217 55 81 221 92 -42 233 12 112 27 192 -94 -171 102 104 28 -203 -191 -86 105 178 -128 140 -243 -201 113 225 4 -80 21 141 182 98 -102 -140 22 240 -166 108 193 96 -197 -218 -187 1 62 -156 222 -183 -189 -170 101 -165 203 -55 26 48 58 -50 82 166 -123 -122 35 -62 -192 -68 -53 153 -225 165 223 -211 -13 -240 56 -93 -145 -87 151 99 25 11 226 97 93 211 15 149 78 -249 157 39 -38 -215 189 -236 173 46 0 -19 -152 152 -35 -227 -250 -30 -228 116 214 237 -242 -1 -149 -96 191 -63 -72 -89 -181 133 249 16 159 208 86 -95 -20 238 236 180 150 -32 -8 90 71 -184 -244 -209 -247 -157 -112 -18 121 -221 195 -16 -113 142 -159 54 -114 -150 -97 247 -26 -164 29 -229 183 220 -121 -2 198 194 -111 -129 186 -163 170 -148 -81 147 -168 106 57 156 145 -169 -153 -7 144 -220 143 100 -233 -77 -174 241 -176 -239 107 169 -64 -147 190 -155 -237 -172 51 -134 -241 -246 85 119 -106 -154 14 177 49 -4 123 5 65 -92 24 -144 212 61 38 122 9 73 -107 205 72 -103 209 -6 -162 136 -24 95 66 184 131 -193 -206 -43 110 160 -40 -180 127 60 -74 -219 -54 -205 -90 -216 -213 -23 -5 -248 67 -46 -27 -235 -188 139 115 -223 163 -138 -31 134 -44 -105 218 30 -99 50 -109 167 -126 -222 158 37 -124 -48 -125 -39 -22 -131 -199 135 44 200 -214 -195 125 215 109 76 176 75 -146 79 172 -41 -61 -11 -100 -238 42 88 -127 155 -198 -204 -12 -190 89 52 219 -108 229 -47 162 164 -51 -160 84 -231 210 242 181 -161 246 -226 -117 -91 -224 -158 132 -82 -101 -177 -132 36 40 3 -17 77 -84 32 -130 8 -210 -52 74 -118 187 231 -28 138 227 -79 154 -133 -70 -135 188 244 -3 -73 64 202 -207 216 232 -186 -178 2 68 -14 174 -245 10 7 -200 234 179 146 114 129 18 201 -75 137 -21 -202 94 87 -141 70 111 118 -119 128 196 91 -37 -67 -116 228 161 -212 217 23 -143 -34 -83 -57 19 -69 -104 6 -78 239 47 248 230 -230 13 63 -179 -65 224 204 243 -10 117 -175 20 171 197 -56 130 -136 126 -142 -36 -45 168 124 -120 -60 -137 -167 
TEST 7 ARG:-83 76 141 44 -89 -35 215 22 163 78 231 167 -165 -23 85 140 -105 -19 226 -61 106 96 -118 198 -124 -69 -147 -27 -39 176 -198 -166 153 -31 156 59 -63 135 -30 -150 100 -168 131 -183 149 244 -92 29 -99 138 184 -13 77 -246 152 -121 -110 112 -95 -54 -201 41 31 223 -85 -11 -20 75 -177 -72 3 -9 -163 199 83 121 -181 -3 173 -220 238 80 -112 -162 -10 126 12 -50 229 144 239 33 -192 -87 8 -24 -179 172 58 23 -171 -145 66 248 -242 -1 220 -172 165 124 -224 -140 47 26 194 -136 -78 -202 232 82 -231 81 -149 111 63 -15 201 228 -182 -33 -211 129 -155 -59 -244 216 154 158 -137 -108 -6 245 -53 -120 109 9 189 -225 2 -200 48 -247 190 -193 -148 -229 0 160 -141 -42 213 217 230 28 50 -94 225 -159 186 90 -189 61 -160 191 57 -170 -194 -230 200 -5 181 -2 -28 246 -71 -212 -40 -243 -32 -16 185 219 -100 122 -146 51 166 155 -44 -91 -207 128 25 -156 -109 52 -218 -82 -161 142 168 79 55 45 -133 -57 -129 6 -250 -96 -76 -204 -176 203 -249 -153 -66 118 -228 86 -43 218 -178 -115 195 102 113 4 139 19 91 -157 249 196 -68 70 132 -101 -215 -119 159 -234 117 -213 -203 -154 -86 -12 188 38 -186 -197 101 13 -174 -49 -132 -18 -190 60 -142 -34 36 1 205 -103 148 -116 65 -219 32 170 235 -222 207 116 20 7 104 72 54 40 -227 -56 236 -139 87 -65 241 -8 73 137 11 110 98 214 -55 5 -117 234 187 -80 -188 -90 -25 212 49 -239 125 108 211 146 39 -187 120 127 -104 71 143 178 99 -113 -126 92 37 -214 -47 -241 -37 69 -238 162 67 -205 240 -106 222 27 115 -102 -199 -185 -131 46 114 145 -175 -144 68 -236 -233 -22 -135 -60 -58 42 10 -75 -46 -164 -122 130 -98 -223 24 224 16 -107 -143 -84 164 150 133 -4 192 233 227 -217 243 -152 -17 -180 161 221 84 210 242 123 56 157 -240 -167 -21 -26 -210 93 175 202 183 -173 -151 62 179 103 14 171 30 -64 94 18 35 193 -51 -158 -36 -123 53 -221 -93 -125 -232 -14 107 64 -206 -79 177 89 182 74 -114 204 147 -130 -73 21 -245 -48 15 -191 208 -134 97 180 -97 -237 -88 134 -52 -74 -29 197 -7 237 -111 -208 -128 -209 -248 -62 105 88 247 169 -184 -67 -77 -226 -41 119 -196 206 -45 -235 -38 34 -216 43 136 17 -195 -138 -70 209 174 -81 151 95 -169 -127 
TEST 8 ARG:87 -158 65 46 211 131 -239 -231 -34 -243 51 -229 33 222 -40 152 -240 8 -90 -51 -12 -95 -143 225 21 -174 -39 107 -179 -92 -173 95 -15 -225 -74 71 -35 -127 181 -163 -56 -136 210 -31 129 -55 -148 167 161 -81 -128 -195 213 159 -142 -25 189 -107 148 -176 23 -105 234 185 160 -87 -72 -120 -135 -126 163 -63 97 -199 109 -5 61 -245 111 177 19 -202 58 125 -159 138 -116 132 -125 -118 -203 219 -45 196 216 99 -113 178 124 -123 -219 143 237 235 188 198 -84 -213 -133 69 74 -121 -29 -197 -73 103 171 -21 -37 115 -8 207 -44 -160 -70 -150 186 36 -206 -208 -138 226 -19 142 22 -162 202 -182 -60 -14 -119 37 91 -98 149 55 205 6 212 84 114 92 -1 -97 -94 -122 197 48 -227 122 -26 223 -23 59 -218 0 -184 72 39 238 -147 -186 119 75 -246 133 -49 -117 -144 -10 -222 -217 -167 -228 112 -96 31 229 62 2 170 184 -22 79 -216 -61 157 -91 -234 -196 176 -36 169 67 28 -78 180 -80 96 -189 -17 206 113 -66 -76 -193 45 244 110 193 -83 240 -79 82 -69 -41 231 -204 -238 241 139 -88 -215 -42 -249 221 24 -152 -46 27 242 -211 -244 137 -111 83 15 236 -131 166 -200 -64 -124 232 105 -166 165 217 118 17 86 26 -57 -62 179 -221 108 -43 128 -6 -201 98 230 -250 42 -151 100 -156 -155 -115 -68 -224 -47 41 -114 -53 135 -172 145 187 -226 147 25 13 146 150 81 195 73 14 -214 -4 -192 224 -220 120 199 -3 156 -86 -82 -149 -109 227 -230 3 -157 249 -27 -134 -137 11 209 -194 56 -140 80 7 -103 -65 -112 -247 85 -75 243 208 101 35 -178 141 -141 158 20 203 -236 -175 -30 -16 134 94 -71 -89 30 -198 220 -110 183 -106 63 -207 123 -223 151 -210 -209 -170 -180 47 172 130 106 -232 -183 -171 -7 144 -177 245 136 40 -154 -129 -100 -188 -233 246 -54 -52 -242 32 -161 -185 93 89 -101 -241 155 34 77 16 -50 -181 121 194 -59 53 248 38 201 127 -145 164 -38 214 5 -33 -9 -139 54 239 162 -212 -18 182 -48 -104 117 50 -237 247 116 88 -187 68 154 -99 200 12 70 215 104 52 218 29 168 228 -28 191 60 43 90 -32 1 102 -77 44 -58 -20 -2 -67 -24 175 -165 66 57 -190 -102 -11 4 -93 -108 153 173 64 9 76 -168 -153 190 -132 -235 -169 -248 -13 -164 -191 174 -130 -205 192 140 18 126 -85 78 -146 204 10 233 49 
TEST 9 ARG:-151 -145 -211 77 -196 198 -106 223 -236 -163 -179 221 99 -12 -212 1 -249 157 48 163 -147 68 -157 160 152 -184 -120 -13 -90 -56 147 -64 227 233 -8 -146 243 -199 146 16 -194 -96 -23 -218 26 70 131 -126 -46 -241 -202 214 -195 -100 118 -127 141 175 -144 -166 138 -84 -124 -91 34 62 159 172 240 142 -92 59 125 -36 230 245 54 -245 -169 193 44 -93 -135 -49 -1 -168 119 -183 -175 10 37 30 -220 207 -178 -231 -240 -40 209 -7 161 -232 -88 -248 -222 -89 50 -79 -97 -123 -107 135 102 -188 -108 242 -204 -11 -243 -38 12 -109 234 224 57 -72 -250 -61 208 195 -65 76 -102 -32 20 -138 61 -47 -180 0 206 212 236 211 140 108 -82 -14 73 213 130 81 -52 -95 -15 -9 -117 -6 85 64 133 43 -44 -185 -5 105 74 -77 -182 47 -235 -66 239 238 -87 200 190 -171 -28 -39 -35 220 -142 -30 -225 55 -148 -223 205 -99 112 103 32 218 3 -153 117 96 15 75 184 106 244 -31 246 -75 -141 166 101 35 -33 46 -129 150 247 -149 129 -158 -115 110 29 -73 -113 -125 28 191 -140 82 109 -24 -41 -244 197 171 -227 165 -10 100 -86 249 -20 -165 -45 -228 180 7 -70 127 162 -27 -63 132 248 241 196 22 60 41 120 235 -137 -114 -210 -156 199 36 94 -118 111 145 -131 149 -200 148 -233 237 -29 -150 219 63 21 -111 -19 115 -34 -181 187 -237 -94 45 -187 143 -167 231 -116 232 194 169 176 151 -201 25 58 122 88 -246 84 67 170 -37 -208 222 -76 8 52 -21 78 92 181 126 202 158 216 -80 -101 -128 225 -247 154 204 38 -132 217 -130 -67 -143 17 69 144 -53 5 -122 139 -98 -26 -43 -55 164 215 116 -58 19 14 -71 93 210 4 -136 186 -177 136 -105 -119 174 183 -192 -57 18 -17 134 -152 -219 66 23 -209 -68 -198 -242 -48 188 -214 90 -133 -172 -193 -83 98 -50 -161 155 -162 -139 -4 226 39 114 185 -191 -239 182 -224 -205 -160 128 -54 2 -176 11 91 83 89 -174 -159 -215 13 123 -112 -190 189 173 -60 -170 -203 56 79 27 -104 -18 -230 -103 -206 -2 40 121 153 95 -155 -217 -74 -173 72 -134 104 -42 97 137 71 -110 51 6 168 53 -3 49 -154 -16 87 65 -81 203 -238 -186 228 178 -78 177 156 -62 124 -85 31 42 86 -22 -51 -189 -234 -25 201 179 107 80 33 -213 167 192 113 -197 -207 229 -121 -69 -221 24 9 -216 -59 -164 -226 -229 
TEST 10 ARG:93 -215 233 170 -106 228 -72 -107 90 -109 -183 -224 -42 20 -158 173 -48 -115 -172 219 130 34 -110 65 -11 -26 207 142 -168 -193 -240 -125 27 -189 198 -226 84 220 -153 238 119 32 31 125 211 152 234 -92 191 -12 -206 140 232 -214 1 33 206 209 -93 18 -71 236 -4 -44 -144 62 -69 145 71 216 176 210 229 -84 8 101 -88 -60 -210 -80 -148 -231 -23 69 -37 36 -222 235 5 -219 -149 -203 -2 76 -223 217 -182 -152 128 -188 -22 -9 39 141 30 43 51 6 -89 -96 -234 156 -220 -31 -81 53 -112 118 26 -51 -27 -225 24 -171 -141 224 -65 2 100 -117 208 -241 15 -198 78 -197 175 -66 94 -196 161 -178 110 138 102 55 165 -28 41 189 -190 -238 227 239 -55 14 92 22 -185 -175 157 96 108 -40 82 -229 223 -36 -137 66 56 185 -103 -35 -159 134 155 -134 -247 -38 -121 -122 104 166 -41 -248 168 -70 -5 199 77 192 -16 -177 -135 45 -232 -143 -243 230 -118 -62 50 188 47 -139 -173 -230 72 244 -34 -8 169 -150 213 -116 184 -120 -127 -94 148 214 -47 -77 107 183 -75 149 -169 -145 -101 11 242 -246 -155 187 248 212 17 -105 -129 98 195 -208 -98 135 -180 60 182 61 -176 97 -218 193 247 25 -119 178 -49 -58 70 -73 57 -76 154 -213 -78 89 -97 -59 -204 44 -46 19 112 -15 -217 -87 196 124 42 167 204 -242 21 -236 -216 -10 115 -194 202 131 203 -191 48 -68 105 -167 218 150 23 -56 -18 121 49 -53 85 122 222 68 -195 -166 190 79 -130 -30 52 -136 35 -90 -113 -181 -212 -85 99 -67 -32 -50 -154 -123 194 111 -54 240 -108 4 -7 246 -156 -157 37 12 -186 164 205 144 -132 136 -228 245 147 3 10 -140 7 -164 -202 -165 114 -52 -25 113 -235 -162 95 146 -199 -147 180 172 -104 -64 159 -61 -29 -227 -91 -221 -179 221 -160 116 226 -21 153 -174 64 -13 0 13 -209 88 106 -200 171 120 59 -128 54 83 237 181 -151 -170 -102 200 74 225 -39 38 -138 -83 86 117 -86 -250 -20 91 -79 -17 160 29 -63 -74 -33 137 73 127 -163 197 139 -114 -111 -3 -1 186 132 174 243 126 -126 58 75 -124 -187 162 -239 -43 -45 -192 9 -161 -6 -237 -131 151 81 -244 -100 80 133 46 -57 163 177 16 -14 -207 -201 123 -233 103 67 -245 -211 215 28 -19 87 -184 109 129 -24 -82 231 143 201 158 -146 -205 -99 -142 249 63 -133 179 -249 40 -95 241 
TEST 11 ARG:-20 -91 -200 76 87 -207 203 -140 88 0 148 -193 134 -16 -73 15 -130 -19 196 -53 -50 -88 22 -215 23 151 -31 71 -226 -17 107 6 5 -145 -102 146 -23 -217 69 -139 223 37 -41 -121 152 230 225 168 -33 116 -113 -111 -191 97 -156 106 185 -219 -205 -76 246 -154 -60 44 232 -232 141 64 -158 -26 182 183 145 -188 207 198 -235 -134 -189 -39 4 -25 -78 11 205 62 -190 -8 78 -137 -203 -175 74 -84 83 -77 170 167 -142 -198 96 144 17 -34 -83 241 -122 115 -183 -233 -5 -138 60 -22 -192 -48 30 -169 -181 -171 42 99 19 191 -186 -96 55 214 173 -108 -250 -201 9 79 46 193 229 18 -212 -178 -40 121 -170 -2 -105 13 220 -75 202 -94 61 -237 171 -104 -197 -112 136 91 132 24 -1 -243 -206 -204 249 195 -7 -227 -64 53 66 -143 237 105 -152 12 179 -98 -4 50 -239 216 188 -155 -101 -230 119 -161 -180 131 -99 197 -196 36 161 138 -52 -177 -126 219 -248 -231 39 139 -15 -43 -55 244 226 57 -131 -194 133 -146 7 -129 -35 187 128 65 70 -29 158 -110 -224 137 20 -125 181 85 208 238 21 3 221 -182 103 31 -32 -92 -147 16 192 101 -174 -54 154 124 -160 32 206 38 -168 -184 -220 -179 129 -28 -150 -3 -144 45 224 -69 -163 -247 -135 -56 -117 51 68 175 209 67 -116 149 120 -74 -246 -115 190 -9 -153 233 -37 -11 169 43 157 180 47 95 82 239 -13 -85 98 -214 -114 -51 -45 245 -151 40 -222 -58 28 26 -46 166 -67 140 -93 -157 -223 -127 10 178 215 234 90 -118 -63 1 111 63 92 -47 -119 -148 -18 143 109 -12 -106 218 164 213 -225 -245 126 -59 142 -30 247 108 -81 -24 75 14 211 -44 227 -100 -87 112 -109 172 113 34 -133 -159 56 -68 100 123 -79 130 -6 -210 94 210 165 -38 -123 194 -80 -221 104 222 212 125 48 2 -136 -167 153 -149 86 236 -238 147 27 -61 89 -234 -208 -229 189 -173 -199 49 -213 174 235 8 -187 -21 -71 -65 -176 54 -66 199 -62 84 29 -14 -164 52 -49 -36 -82 -240 -86 -165 -124 176 73 81 102 -90 59 -57 80 58 33 186 -166 -120 127 162 35 -195 -211 240 -141 217 163 -42 200 110 -89 -70 -107 117 135 -209 201 160 -249 -128 122 -241 114 -72 118 93 231 243 -244 -162 242 -132 228 204 -95 156 41 -236 159 -10 248 -27 -185 -103 -97 -218 -216 77 155 72 184 -172 25 -228 150 -242 -202 177 
TEST 12 ARG:113 -60 60 -65 86 238 2 -205 -212 -24 42 153 138 -70 -237 193 173 -122 59 -62 95 36 17 -57 -67 14 5 43 76 195 218 202 -140 -36 9 -51 -106 130 38 -33 164 171 61 -26 -137 237 -79 249 199 90 -1 67 200 -184 88 135 -211 46 197 241 -76 -141 204 146 64 -7 106 -41 152 -40 219 158 149 26 -206 162 191 -52 -216 -202 -11 6 155 233 65 -66 -172 -198 100 72 160 131 99 4 -21 -230 239 190 34 -145 -42 -214 -224 -32 222 125 -88 80 -136 174 188 -223 -133 236 -12 126 91 -160 -128 -250 89 104 51 -43 -229 -195 -37 -232 27 -152 217 -115 -135 141 -217 -120 -38 21 -74 -225 -244 108 136 -246 -245 69 246 -248 111 -158 196 18 70 -243 132 -58 123 228 -234 -221 192 -156 -101 -97 210 23 -125 -220 -124 161 -132 -186 -19 -46 240 3 120 -149 157 -18 98 215 53 37 203 -27 58 -189 1 15 -23 226 -227 -39 145 -111 -103 139 71 20 112 -178 48 134 -236 -226 -174 175 122 -183 25 -157 -235 176 -84 147 78 -56 -169 235 -17 -239 165 -177 -9 209 148 -72 -201 -200 -148 -64 -80 -14 -98 248 102 13 -13 242 -144 -121 151 247 74 -8 154 201 183 220 -247 -112 119 35 -182 32 156 144 -209 206 124 -95 -171 216 116 -134 -6 244 223 -238 -108 129 -219 62 -242 103 -92 -240 -193 184 -131 68 55 -129 84 -3 137 -241 213 -10 -159 212 44 -71 33 -190 -161 159 205 172 230 63 181 -153 -165 -82 -222 40 -61 -191 -231 16 47 45 -75 143 -50 168 -228 -83 179 -142 -15 30 -114 -4 -146 -87 85 186 198 -213 -110 207 -31 -78 -53 -181 87 -34 187 -196 -99 31 81 -170 225 245 -210 66 -123 -249 77 -91 12 105 75 96 -199 -100 79 -207 52 -194 83 -25 -127 -233 50 110 -168 -81 -94 214 -90 118 142 -96 128 140 170 -22 -130 -167 57 127 -173 -151 -69 -147 24 114 -59 243 234 194 -77 189 -29 -73 -68 169 97 -2 232 -185 -150 109 41 208 -155 211 22 56 -204 -188 -179 121 39 49 11 -162 182 0 -203 -93 163 -85 -143 92 -105 -192 -175 224 7 -104 -113 -47 -138 -117 101 -48 185 -86 54 -208 93 -63 8 -163 -139 -16 29 -20 -28 82 -109 -154 -35 107 -116 180 177 19 -197 -89 -107 221 227 -55 -49 115 229 -119 -5 167 -180 -166 28 150 -118 -44 -54 -187 -45 -218 -126 94 133 117 -102 178 -164 231 -215 166 73 -30 10 -176 
TEST 13 ARG:235 -163 -229 -195 69 -96 143 44 37 -184 75 -130 -73 -119 144 220 -91 -14 -237 -56 26 9 -47 -238 -116 -104 195 207 239 226 110 -81 168 145 100 -117 89 -87 173 211 227 248 68 -38 54 80 241 -170 -44 177 -222 -69 -157 -226 -236 186 62 -207 2 -46 -161 -50 73 -11 -82 -97 14 -39 -219 -231 -37 50 130 -209 -71 -139 152 -132 20 136 3 -136 42 190 -5 -53 35 31 18 39 200 208 0 -168 -109 185 -202 -22 -173 25 91 60 -48 -203 -23 162 27 -118 127 114 88 16 -16 238 -234 -64 111 -233 -121 -1 105 -55 -224 244 151 -153 -186 74 -34 45 203 -17 218 197 -228 246 63 219 -241 -29 -89 -149 -88 -70 163 -102 -9 -133 65 132 -76 178 120 -42 -25 -120 118 53 -19 22 -183 -106 -67 -182 170 215 -240 -162 125 -221 -248 -165 205 -218 131 -250 33 94 8 -197 -210 -72 51 107 -140 -235 -137 67 134 -60 64 -74 86 -216 -239 79 -151 -249 180 -90 119 -230 -79 -178 -7 11 61 -164 150 71 249 -232 122 -188 -122 129 175 176 -142 -124 -95 83 113 213 182 -159 90 -80 -18 -100 57 183 169 -21 234 164 34 139 58 -86 -40 198 108 -66 160 232 -103 161 -144 -110 66 155 -208 -176 -174 -217 -84 -199 216 -20 -75 -63 165 -245 196 -52 104 230 -167 -147 -8 231 -26 -78 224 47 -4 156 193 106 158 149 84 -201 17 -35 -146 -128 -205 202 -58 117 32 43 -33 181 95 -187 99 -77 70 229 81 -15 191 -3 -244 109 116 209 55 12 146 103 -93 48 59 -177 15 -27 -123 28 192 240 225 -160 -107 -94 -166 -215 5 -45 87 -112 -98 -49 -31 148 -220 -198 -180 -135 -129 128 -28 172 -158 7 -65 13 -246 204 -212 101 -152 23 124 40 98 140 126 -194 49 115 -127 97 -181 121 -141 -41 -126 -204 112 -108 188 -155 -83 -57 223 157 6 187 228 -111 159 245 -145 21 -62 236 82 -169 -68 -10 -211 96 -125 19 199 -193 242 -227 77 133 135 189 52 -247 -172 174 -99 -179 102 194 179 -43 153 -200 184 138 36 -114 -105 -92 4 1 206 -156 -61 -225 -154 -214 92 233 -24 -36 30 72 46 -150 147 210 201 -175 167 221 142 24 243 166 247 212 -101 -30 -192 -242 -113 222 217 78 -2 -6 -51 -223 -54 -59 237 -148 -196 171 -13 -191 93 214 -206 29 -171 -115 -213 -143 -12 -189 85 76 -138 -185 -134 41 123 10 38 137 -131 141 -243 154 -32 -85 56 -190 
TEST 14 ARG:-83 -200 107 48 100 99 -2 -105 38 203 -144 233 187 231 77 15 -90 23 103 -36 -198 -148 -70 1 111 -181 -81 85 -169 37 -110 -14 -127 182 127 -17 121 5 170 -166 -178 -7 -204 3 -25 -219 35 -54 -82 154 -239 -189 57 67 -202 169 -92 239 -138 244 246 195 -21 -158 74 14 -27 191 79 -247 -167 -121 93 -140 -126 -72 247 -109 -160 40 -234 -156 71 -249 174 -67 95 98 -5 156 125 235 -183 142 118 138 -76 56 12 -50 8 173 55 213 -212 194 76 -146 61 65 210 131 -96 -55 -65 139 -3 -53 36 -6 205 47 51 -170 241 -104 166 16 91 33 -227 83 149 223 -195 159 -248 116 69 -41 -185 -208 -39 -129 234 -31 237 -33 54 -153 -58 26 192 -245 -117 28 -203 221 -159 -111 -131 84 -24 -229 -157 -150 -91 197 226 204 218 104 -32 137 -94 49 42 108 -213 -190 126 230 -165 248 -34 200 53 -123 -175 151 122 189 160 72 -142 101 245 -232 -22 217 -103 128 -13 59 212 -223 -168 -155 -38 -108 -217 -237 -145 60 158 87 -66 -220 62 -64 -115 148 63 7 -176 136 152 66 208 -149 -141 -8 243 -225 -71 105 -132 -231 -56 70 -179 -101 114 68 -236 190 31 -84 -78 -122 220 -60 163 -87 -18 -192 -244 -172 -243 88 75 150 240 -235 -177 -124 -29 -187 -136 64 228 -215 -106 -59 184 11 227 -152 44 52 -163 145 13 102 -151 -137 -139 80 -52 -214 117 135 -98 209 -197 -205 157 113 171 219 140 94 143 207 -193 178 133 -173 155 -44 -230 6 -125 17 -161 -19 -45 96 -102 120 32 162 222 181 -99 109 -9 -188 236 43 206 -221 -184 30 164 -171 -49 144 -40 -246 -216 20 9 -118 -37 193 -112 -194 -85 129 39 -12 -182 175 -95 -114 50 130 -241 -207 -28 123 -15 -74 90 -211 -210 -238 -62 172 180 115 183 -196 216 147 186 -51 -128 -63 215 25 -1 -97 -93 -68 179 -10 188 -206 -222 -226 -75 78 198 82 -233 29 141 41 196 232 -135 177 -240 -147 -46 165 -73 -48 45 92 132 168 86 46 242 161 -20 249 -69 -120 146 -26 89 -113 176 134 -250 238 -23 34 -164 -162 10 0 -86 -134 -191 -77 -43 167 211 -4 2 22 -35 -209 -186 27 81 153 -174 -42 -116 -143 -228 4 -242 21 201 -100 110 -107 73 -218 -16 -79 124 58 -61 -130 18 -89 19 -57 229 -133 -119 24 202 -88 97 224 112 225 -30 185 -224 -47 119 -154 -180 -80 -201 -199 106 199 214 -11 
TEST 15 ARG:31 59 20 -201 -120 -64 114 -241 206 57 179 124 24 1 -181 -25 247 -47 -226 -168 -67 197 -189 -145 29 -207 -52 2 -13 -96 -116 58 -150 -26 3 198 55 -186 -40 14 -190 -234 -43 -88 -137 -228 106 -113 162 17 248 -165 108 -102 233 214 171 99 -177 190 102 112 -163 109 30 230 221 -62 152 7 75 -182 169 -246 174 -132 122 246 -42 -98 -72 140 218 202 -112 -79 172 -119 168 -54 -48 132 -195 -144 245 188 -44 -231 -58 -170 231 -86 -158 -206 -80 78 -200 8 37 22 -91 210 -149 118 -107 -18 -17 -53 -183 -196 166 225 192 -192 -178 111 -249 -202 -227 195 27 69 220 33 36 -82 -193 18 13 -22 -233 204 -109 -191 -16 0 -78 71 -6 181 155 84 -11 193 -55 -84 -135 -167 -245 -41 74 -30 91 -219 128 -208 -95 89 54 -243 -75 -217 62 -33 161 -205 76 23 -128 -209 -142 94 -7 -105 -172 -164 201 -77 -225 194 -124 -56 -188 148 66 41 9 100 -93 224 -21 -31 213 150 199 -215 191 185 207 10 -203 -74 -94 -147 -76 243 134 26 200 -3 143 53 -220 -239 -221 -160 -129 -12 165 -148 103 -238 -38 153 87 163 -187 226 42 -151 167 47 180 223 -242 -46 68 79 -87 -154 -122 187 104 -143 25 189 203 -213 -230 237 149 229 21 157 -140 196 -123 113 -173 244 -131 -179 72 -85 147 -180 -32 -118 217 5 -45 -224 -194 77 116 -211 -1 -106 215 110 -125 -210 232 170 129 92 178 -216 101 139 -35 -146 63 88 -110 239 235 -28 93 -92 -104 240 -166 -237 186 159 125 146 32 96 184 -81 -65 -171 242 219 158 -218 12 145 16 -61 -115 40 64 -27 81 86 205 160 39 19 -51 138 -8 51 -73 -153 -37 121 182 236 115 -60 177 151 -214 -70 211 -248 -9 -101 35 -24 154 -90 97 -159 119 49 34 28 45 -4 135 -34 -236 -100 -59 222 208 142 117 234 -15 -212 175 -244 183 -152 -126 173 209 61 123 43 -247 126 -240 -57 -68 -222 -185 46 212 131 -127 -229 85 -2 -232 -14 -66 50 -117 80 52 133 -175 -29 98 238 -134 73 -63 -204 6 -176 -197 176 -71 95 83 90 249 -162 -121 -89 -157 11 120 228 -19 -174 -141 -138 227 48 38 -114 -111 105 -156 -235 144 -23 -223 70 -199 -198 141 -250 -155 -83 241 -36 -39 216 127 65 -97 -10 56 137 -50 164 -108 -99 15 -5 -139 156 -20 136 67 130 -103 44 -49 -130 -184 -169 -133 -69 60 107 -161 4 -136 82 
TEST 16 ARG:-53 127 85 -78 89 208 82 103 -159 67 113 130 158 152 32 146 -44 -175 -93 143 -184 -52 -155 111 102 -246 -77 83 231 -230 153 170 -202 -92 10 -172 -191 48 98 147 -167 -239 35 116 155 -181 -242 -76 75 86 -18 163 -116 72 -141 -190 226 -74 -185 -210 214 57 141 -59 240 -244 218 230 -29 -130 -217 176 -238 183 124 69 209 -10 6 203 194 -16 -96 115 -75 186 -55 -79 -161 -143 -27 14 119 11 -151 -241 -98 -168 -224 -192 162 -170 -51 210 60 81 94 192 -28 -236 -235 244 -174 -150 88 -204 -205 -136 202 -82 110 54 -39 59 -25 190 -113 174 -199 31 180 243 233 215 -196 169 -56 17 55 -12 148 -183 -13 225 104 211 -132 -100 234 70 205 -80 142 -171 189 -233 -64 7 219 66 196 -227 178 96 123 -32 -173 213 68 -2 -207 -95 -99 62 74 -50 30 249 -43 238 184 -154 16 -35 -219 49 19 -90 187 -218 -114 -21 140 -165 50 -250 -4 150 -108 -234 -147 -31 29 -195 -228 107 -162 -156 179 -142 91 21 -69 -188 -110 -26 154 245 221 -81 229 -45 247 -68 128 -225 159 -1 -248 -126 -125 149 -134 -138 51 -7 164 53 -169 93 0 -119 135 134 90 -46 -22 -65 39 126 -237 191 129 -149 145 33 92 -137 38 -8 -87 101 -247 173 -102 2 -115 -38 27 222 157 167 236 -153 121 125 -63 131 45 -17 -49 -186 -70 138 185 223 52 -6 -105 -133 -187 232 -131 42 -206 95 77 -208 -232 246 -122 -24 -84 28 25 -89 84 -197 -72 201 -58 87 43 -57 -140 175 65 -106 133 199 23 -61 -148 -213 108 195 71 -124 26 227 61 -214 47 58 -111 114 -83 -201 -41 117 171 200 198 -15 -30 -222 -135 -104 120 212 -221 165 188 -121 -85 241 -71 -158 118 -40 15 -88 -107 -120 12 73 -127 4 5 156 216 166 -203 139 204 1 -97 -128 -14 112 -19 242 -180 63 99 -73 -245 -101 -129 144 -179 -146 181 -54 197 -177 -86 79 -11 -164 -9 239 9 -94 -189 -194 -47 76 182 -166 106 -20 160 -182 -67 -109 -209 41 105 -193 217 -249 -117 136 -160 -231 13 -60 46 36 161 -215 -36 18 -118 -211 -3 -37 -178 -33 237 24 34 168 -198 56 -145 -42 -66 220 -200 -216 122 -176 137 100 20 224 -157 80 -5 -212 -34 206 -220 -123 3 40 97 -152 -62 44 -48 -103 8 -23 228 -243 151 -91 -112 78 207 -229 172 -139 -240 22 248 235 -144 177 -163 193 132 109 64 37 -226 -223 
TEST 17 ARG:-44 -76 149 -236 -145 69 -211 188 -220 -119 -232 115 80 183 173 161 53 234 -195 18 -158 39 -184 119 -79 -165 68 -205 -216 150 -90 -139 -50 -58 1 -88 195 154 64 101 155 22 -163 -161 206 8 40 -237 138 -198 -72 -160 -62 -97 0 -132 12 -4 212 -52 -75 -234 41 -219 190 -175 -103 184 140 -117 152 -93 222 -172 -137 16 -243 213 -105 135 245 -123 -12 74 -49 -242 9 134 -32 81 -46 -96 174 168 -153 56 -170 83 -29 153 -106 -131 175 11 117 85 78 142 -111 133 -249 -207 -141 -6 -107 239 211 -125 182 -134 -21 -100 19 89 3 47 -104 -208 -91 -212 177 -228 -2 112 -129 221 -245 -200 -89 -227 -61 71 88 111 122 -69 163 -87 -8 -169 93 219 209 -34 31 -140 62 215 -37 223 97 10 143 118 -235 33 -83 -38 63 6 103 225 100 -54 -70 46 -166 -112 217 57 170 4 220 95 52 27 -133 49 20 -203 -24 160 34 15 -155 -22 -115 75 172 -74 -164 114 108 -41 36 26 -59 181 -13 226 248 204 -250 -53 116 -222 -240 125 58 -138 -17 232 -7 -171 147 231 42 -60 -26 54 -192 193 -116 51 132 44 38 92 249 -218 128 144 230 -186 148 -183 -127 66 -35 -84 -204 -181 176 199 79 208 171 -56 189 194 -142 50 -124 -177 73 61 -189 23 17 48 -66 -102 -229 -39 -238 102 94 243 185 35 131 -40 -67 99 238 -82 -11 -224 -23 247 -215 13 -16 -199 -247 227 -157 -147 137 105 32 -196 126 -101 -248 110 -156 -244 246 166 218 21 76 214 235 -73 -230 -206 -213 -36 -176 145 -126 -3 136 -99 67 -194 -121 202 84 -146 167 5 -214 -159 -94 -80 -221 104 -197 -108 236 -210 196 162 -10 201 -162 -14 240 165 107 -113 -78 -143 244 30 90 -92 -85 -118 -180 24 -64 233 139 179 28 -95 -33 186 -187 14 187 106 -30 -151 -217 -178 -167 120 29 -47 164 -68 -241 124 59 -231 207 -190 -223 -130 -77 -182 178 55 -168 -98 70 -15 -201 86 -57 -45 229 -114 37 -152 25 -71 -18 242 156 192 -136 -5 205 123 -246 121 180 -51 127 77 91 129 -239 -135 159 -185 -188 -122 224 -173 -65 -1 -48 -20 237 65 -27 96 2 -150 72 60 -31 113 -110 -128 109 -9 -226 228 -43 151 87 -120 197 241 -144 82 -209 -81 169 191 157 -149 -109 -154 158 -55 203 -42 141 -193 -174 -225 198 -233 146 98 210 -28 -148 -179 43 -202 -25 -19 130 216 -191 -86 45 -63 7 200 
TEST 18 ARG:74 -21 -143 -113 -128 210 -131 -45 127 172 -137 28 -216 -93 17 133 -211 -235 -94 64 3 60 83 249 18 45 -140 -181 -233 240 -237 234 138 -5 80 -25 -43 149 -178 -182 -208 187 -31 -133 119 196 -69 29 -149 56 -79 181 -189 -197 -61 213 -64 199 -210 52 63 -28 -16 220 194 -242 -207 233 165 113 -176 -96 -59 204 -157 -226 198 168 -144 -24 -201 180 190 135 -151 -101 -90 -160 -154 144 -77 14 145 115 224 -46 -42 33 140 105 -29 108 232 4 32 -63 158 132 -165 100 130 219 87 -14 -153 128 142 46 -179 88 148 -232 40 -199 152 216 134 -26 67 147 -147 -183 -174 -146 9 176 -34 -44 189 -104 -123 203 154 104 -186 13 -1 118 -170 -213 245 -150 143 -39 94 243 -246 -13 -97 -68 -109 125 122 -83 -227 -217 -122 197 177 -10 -156 92 -168 -234 41 73 44 -58 -4 239 -111 -47 -89 -62 49 -162 -224 -205 81 95 -51 -125 53 163 -247 -70 -116 -22 -164 -75 -120 -228 -248 184 -117 126 98 -18 -107 -40 -191 22 -121 93 -88 -250 244 43 -73 -187 -195 -92 47 193 -209 -95 179 48 55 36 169 10 -23 131 114 195 38 -238 159 -145 186 -72 -200 -222 -106 30 -41 -33 -141 150 77 230 157 -188 120 103 -12 -127 162 124 136 70 202 -167 161 164 -60 8 0 -57 -196 -56 -229 -115 -19 76 -30 137 85 6 191 72 182 -142 62 39 215 -185 50 -17 237 -161 20 -52 129 -110 242 -159 -240 228 -87 205 170 109 -136 229 -203 78 123 -65 227 121 -20 217 -231 -55 -172 -180 -35 178 -100 241 211 174 214 96 -214 86 -219 -173 35 34 5 192 -194 69 212 -50 -102 -114 7 207 246 -245 -215 -239 231 116 19 -91 -76 -171 89 -190 221 146 -112 -158 -163 -49 -132 167 66 16 -220 -134 -105 156 141 208 173 106 -7 -135 235 26 -244 -15 -11 54 23 117 -175 2 225 112 155 248 -8 -223 -27 61 65 185 -198 -249 -166 -53 -218 -6 -84 27 -152 209 -85 236 1 222 21 -193 -202 -3 -9 -230 171 -78 -38 -103 75 223 218 90 -138 200 91 226 -32 -169 151 238 166 11 -80 -74 -221 37 84 -204 -67 -192 -139 183 -206 -225 25 15 -241 206 57 -177 -108 -124 -66 79 -36 -2 68 153 -37 -129 -155 -82 101 -126 107 51 -130 -119 24 -243 201 -118 -212 111 -86 58 -54 102 247 139 12 71 -71 160 59 188 -98 -81 31 175 97 -184 99 -99 -148 42 -236 82 -48 110 
TEST 19 ARG:-23 60 -175 11 194 188 231 -210 -63 -126 -180 50 109 -35 40 -132 92 56 -154 13 106 141 -42 -242 -102 -68 -74 -72 186 -98 -145 241 195 -170 176 -214 -164 218 175 191 103 -213 -151 1 -81 137 -11 -58 117 -26 -217 -202 179 57 -84 -235 -73 80 190 -90 -250 165 -24 -231 97 172 -135 235 78 15 -227 -131 243 131 -114 62 239 -39 -238 -200 -234 115 10 -152 -57 -206 53 19 -75 -65 118 -192 -50 -53 155 -51 -207 22 234 64 -203 30 -27 -108 79 -169 81 -181 130 140 -141 -19 -33 173 161 116 -185 -130 -85 187 -248 -20 83 -222 -155 -136 244 -97 246 -189 -83 -82 202 -127 224 147 100 -177 -59 -197 68 -140 -5 248 180 -101 203 -124 162 208 49 -144 -237 -37 -47 61 -225 69 220 -241 -150 43 193 16 110 -239 -21 -66 -95 29 -111 33 105 -62 12 -80 37 216 142 46 -137 42 157 -138 167 -6 67 31 215 205 102 -8 5 48 113 7 -54 -110 198 -216 89 -43 -160 -88 120 -172 -52 223 24 -4 -115 -219 211 95 -87 -2 -106 91 2 221 -190 28 -174 -40 209 228 177 143 -79 -69 214 138 133 -245 34 -147 -13 -157 -183 107 -94 -99 -36 160 -46 -60 182 17 -25 -112 -104 32 249 -163 -70 -167 -211 8 -44 229 -123 4 -208 -16 -196 27 -232 -77 -148 168 196 134 -171 -193 -187 26 -158 -198 206 72 -188 -143 126 -118 -86 -93 217 -142 -165 200 -220 207 124 76 -186 82 -78 -247 -218 132 -67 52 151 -139 45 94 -64 238 184 -161 41 -117 -199 -120 70 -204 123 -221 -38 136 -249 127 -226 54 0 -224 -41 -173 -223 -89 236 51 -103 213 153 47 63 -96 14 227 20 159 -22 104 -49 59 -215 -125 183 111 -107 -76 112 148 -195 233 108 85 146 199 -182 -113 174 189 25 73 -105 21 9 219 -12 75 -71 125 -30 240 245 71 -236 36 98 150 121 -10 -194 149 178 -7 -109 -15 192 169 197 144 122 145 -1 164 247 3 99 -230 -29 93 90 -209 171 129 -159 -243 -9 -146 -134 152 212 226 -176 210 225 6 -121 -32 74 -184 166 -246 18 -228 156 -28 237 -100 139 -91 230 -18 232 38 -179 -119 -240 -31 84 39 -191 -116 -133 101 58 -122 170 201 135 114 44 -48 86 -233 -229 -212 185 -3 181 -178 66 -162 23 -205 88 -92 -201 163 -56 128 -149 -156 -55 158 35 -61 -34 -168 -128 222 -129 -45 -166 -14 -244 55 -153 242 154 96 87 119 -17 204 77 65 
TEST 20 ARG:-132 141 135 -225 -227 -115 204 33 118 -151 -48 88 -40 75 244 155 136 37 -62 -240 84 -74 31 0 -126 112 -198 100 189 -156 -175 -178 5 104 -155 -186 222 -65 -145 -92 200 -114 134 68 -220 130 -149 -172 153 -101 40 126 -182 -20 240 -55 -38 -124 -33 -237 -91 -24 -56 -174 178 -37 -93 -45 -3 -105 210 -223 151 -222 115 -197 -8 -125 20 -130 6 -5 -193 -235 -214 80 28 -47 -113 -21 -158 -2 52 -128 -134 167 190 81 -72 209 -83 125 -18 -64 -49 -46 -209 77 139 99 123 166 -215 -106 236 -28 -139 98 30 -116 219 165 -89 197 169 152 67 129 -160 -17 2 93 13 78 160 -190 -90 147 -169 -81 145 -183 238 -176 -118 -51 214 -70 -11 59 -77 -61 142 32 -141 225 27 -239 192 -110 218 -165 -249 76 -75 -43 17 -100 65 96 15 -29 131 206 -238 -23 83 85 223 -133 177 138 -233 234 -59 35 229 -170 -9 179 132 7 82 -19 -32 -94 90 117 103 -50 -211 146 -163 29 -242 53 -147 -42 -4 -136 -199 -13 102 -243 -144 -39 58 -228 41 230 109 -121 168 -10 62 133 -244 43 -148 144 162 226 1 92 -41 -30 191 -226 212 25 -79 -161 -159 157 171 -224 -167 211 64 248 -200 -109 -218 -98 70 150 216 -58 9 163 -230 245 -196 39 -85 128 -219 249 -68 74 -177 247 -217 -191 -171 -201 -54 63 -135 -27 -71 110 213 -185 -26 172 242 -112 -60 176 -184 51 89 187 -180 -247 243 42 14 181 56 -152 49 105 12 194 239 -187 -195 -208 -154 -86 -107 154 -181 -66 -52 47 175 -95 196 180 -202 148 -122 237 -234 16 198 3 119 203 220 207 66 19 -16 -119 120 -246 183 -22 108 173 -87 10 246 124 -120 -229 -82 159 -168 186 55 182 38 114 86 -153 -138 -73 50 -206 91 -150 202 137 24 -179 34 -164 -143 79 227 233 54 -203 45 -173 201 -80 -96 -129 36 164 -137 -53 -88 208 116 188 -189 -31 -207 -1 -205 193 -131 94 -35 -194 -36 156 161 -204 8 -162 -117 -69 72 184 -25 -213 -104 -103 22 106 -12 170 -166 -7 -140 -142 -15 -57 224 -67 73 158 -6 221 215 107 -248 48 143 97 87 -14 -232 232 -63 205 -108 231 -78 21 111 228 -127 57 195 -212 61 60 26 122 -76 113 4 95 241 101 140 -97 174 -210 -192 -34 18 235 -245 199 69 11 23 -236 -146 46 71 217 -250 -231 -221 127 -188 -216 -99 -111 -241 -84 -44 121 -102 -157 44 149 -123 185 
TEST 21 ARG:-152 -94 -221 -139 118 43 14 -76 -186 -66 -126 -242 -224 186 50 132 -83 -119 -89 99 -223 141 145 224 82 -218 -171 90 48 232 -5 1 24 -247 139 0 -146 188 198 148 -22 -125 235 -58 78 -116 25 -243 -85 -61 -178 98 -237 -236 231 159 -123 121 -187 244 -250 32 228 -93 44 193 46 -140 104 63 191 -96 -8 106 -164 127 119 -13 -215 -134 -19 -86 77 6 70 241 -175 117 -99 202 -109 -129 31 113 246 94 208 192 -167 -79 -127 80 -155 150 73 -36 153 2 19 243 137 97 37 92 -124 36 181 239 -212 54 -63 238 59 -231 -41 95 62 -57 -136 16 -181 39 -160 -69 -37 -145 -239 -246 -130 195 85 -49 -244 144 83 -204 -117 81 -241 242 203 171 -20 -81 151 168 136 -68 -128 -16 -225 -97 -138 75 41 110 -52 -105 -40 233 112 108 84 173 -232 210 -77 -6 -182 42 -21 -59 60 -103 69 160 53 -84 156 175 249 -53 87 -240 68 91 -210 13 138 -161 109 -33 -195 64 -190 -211 -207 -194 -112 -198 -141 26 -34 128 226 -151 212 -188 122 -184 52 -203 -27 -3 61 184 130 -144 207 -62 -75 51 -147 29 -166 161 -201 -222 -196 27 -38 -209 65 146 -92 -245 180 133 -39 178 74 -100 -11 -162 79 -54 -71 -153 -12 -67 -106 -115 -114 -9 211 -235 162 10 -143 18 -30 135 222 56 -98 -191 248 -55 -1 166 -121 225 -46 -95 -197 88 -102 247 28 -65 -185 -234 -199 71 -148 -60 223 116 -113 237 20 -172 199 167 33 200 236 -56 -176 185 15 230 35 -230 -45 -206 21 -154 -74 -111 -82 -132 -91 -179 -104 -7 204 149 -174 -10 -219 34 105 124 -149 -180 9 -220 -35 229 214 93 221 -216 89 -177 131 190 -249 -205 -169 47 -48 107 -90 -72 -213 -24 -163 209 23 -17 -120 179 176 -2 -23 -78 -233 177 -193 115 17 66 -137 -32 245 194 11 -14 -157 -43 140 -70 -248 169 -87 -4 142 215 126 102 227 172 219 218 129 134 157 76 -42 182 -189 -214 -168 -64 96 174 -170 170 -165 -108 -238 -31 -73 -135 197 111 58 57 55 183 206 86 120 -80 -217 154 45 -44 114 -227 125 -202 40 5 -192 101 -88 -142 -131 38 12 -173 -133 -51 234 -25 158 147 -159 187 -183 -15 143 -200 -226 -110 -47 -228 213 30 -26 -18 -229 49 -50 220 72 67 216 164 8 100 123 -208 -150 205 -156 -101 163 22 217 -118 152 196 -28 240 -158 165 189 -107 -29 155 3 7 103 201 -122 4 
TEST 22 ARG:127 142 -99 64 -207 150 162 -130 92 102 -213 89 -1 -79 225 164 -174 -96 -203 16 70 -211 -118 -52 73 113 -234 -107 -58 -74 -56 206 128 3 241 148 -97 -148 165 -94 -75 -98 -81 -85 -86 -182 111 209 189 -6 224 227 200 -42 -202 205 -248 219 -115 30 44 -177 -50 -142 226 -61 12 211 -249 -55 28 83 139 42 172 157 -129 -157 -31 -4 -209 -175 -59 58 61 160 -166 -164 143 47 76 -84 96 59 72 57 -216 -173 129 80 -16 5 87 149 216 -170 166 -51 36 41 232 -197 -218 -243 151 -65 184 -205 -169 20 170 -159 55 -113 33 -28 82 154 71 -77 -30 17 -68 -230 -49 202 -19 203 -134 208 233 -240 -12 7 -7 -20 19 -172 -24 -73 240 115 51 -221 -60 54 25 18 -198 -179 194 110 156 -66 -90 -201 103 66 -126 109 217 204 -225 21 -245 -11 -121 -168 -160 48 138 85 201 245 179 210 104 -149 49 168 -246 -35 196 137 131 -188 -219 50 -224 -138 74 -88 -158 26 -250 -214 125 126 -9 -185 192 -154 -232 -110 78 -63 -165 -15 93 228 75 -176 239 -180 -204 236 -18 -212 -195 -236 -89 159 231 -247 -133 158 -104 -227 -167 -242 167 -80 -44 195 -146 169 112 13 222 -131 -229 133 108 120 -147 101 105 -140 -43 178 140 -186 248 -137 -17 -13 95 152 -241 124 144 -187 171 -14 -215 118 62 -32 -222 107 -178 -62 -57 214 94 -122 -111 -36 -119 -117 177 90 -143 63 -191 -101 174 215 15 246 29 -184 69 -25 40 155 -29 -183 -33 -237 14 -102 -108 -192 -21 -200 -105 -193 -228 -153 37 -235 -162 -40 123 242 8 52 -171 -150 60 161 -70 -132 -135 -239 31 -206 -139 -54 122 -196 -23 -10 119 198 -48 230 -163 229 114 134 -38 -210 99 -5 43 6 -53 -106 77 213 -95 -199 -47 10 35 197 -87 -238 79 -181 141 11 -41 -82 -3 2 -194 146 188 199 173 -64 9 100 46 56 -233 182 -109 65 27 185 -220 -112 -91 135 1 -26 -8 91 212 38 -69 180 -128 -46 -45 86 68 -161 191 84 -103 163 53 106 4 -127 98 190 243 -208 0 -27 183 237 -144 186 -244 176 207 234 147 -83 153 -100 39 220 97 88 67 -231 136 181 238 145 244 -78 -123 117 34 130 -22 -156 247 -223 -136 235 132 -37 -76 -67 -116 -125 -120 -93 -92 22 218 23 116 -217 187 -39 -72 45 221 -145 223 249 -71 -114 -226 32 -189 24 -152 -2 -124 175 -34 193 121 -141 81 -155 -151 -190 
TEST 23 ARG:243 89 -158 -66 -114 -25 16 81 63 -127 -20 -2 30 -228 181 -115 147 -102 -81 -183 204 -247 -198 228 145 -214 151 4 190 112 -9 -53 -41 -178 10 94 36 -176 219 -237 186 246 224 128 -141 -5 -29 27 28 129 -26 -47 22 -201 -149 -61 -111 232 -85 121 -222 -86 213 140 -45 144 -132 -199 -126 -163 -75 -118 139 -50 -37 162 164 173 163 -235 -96 98 -91 125 116 -135 160 -68 -18 73 -17 -205 65 -191 14 195 108 -216 -239 84 -240 -24 -19 -107 99 -14 -217 -249 -177 175 -56 230 -248 -63 138 -113 146 136 -1 -196 107 -129 132 206 -155 -123 -151 192 200 184 -169 -136 -193 -21 -51 238 182 207 -23 -134 -33 -212 -210 167 -128 -146 92 105 101 83 96 -159 170 -202 241 153 -232 57 -154 215 -76 178 -131 119 104 109 218 -6 29 -73 15 214 93 32 24 -215 80 199 9 -88 208 -83 -105 -30 244 -57 -234 234 56 216 -67 -92 -117 185 -213 48 -116 -95 -35 166 -121 43 197 74 -139 -44 5 242 66 -32 165 -87 -238 245 -170 -211 55 47 -78 -242 6 120 130 68 25 -204 76 11 23 126 -138 -185 59 150 118 -192 217 -55 123 -39 72 229 -190 141 -27 -79 127 71 -109 -69 -243 -98 -80 -89 -130 176 38 249 -152 -108 -90 188 -186 103 87 2 62 156 205 69 -197 -49 -65 40 -125 -46 1 -84 179 231 -244 -122 137 202 -157 157 -180 171 -168 117 158 -209 -143 -144 -100 0 210 21 85 -8 110 53 155 -156 -194 54 124 -208 -161 -7 82 -28 -207 18 -48 -231 -233 -133 13 -74 114 86 131 -99 196 35 51 91 -120 97 -153 226 33 -77 -3 198 203 -52 -82 -54 180 -229 111 233 211 -219 236 159 70 95 39 17 61 -162 169 12 -59 44 -150 135 46 -188 149 -103 -195 -160 222 191 -227 237 75 45 -250 113 88 -225 -147 -181 -36 -182 221 -224 172 168 -12 20 -70 223 -148 239 -31 -241 220 133 7 122 -173 -38 -200 148 143 -221 -40 34 177 212 -13 -187 -206 -34 -11 60 49 31 209 -174 -94 152 19 -218 -62 -60 194 235 -245 -137 -97 225 -119 193 26 64 -10 142 -172 -230 247 58 102 -220 -22 -43 37 -184 -140 -106 79 187 -226 -164 183 115 -246 189 8 106 -203 -179 -58 -189 -42 90 -104 50 174 52 -72 -223 -16 3 78 77 240 134 41 -110 201 154 248 -165 -171 161 -142 -124 -236 -112 -145 -93 67 -101 -175 -167 227 -71 -15 -166 100 42 -64 -4 
TEST 24 ARG:-159 150 -24 120 -161 138 -142 11 56 -69 -54 102 -29 19 91 -179 -181 -6 215 222 29 -112 49 221 -7 42 147 173 170 -139 104 -243 -250 -62 197 -145 -42 62 143 25 160 -177 -180 -118 -164 159 -131 125 113 12 -19 -218 -144 -233 -134 -155 -169 207 35 8 -20 -194 -2 243 168 114 174 -60 92 -12 -89 129 -17 -38 80 58 90 -140 -109 -136 43 -201 140 -168 190 110 -167 -21 -47 -83 -183 105 1 237 246 248 -95 172 -93 244 -79 -150 111 -15 -107 98 -204 -223 236 51 126 -11 211 204 83 -219 -32 45 153 208 183 202 -187 161 130 16 -28 9 -238 -100 -172 -113 -35 -49 -88 -61 -132 -78 10 -162 119 -14 23 70 -214 216 87 -76 77 -43 189 -33 -37 -178 96 163 133 -247 152 60 -90 223 154 -138 124 -196 28 -85 249 17 171 -227 -82 18 -65 241 -105 97 195 -245 74 55 165 -133 27 -34 213 -192 166 132 247 20 -9 220 -128 13 196 178 137 107 128 -44 -73 -77 -74 -58 -31 -106 135 -188 -182 -97 148 -87 -225 224 -170 -205 184 -67 -46 -165 218 38 151 136 67 -215 -22 -26 -72 -200 -23 32 -108 -57 -64 -10 -152 206 -210 -63 -143 -80 -98 205 109 -236 69 -234 -36 5 57 -123 -190 66 2 -4 -193 -216 -156 214 -160 231 53 227 229 -173 142 212 -224 186 194 -122 149 -101 -40 -207 -213 -244 -175 -163 242 -246 63 44 76 175 54 61 -222 -189 3 -66 -242 164 145 230 22 188 93 -3 -117 -220 121 123 -71 -199 86 -228 179 -240 14 167 -53 31 -115 156 -249 65 200 52 15 75 -235 103 134 39 -241 -91 -186 238 -126 78 -8 37 219 226 50 26 127 33 73 -217 187 199 -153 101 -197 -75 40 139 -146 95 -81 131 198 234 -127 -13 -239 -237 -206 -157 81 -125 -176 106 -137 -221 -116 -41 64 -94 162 0 -103 82 -68 239 115 -174 245 232 -86 -141 -212 116 -18 -211 -111 41 -104 180 240 -16 24 -25 -129 71 -119 68 48 -110 233 169 217 -70 -59 177 118 -121 -92 -102 79 182 158 -51 46 157 -208 21 -232 100 191 -185 141 36 108 -5 117 -198 88 -147 -120 235 -230 99 155 47 144 -209 -99 -84 -130 201 30 -195 -231 -56 176 -52 -202 203 -135 -248 146 228 59 225 -50 -226 209 -229 7 84 -154 85 122 6 -39 -96 -166 185 -148 193 -45 112 -171 34 -48 -184 94 -55 72 -158 4 -191 -1 -203 -149 -124 -30 192 181 210 -114 -27 89 -151 
TEST 25 ARG:224 56 -3 43 -80 95 46 -190 135 -101 -158 146 63 175 232 190 -201 170 214 -234 216 -15 -19 247 131 -165 242 -185 18 -197 86 144 30 -33 130 181 -105 53 -227 134 89 -54 -66 -250 -164 -118 76 217 -5 -93 13 -31 166 236 139 223 -117 -106 -145 -176 225 51 198 153 199 240 52 -229 112 173 -186 57 235 47 -111 209 227 -151 204 -104 -237 -57 -48 35 171 42 -116 -60 90 -34 -138 207 230 -228 -210 -211 124 -50 -95 15 -73 87 -203 14 239 -241 -39 60 143 -6 -121 -204 168 119 237 176 249 201 138 226 45 -22 -235 40 -173 -217 -153 27 -149 172 -233 111 -4 211 -205 -247 126 -193 10 62 73 -200 -183 -148 152 -55 98 -12 104 -139 80 97 128 -69 61 28 -58 108 234 -142 -45 -52 -152 -16 -141 11 -161 145 -92 -216 -43 -245 -86 68 116 -198 -61 69 132 178 -113 156 77 -18 188 -46 191 -102 -246 -220 96 -136 -14 -32 158 38 -171 72 -167 -24 162 26 231 154 -140 -137 -68 32 -182 136 180 -114 99 92 -63 39 -226 233 -157 228 -126 140 -53 -242 -75 -127 114 7 -150 -17 229 -160 120 70 -218 -129 -90 -98 -108 -65 -21 109 238 -166 -29 -109 -30 79 -36 125 -82 -178 -85 -214 37 161 200 5 -238 -103 210 101 -191 107 -209 -134 -40 218 -131 -11 193 64 41 31 -189 -79 106 -236 -128 -212 246 0 167 150 -174 75 55 213 -59 174 208 -37 169 -100 184 -26 74 110 -223 -51 -123 -202 78 195 141 -28 -9 -97 6 19 123 -196 -169 -221 100 -47 177 118 -172 59 -168 -244 245 33 -71 197 1 81 183 243 -27 -78 -179 44 102 -13 20 67 -144 -67 189 151 48 -162 -248 -155 241 127 66 121 220 155 2 163 113 -112 -133 84 -99 -195 159 23 50 -49 -72 192 91 -62 -147 244 54 -222 -215 29 -135 -232 160 -88 85 196 -206 -143 -184 -230 94 88 215 -94 49 148 25 187 -175 179 -35 82 -83 -42 -76 -1 8 12 -187 58 71 4 -225 -91 -84 157 -125 -163 133 206 149 -130 -81 -249 -120 -219 202 -74 -23 115 222 164 -89 -213 -239 -224 -115 -188 3 219 93 -132 -124 185 -154 -240 -77 221 -96 205 -194 -38 36 129 -25 -156 -177 186 182 -107 83 -170 -146 -181 122 -70 -110 -10 22 -87 -41 165 65 -20 105 -44 103 -2 212 117 -231 16 203 142 24 17 9 -243 -64 -7 -192 147 21 -199 -8 -122 137 -207 -180 -119 248 -159 194 -56 -208 34 
TEST 26 ARG:16 -50 17 -28 -112 157 -42 77 -49 -27 59 -249 245 -250 105 -242 111 -90 -144 -235 147 -176 96 -152 240 246 -157 -170 74 171 62 -15 -107 -129 -131 229 244 -116 -208 143 60 -199 234 233 -106 -243 -70 184 -146 188 120 -201 206 228 -53 -147 -211 128 -115 138 -154 -161 -96 3 204 -194 -219 -94 37 55 -134 91 150 -123 8 192 -175 215 -104 191 -43 189 -127 -34 214 -44 110 -69 -5 232 140 -75 52 158 29 -11 122 194 -137 170 203 -142 -109 13 -189 177 4 -220 216 22 213 -48 237 -73 -184 84 -95 187 39 248 141 139 -14 -1 -35 -133 199 124 -188 -47 212 -33 155 201 -65 -241 -209 -78 65 -92 82 210 -99 178 11 131 -76 -230 202 -103 -16 -139 -124 38 198 -180 43 93 243 57 78 -185 5 -25 33 -224 -117 -132 -128 -237 94 -182 72 137 118 -62 123 -83 -186 80 -17 -10 9 -206 -168 86 -39 100 88 75 -247 -86 -212 179 56 -143 221 119 -105 -213 -191 151 186 -52 28 49 -172 117 -108 79 249 162 -179 195 -93 -218 114 -187 208 26 182 -150 19 -155 -159 -166 146 31 -63 -153 -61 -36 -222 -202 121 175 -32 -246 220 -225 145 225 -37 -6 -88 -169 -97 6 -23 -119 -136 -231 -89 209 35 -111 -38 164 20 -239 85 -59 -192 48 -122 10 73 -198 -84 83 -214 -24 -55 -171 -148 183 -64 238 44 133 148 -215 239 242 -158 161 156 166 -177 -40 163 -183 -248 205 222 153 217 134 -227 54 -91 160 -31 -13 -66 -56 -151 -244 224 -197 -140 -60 53 -54 -195 109 64 -77 68 -46 241 99 -223 207 -51 -12 -162 116 -138 97 87 -232 230 -193 71 125 12 21 103 -221 24 -130 -72 227 104 223 -174 1 106 132 197 235 165 -110 173 -80 25 176 -121 42 247 -196 -210 226 -9 168 -41 -205 76 149 -67 -85 92 -57 -102 -156 -167 102 45 -22 231 127 95 -181 -229 98 -125 -18 -3 181 -120 211 236 113 -82 66 -216 -200 -240 70 185 -45 -238 -100 219 -164 -26 130 -114 108 50 90 27 30 -207 167 14 34 0 63 152 -118 36 -233 67 -4 -81 174 126 -163 129 -226 -145 -178 -98 89 -7 -8 -74 196 112 58 81 -101 200 47 -79 172 -203 -20 51 15 107 190 -30 -113 -126 169 -87 -160 -190 101 61 -29 159 136 218 -204 -135 142 40 -234 41 18 -228 -165 -21 180 -236 144 7 -141 -68 46 -245 193 32 115 135 69 23 -173 -217 -71 -19 2 154 -58 -2 -149 
TEST 27 ARG:-46 -115 134 247 -65 -70 -153 -180 69 -200 132 183 138 162 16 117 184 -147 -2 -224 -211 -53 -105 -102 -179 -14 -146 178 50 10 122 180 169 163 58 -121 126 40 181 34 244 137 -52 -172 -96 153 174 31 65 -24 191 83 -94 237 182 98 -88 54 -227 -237 -248 42 -137 -194 -84 128 187 -69 -167 158 -80 61 -183 109 208 62 229 91 209 -125 167 8 116 -177 -226 -239 -143 -59 154 161 -91 -246 -32 18 -225 30 -30 -236 -39 -124 -95 1 219 -182 124 -100 -29 -208 111 55 -49 115 53 33 -51 196 -75 -151 95 -141 168 -220 205 175 -11 -117 -175 213 -27 166 -101 -219 32 -10 112 -249 -22 195 -40 218 -112 -108 -169 84 -67 -119 -8 194 -44 -76 135 9 -161 -198 176 232 156 -189 -155 -87 245 -28 -1 -50 207 -64 52 139 49 -135 -3 -7 249 200 -104 78 12 -232 173 -178 -12 106 -138 -48 110 -116 -122 -118 -23 29 11 215 241 -170 164 242 47 -136 130 211 -196 -162 76 -97 -176 -93 179 -17 -55 -156 141 -181 57 120 192 -210 -173 -81 -245 239 148 -228 -72 -164 100 -99 235 190 129 217 216 27 -148 6 -202 7 -217 146 -241 -222 41 238 96 -77 -250 -212 51 240 44 172 -57 -139 -154 -235 -129 86 -19 -223 -54 45 39 -85 151 -41 222 193 -78 -132 -242 -204 -18 -243 -58 -47 -110 -149 228 -203 68 37 225 -192 -140 72 -37 82 177 -62 -150 201 188 152 214 -174 -26 142 71 114 118 226 248 -83 -35 -231 -157 -111 77 60 0 -114 159 189 -159 14 15 136 -171 140 -98 203 -206 -214 -16 160 24 121 -128 -205 -229 155 79 -68 74 -15 23 -197 17 87 157 -188 -63 70 220 19 -89 89 -120 25 131 -213 -126 103 21 -190 22 -107 63 -195 -134 -103 123 -38 80 165 105 -9 -113 -221 233 59 -21 102 3 236 -106 -123 90 107 -61 -82 -240 4 -92 73 -144 -233 125 92 94 -193 -36 -165 -109 243 186 113 -230 28 -247 234 -185 -74 231 108 35 246 -187 -66 198 56 223 -209 13 -166 -60 199 197 -145 5 -133 170 -127 -130 -90 -31 -199 -86 88 -6 119 150 -43 -34 -168 64 -56 204 -73 145 210 -244 -158 43 -142 144 171 -234 -25 66 -191 147 -33 -45 46 85 -216 -71 38 2 81 97 -238 -4 127 -201 230 -186 26 185 -207 -20 75 48 -184 67 227 -215 -218 104 -79 224 133 36 -5 221 149 202 93 206 -131 212 -152 143 -163 -160 -13 20 99 -42 101 
TEST 28 ARG:-39 195 68 -172 -127 54 -9 -155 -134 -111 142 -202 4 -53 -168 -200 -66 -144 -153 -67 -229 -36 -16 232 119 73 228 -152 130 -11 -209 -5 87 -59 42 -199 98 150 -185 -110 -248 204 -156 -214 -2 -124 247 -237 209 -231 -194 225 -26 -221 162 -112 29 -60 84 -82 161 -154 181 131 157 -162 82 -120 101 182 202 -166 -190 -69 -17 -100 99 -102 88 75 -95 -191 59 49 -135 -163 -205 -150 81 -151 208 27 -1 -46 97 137 89 -103 -123 66 -81 174 -140 152 -149 -79 217 233 -98 172 57 215 227 -42 -65 -77 -198 -169 2 -50 222 -196 196 -167 -76 -143 90 -57 -29 17 171 78 229 -160 83 226 120 52 -159 197 69 207 85 241 155 -142 47 6 -44 -87 -204 192 -80 169 21 -70 72 -6 -183 213 114 -241 166 220 -126 45 125 -240 62 243 50 139 -84 5 193 43 -207 -210 -203 211 185 103 -30 38 -132 145 63 51 237 -222 148 -158 138 -71 -20 144 11 179 205 14 -131 -219 -121 -72 -250 -175 244 -58 58 93 224 210 132 -18 141 -43 107 -62 44 -239 -226 200 -176 64 -220 190 136 -130 34 65 -25 127 94 -188 -213 -85 194 140 128 156 -38 22 173 -106 53 163 212 -63 -73 -192 -197 -245 37 -68 -249 242 -235 -193 124 -243 9 -21 -170 165 -117 198 117 -233 -109 133 219 24 -64 -247 -208 180 -177 110 178 8 -108 249 -173 175 25 91 -206 -27 -3 33 -19 -178 -78 134 19 199 15 168 56 31 71 -234 -125 -101 206 214 -223 -139 245 -136 -145 -211 -61 -35 -180 -47 -122 246 -91 159 221 -8 -227 35 135 123 106 -137 61 -148 -10 -179 -244 -32 -181 -232 -246 186 -146 -171 -107 -238 158 36 -217 -225 -116 3 104 -14 -49 20 -83 -242 -94 -128 191 -133 13 147 223 -201 -215 108 -22 95 39 126 235 100 218 -99 -88 153 -174 160 -40 55 -89 -56 -195 30 46 -218 177 154 121 189 -93 92 113 111 -114 48 23 26 -129 -118 76 112 -182 -224 1 146 -23 -28 -105 -51 184 32 170 -24 201 -216 -4 -97 236 -104 0 240 -55 -13 7 -230 -119 -186 -228 -54 -33 -138 -187 70 -15 216 238 129 67 12 203 143 167 -113 -41 60 -236 96 77 -115 -96 16 187 -90 248 -161 -212 74 -48 234 122 86 -184 115 -45 -74 -34 164 149 80 188 -37 109 118 -165 -52 41 -86 102 -75 230 116 -147 183 -141 -12 28 -92 105 40 10 -7 79 18 -164 -189 231 -157 176 151 239 -31 
TEST 29 ARG:178 -58 -109 -242 205 -246 106 -102 -124 72 -87 -137 17 149 44 184 -228 -181 152 -39 230 -119 238 -204 -218 -134 100 54 78 -238 -118 -194 -219 150 -11 -217 137 -51 32 8 224 -243 33 82 -205 135 -161 236 69 114 87 4 129 81 222 -208 -85 116 66 -160 -61 55 108 102 15 -28 -14 231 59 -21 -133 -96 -221 133 6 -31 131 56 -182 -170 -98 -227 96 207 -173 -17 219 31 -44 37 -223 -190 120 166 -135 -74 -168 -107 -187 124 -92 -123 -49 110 40 62 51 -48 77 156 -179 75 235 -50 233 168 29 -55 71 -68 -69 -121 -99 -174 -200 -105 88 -77 -70 132 -132 22 -115 119 190 -191 -224 21 138 -15 148 -220 -248 146 16 247 -232 -240 -198 136 180 240 -136 -80 -141 -150 68 -163 -184 221 -62 -54 28 3 -12 164 52 -84 7 177 107 214 -114 14 43 -72 -229 196 -67 -128 176 94 -97 93 -122 -76 -183 -180 186 -78 -106 151 171 -211 157 -176 -52 -22 118 34 -152 -56 -111 -234 -129 234 229 216 -147 64 246 -146 249 104 79 232 -27 36 128 245 53 -245 158 63 -164 -186 115 -1 109 195 191 -34 220 23 173 1 -93 -25 241 -37 225 60 215 2 154 -23 193 -38 113 -213 98 197 145 -156 -10 11 -16 -185 189 192 -57 -203 -79 243 163 -193 -144 -130 -19 -91 -36 85 125 162 -8 -73 -222 -139 70 -101 -60 167 187 143 -95 179 13 -63 -201 203 -81 242 -3 -131 -33 -108 -86 -138 -202 86 -66 -157 -143 80 -103 160 -142 122 175 147 -230 -159 48 -215 227 123 45 223 9 127 -140 -177 -116 24 -18 49 0 -247 -244 -209 -175 142 183 161 -192 217 -226 -189 97 47 67 -32 39 -13 248 -166 -126 -237 -94 -165 -239 20 27 99 212 83 65 -4 181 91 61 -2 228 18 202 -235 169 159 185 -26 -42 -30 5 58 208 -125 105 -151 76 211 103 213 194 155 -88 139 218 174 92 -117 140 188 89 -167 -120 204 130 -214 42 41 -241 -29 -155 182 -6 35 -46 -158 -250 201 -169 -7 -236 -199 -83 -127 -195 -212 209 -90 -162 84 -197 -178 -59 -82 -148 -233 -196 -145 -149 38 -172 141 -154 172 210 101 -40 134 46 -210 -110 -5 237 117 -171 -9 -207 25 153 112 26 -225 -47 74 -64 50 -20 199 19 -216 -206 226 121 165 -231 -45 10 -75 -112 -41 73 244 200 -35 30 -249 111 -153 -113 90 57 198 -188 144 -65 126 -89 -71 -24 -104 -53 206 12 -100 95 -43 239 170 
TEST 30 ARG:19 -85 117 222 186 48 79 -74 62 -212 -73 -22 -28 -44 30 -103 156 -116 -228 -172 -10 227 -201 40 46 128 5 180 -157 -129 -207 169 -56 238 101 -143 -11 -67 -154 197 -166 72 -142 97 -176 38 -195 -135 196 69 -131 158 136 -1 -48 -75 174 119 94 56 209 151 -240 -241 152 147 230 189 73 47 249 126 -72 -206 -138 130 -82 96 34 -165 121 125 -125 -213 61 -17 161 219 54 10 213 -147 -227 -38 -199 -219 -229 -151 141 -25 43 1 178 206 -45 191 50 -121 224 -94 113 -139 212 -96 -8 13 -247 85 65 175 118 66 171 -140 -16 33 87 -26 105 -196 -47 37 26 -54 -40 -177 203 -187 -114 -100 4 98 -156 -99 -232 -204 17 -244 -112 -185 35 -53 164 -120 88 107 58 -124 -239 70 202 -9 44 -19 -233 221 -90 -173 -230 -62 199 -249 -123 -37 -57 -200 82 148 -42 162 -188 -93 64 -248 193 -202 -159 -50 247 -84 168 133 -171 95 -89 -76 -155 -58 -98 235 -183 112 -192 90 216 3 -245 -109 -186 170 167 -225 -2 -52 55 -203 9 142 198 -80 29 83 -191 7 192 -34 -160 228 -51 -130 -221 -87 -181 225 93 134 150 84 -174 -198 -3 179 -107 -65 123 111 -226 -117 20 25 -18 218 184 236 102 -146 132 176 -127 244 -178 149 -15 195 74 -215 181 -133 -238 127 248 -35 -20 -6 242 -105 -108 -61 78 -102 109 -182 183 -169 92 -81 -46 24 -168 -242 223 120 -118 80 166 131 -4 246 63 -110 91 -150 49 100 77 -104 16 -91 -14 -111 28 41 241 -115 182 -220 129 200 -164 8 -224 -92 -197 165 -167 -60 -222 239 71 -39 214 194 -32 -149 -86 15 108 207 145 185 -71 115 11 -88 139 160 237 220 -180 124 14 153 -136 -30 -126 226 -175 106 -122 204 234 -101 201 -23 -83 -5 -106 99 173 -68 -27 -97 187 2 -36 190 23 42 -95 -119 -162 52 -43 -216 211 217 -209 122 31 -137 -12 -13 -141 -49 -31 233 -144 -158 137 240 146 229 53 -153 -63 232 59 -152 -223 60 114 -170 -214 144 -7 51 159 -236 -132 76 -55 -190 104 -246 172 -218 -148 36 57 215 -66 -145 154 6 163 -113 39 -211 -208 205 110 231 75 86 245 -235 -128 12 -24 -193 -79 45 -184 32 -231 -243 -217 -134 140 67 18 27 -21 -179 -41 208 -205 243 -189 -64 -163 21 -59 155 157 -237 -161 -33 138 135 116 177 -194 -69 188 -77 89 -29 -210 -234 143 0 68 81 103 210 -70 -78 -250 22 
TEST 31 ARG:-236 116 -239 106 127 -201 -90 118 114 -208 -78 83 -53 -18 -245 -52 11 -246 110 -25 115 -175 125 -13 232 29 84 -19 243 87 -235 -197 88 -100 -118 -22 -207 -57 -194 -199 108 55 153 56 155 67 205 -155 -40 -117 -115 -148 -205 -41 -217 -79 -181 128 95 231 181 9 -114 52 64 207 -159 -204 20 74 -149 -123 183 -136 -54 -166 -44 191 91 -133 213 -182 -138 -240 -231 13 164 -26 161 195 -174 217 179 199 -157 76 -42 -67 140 -8 96 -173 239 -91 38 -108 57 136 1 72 240 206 119 -21 -158 -84 90 249 247 157 44 -152 -156 -213 225 212 -63 246 130 -215 -192 201 33 185 111 -20 126 47 78 -107 24 63 -177 -176 147 -241 -64 -47 184 46 248 178 156 65 -98 37 -27 -3 -120 58 -200 -140 145 208 204 28 -168 -234 202 42 10 -74 194 -210 230 73 -154 -124 98 89 -101 227 -178 -51 -146 79 -68 50 -198 -59 0 238 -130 -121 34 137 233 -189 26 -31 -221 176 -23 -228 -134 39 12 169 -151 -1 236 -96 41 -95 -82 -224 -131 -83 -39 -109 -164 93 48 123 97 -243 220 -161 135 -6 167 101 -94 15 -61 -186 -247 61 -2 16 -218 -193 196 62 165 222 235 -165 132 -119 -229 59 203 -17 14 69 71 -190 -129 112 245 -125 -80 27 192 3 142 180 -145 -88 94 31 -147 25 8 160 121 -238 -250 -14 152 43 -244 182 -203 158 -223 139 -105 -141 86 148 -36 218 -163 237 109 170 -139 189 134 198 -89 -220 6 188 -72 -248 -9 19 -66 -106 -46 -60 -226 223 -170 149 -103 2 209 22 70 35 -97 -227 -77 -76 186 -34 -33 -216 -30 85 -225 -12 175 -87 113 129 166 -127 197 -160 36 193 -180 -62 141 -232 60 122 124 -15 23 -167 -128 -126 -150 -32 133 -191 45 17 -135 104 68 229 40 -202 -171 77 -112 -116 -85 105 -153 172 -242 146 49 103 244 -110 -16 107 4 -187 -185 -65 210 -214 -104 -75 216 -50 -43 -249 5 215 -111 221 162 54 173 7 -99 -71 -196 -184 32 -212 -58 -172 30 -93 -222 -211 -37 -45 219 -183 -102 190 120 144 187 -28 -49 150 224 234 -24 81 66 -48 -132 168 228 154 -86 -209 -237 100 151 242 -144 -233 -113 -142 -4 -11 226 171 -195 -10 138 -179 143 -38 -5 -122 163 214 241 -70 117 211 177 -73 -35 -188 53 -55 -56 18 200 174 80 -7 -219 159 102 -137 -206 -81 -230 75 -29 99 92 82 -162 -169 -92 131 -69 51 -143 21 
TEST 32 ARG:-153 152 -108 -113 -184 -27 -142 231 -205 -237 -122 48 -52 -162 41 165 136 112 78 103 -125 -227 -177 107 -14 -182 139 230 74 69 -204 -66 124 -230 246 -250 100 229 46 -243 -117 -40 -210 -166 13 -169 236 -69 50 208 29 -80 47 86 -45 -32 31 154 79 -225 -8 -209 -223 219 177 17 96 -141 -157 191 -99 205 181 224 1 -111 61 -168 227 101 -63 65 -246 55 -155 179 -215 -231 33 25 168 147 -203 220 -145 -132 -83 213 157 247 -136 117 -161 80 -188 12 -115 -134 76 24 21 125 -180 116 -68 -82 9 -98 -64 131 -158 -248 -128 -116 159 244 98 -123 240 129 176 45 237 -226 49 -212 -194 88 178 -107 -78 -34 -196 39 167 -121 60 66 121 -234 -31 -75 -73 -101 -26 221 138 -42 -173 30 135 15 -186 155 -148 239 -124 249 -214 -74 190 -133 -240 -151 -46 -190 97 -58 -24 156 72 243 189 -51 -103 35 248 -183 161 10 14 -102 160 199 -208 166 -197 -249 28 -5 142 -198 -90 -106 -35 53 188 172 241 -245 8 90 171 174 122 89 -228 203 146 -16 -224 -2 -67 83 -174 -37 145 -1 141 -11 164 216 81 -84 62 -146 91 -112 234 -3 105 -97 215 -163 37 134 195 209 54 -200 -89 -130 -211 5 -236 -47 214 3 -15 204 233 194 -232 228 -193 120 7 -202 -55 -49 115 211 -241 93 -229 130 -60 113 -81 170 -22 222 109 51 -38 137 -175 151 -129 38 -77 126 -207 -160 -50 235 43 206 -92 104 59 22 -91 -79 36 133 -65 -56 -4 -164 -21 186 68 -178 -213 183 175 -143 70 -127 198 218 193 -220 -235 245 169 95 148 184 150 57 -13 -192 -172 127 -54 108 118 -53 -139 77 -18 11 192 16 58 158 -233 -181 187 -12 0 -179 -28 -221 128 -43 -244 -159 -187 200 19 110 -189 -104 -10 -39 -85 -76 232 -96 -120 2 -86 180 -62 -93 82 -105 123 -59 -70 -239 -110 -61 84 -88 -247 -238 -9 56 44 -137 27 -109 -222 40 -114 94 -152 67 119 -218 217 -199 202 -6 99 -72 -156 132 64 -29 52 223 85 87 -138 225 163 -119 42 -126 149 -171 102 -144 -219 -48 -170 -36 -149 -87 226 -44 23 18 140 -20 34 26 -100 73 111 75 -216 185 -191 -242 212 6 114 -7 -217 -165 -33 106 -140 71 -201 207 -195 242 -185 -19 196 -23 20 -94 4 -167 -154 173 32 -206 -176 63 143 -17 -41 144 92 -131 210 -95 238 -147 201 -135 162 -118 -71 -25 182 -150 -57 153 -30 197 
TEST 33 ARG:17 22 242 111 -205 -32 25 33 159 76 237 -226 35 -28 217 82 205 -38 -15 -215 202 8 130 0 -124 2 -129 -96 -21 -122 249 171 -194 34 -58 209 119 -22 231 30 99 -188 158 -107 24 172 109 37 -56 245 -135 -118 -151 -5 194 100 220 -133 -26 -43 -29 -127 -99 180 -138 97 246 -144 -229 -47 -232 -116 36 -150 21 -10 57 54 175 -59 -98 -180 222 -70 -100 -125 190 -24 -64 224 -206 49 72 201 193 141 -230 -78 -218 7 75 164 -140 216 13 -168 43 42 -142 134 -200 -60 -19 60 219 -76 183 104 241 -169 -157 152 -14 -217 -196 -110 81 -72 -57 41 -46 58 121 178 -102 -203 191 -235 -31 166 -136 90 29 -190 137 -48 65 214 -250 80 154 -41 -55 56 167 139 -158 -209 145 168 131 -147 6 -234 -101 140 94 -241 -195 -170 -82 86 198 232 -222 238 -6 89 156 -44 -86 -69 235 169 207 -216 64 38 162 -73 -143 -161 -39 98 -219 244 101 -18 9 -30 151 -245 187 173 -224 -27 -71 55 79 10 -23 -186 -66 27 -212 -227 116 91 -193 -13 12 5 -172 -145 174 221 -166 148 204 177 52 -165 -189 -123 -210 -50 -244 -83 179 44 88 -75 -223 208 51 -84 112 239 165 -167 -90 192 -1 -61 181 67 -40 84 -163 -146 -68 -121 176 -175 153 225 -74 125 -25 78 186 69 -88 223 182 -247 -91 -62 -63 -228 -17 155 95 -171 31 149 -106 -45 108 -80 -148 -197 -177 48 -159 -105 -93 114 115 -36 -240 -137 92 96 -114 123 93 18 -12 136 135 61 -181 210 -173 -176 -154 213 -65 -119 -33 200 -53 -201 -155 -130 -164 -37 85 -214 227 144 53 195 -213 -211 133 -153 23 -34 -160 157 50 32 197 -67 87 14 150 -77 -202 -204 59 68 106 -49 -4 142 66 -134 20 71 105 -149 1 -152 103 -3 -198 -185 203 233 170 -128 218 74 124 -139 11 -233 240 -115 113 -179 126 -178 -92 -104 -199 118 -207 -51 -174 -239 15 -97 -208 4 248 -141 -108 110 62 -9 143 73 -52 83 -191 47 -111 -249 230 160 -7 128 229 -94 -221 -87 -95 -192 199 -162 -238 -220 -103 147 -112 -246 -42 -231 184 -132 163 234 -113 -248 40 -85 196 211 -120 19 236 120 107 132 -187 63 28 -89 228 146 26 -11 212 188 127 3 122 46 -8 -16 -243 247 45 206 70 189 215 -236 117 -237 -131 226 185 -35 -242 161 243 -20 -54 16 -2 -79 -126 -183 -225 -81 39 77 -156 -184 138 129 -109 -182 -117 102 
TEST 34 ARG:64 226 89 153 -63 -160 75 -171 -159 66 224 -49 244 55 128 111 -195 156 238 -136 -245 -88 207 76 -18 183 -175 16 -220 208 230 35 178 -174 45 193 17 233 103 -54 33 -72 -165 212 78 102 8 -182 -239 -13 26 -3 228 95 -107 141 -141 81 4 -143 -222 12 -207 -244 -89 118 -97 -224 147 -4 -122 177 -53 93 -11 136 -168 145 110 32 -232 -55 -219 83 -26 50 213 105 201 -238 108 -183 127 -24 185 -27 -204 -179 52 60 25 158 -50 246 -157 131 15 91 53 206 -100 -188 59 167 101 146 -1 -80 51 106 -169 227 132 -40 98 155 6 -25 -103 -2 -164 -194 -131 -101 0 -133 -91 -190 114 -32 58 70 -241 -201 -242 7 -17 -9 -178 -102 43 28 -93 -29 29 62 -247 216 -196 74 69 239 143 79 54 -186 -71 -128 -34 77 249 39 -64 13 115 -151 -76 -111 -96 187 -105 157 165 -87 160 166 -114 -86 -94 -98 -150 48 -95 -75 133 130 -28 -173 219 122 -38 181 -166 -124 -79 225 -167 90 -230 180 14 159 -6 170 2 222 113 -19 -180 -197 -125 -199 22 94 -106 82 -148 -74 205 126 151 37 -233 -15 -57 116 243 -43 -240 41 5 -7 -177 -81 -208 -211 -123 -191 125 169 199 -138 3 -42 -58 -176 -185 -78 -47 148 -236 -116 -184 -215 -205 234 61 -33 -41 72 221 -5 -248 -223 -234 -144 -60 -14 -156 -69 38 236 245 -170 107 -163 -214 44 186 232 65 -146 -70 -221 -172 47 -92 21 -22 40 -225 204 -250 18 -121 -36 229 63 -109 247 163 214 202 73 -139 -77 218 68 175 117 119 -39 164 104 56 -108 240 -84 173 -59 -154 -85 -23 31 67 -235 209 -209 190 57 19 97 20 172 242 -127 144 96 179 -187 182 248 36 -118 24 -216 -200 -117 -126 -61 171 196 211 -30 -132 223 123 241 -120 200 -35 -145 85 10 -62 198 -212 -83 -110 92 23 189 -198 194 -99 138 -112 -37 46 -147 -161 139 11 -192 121 217 162 210 30 -31 237 135 197 -51 -46 176 -67 -181 -202 152 149 -249 -226 174 -119 86 -218 -48 -135 -237 88 142 235 -113 -73 -206 -246 -228 1 -10 -210 -82 -203 154 49 -68 -65 9 -153 161 27 100 231 -155 -129 -8 87 84 -52 220 120 -243 -130 -158 -134 140 188 -142 184 -104 129 134 -12 109 -44 -217 203 -231 -20 -213 215 112 -162 -189 137 -115 -16 71 168 195 -45 34 -56 42 80 -140 99 124 -90 191 -149 -21 -227 -137 150 -193 192 -66 -229 -152 
TEST 35 ARG:168 -91 86 -4 59 -170 49 -235 62 109 87 -40 159 166 233 102 163 -90 193 81 -234 30 -190 -76 -37 29 -246 -199 -86 247 217 -180 135 -166 229 34 -66 -232 -73 -77 141 121 112 -151 -24 239 -84 78 -13 12 155 -52 -132 93 -80 152 -204 230 79 165 -227 7 -185 -99 -78 23 237 -72 221 68 -191 98 22 -220 -183 -176 249 -114 -23 80 -43 206 202 44 133 -30 -247 108 -54 -7 85 -112 46 -189 -45 -163 185 142 -214 -200 200 204 131 157 -229 60 -193 146 4 -226 28 122 -63 -51 -48 213 -143 170 39 31 10 245 -129 -49 37 106 -195 127 -53 211 177 -100 132 42 199 -153 -217 -210 -160 117 196 -142 -68 -17 1 151 225 -11 20 -89 -58 5 107 -62 222 -125 241 -28 -147 -109 83 -21 246 70 -171 -138 -44 -249 244 -8 -236 212 210 -57 158 205 82 105 0 17 -245 8 -65 13 73 -169 -95 243 35 -79 130 136 -212 -198 149 -25 -168 -173 -47 209 -207 -60 76 -203 139 -14 181 215 111 -206 -134 -140 97 -209 -10 -98 -162 -158 220 223 101 167 -123 -126 -237 -139 115 -177 -106 104 -92 -12 169 172 -75 -101 21 -133 198 94 -137 -87 -113 -250 -184 -211 -213 -228 -188 -231 -241 227 -187 219 -218 -224 -29 -105 -6 113 -136 -215 50 -135 36 51 -69 175 61 164 -205 -22 -81 180 58 -20 -119 -111 32 96 184 138 -178 -219 -196 -179 248 54 16 -3 95 57 176 -104 242 -108 -36 -107 191 -130 -192 144 -35 150 -31 120 192 147 -39 -208 -233 188 -96 -19 -239 -221 195 -34 140 -174 11 182 -223 -248 129 235 -175 125 -197 145 75 -110 -154 -117 -102 -164 -156 156 228 99 55 53 -9 6 162 72 -144 91 40 -202 -225 124 74 -145 -121 224 -1 -122 -2 63 -159 148 2 -74 -83 -46 90 38 -64 187 234 45 238 103 -41 71 -85 -146 24 -71 218 179 -56 89 -42 -59 64 173 -167 26 -93 214 -242 126 -182 -155 88 -116 -27 -128 197 27 -222 160 -161 183 -67 -194 154 -172 -157 -243 143 -201 -118 -120 137 -216 -244 114 -50 -186 -32 -165 -82 203 25 33 207 123 -33 119 -131 216 -181 190 171 92 -238 100 226 -127 -18 -148 186 67 118 9 47 232 -88 -152 -141 -97 15 -240 -26 110 84 -16 -115 161 69 208 -149 178 240 -15 18 153 231 48 174 65 -55 189 -70 77 -150 116 128 41 -38 43 66 52 14 201 194 56 -61 134 -94 -5 3 19 -124 -103 236 -230 
TEST 36 ARG:-177 -218 188 -10 -94 -250 -15 -97 219 -75 243 247 -83 154 228 -121 -6 131 239 46 249 -91 193 1 108 -16 181 -167 171 157 -173 -117 -40 209 126 -130 -11 14 -65 -37 18 -206 -138 -99 19 -139 115 -140 80 158 -52 217 81 -226 -18 -114 -54 -120 34 13 78 121 133 -230 -60 138 21 161 180 234 41 -225 -207 184 -145 96 -213 -216 179 -93 -45 57 -217 -191 156 -157 -102 -247 -50 -227 40 136 -48 -190 141 147 52 -95 -234 -58 -193 245 198 -220 -14 -209 168 29 -240 -228 122 206 -200 -184 102 127 222 -43 -13 100 86 -4 23 182 92 77 -155 223 192 -80 28 73 -153 2 -88 -189 150 83 -134 -236 -132 -212 177 -170 -159 25 207 35 -106 226 189 0 -90 173 -188 -123 47 202 229 -9 -119 218 -174 97 -62 72 -86 215 -12 95 135 169 48 -183 -23 -51 232 118 -34 32 -147 -143 -89 56 79 -39 55 -112 53 235 -237 113 -28 170 162 -146 -113 36 139 -35 -5 166 -176 -204 71 -187 -61 26 49 -96 67 63 -175 -59 172 241 -214 -233 87 152 84 -55 -211 -110 -166 110 -109 213 4 129 17 62 -160 -70 -154 54 146 204 -49 165 -21 145 134 -246 -33 203 -25 101 -231 186 27 -164 -82 230 39 -181 227 -29 69 -98 -232 -168 -20 237 248 112 -249 -74 -103 -133 -81 -87 -77 33 -179 -47 -118 -128 99 70 -165 246 -185 50 -68 -141 -101 -171 -7 -248 -243 12 58 8 -135 149 197 -27 214 185 -42 195 -85 236 -136 -224 -84 -235 60 37 -30 -186 -122 85 105 42 -178 160 -149 128 -137 -244 -142 -73 -3 -31 75 -161 116 -64 208 210 -79 -17 114 -105 205 24 -1 212 216 211 117 -180 -107 -111 76 31 68 -194 123 11 -152 242 -124 201 -115 183 -19 -151 159 106 44 -148 -144 103 109 124 -67 -198 -24 -245 7 167 66 10 -53 -202 -8 220 45 104 88 5 74 -172 -203 15 194 -197 30 59 -162 89 98 231 -41 233 -222 196 111 -238 178 142 -169 22 91 -195 -219 224 148 -104 6 -150 244 -208 191 -163 174 -229 -201 199 38 65 -199 -71 200 190 175 -38 93 -131 -22 -116 -210 176 143 -36 -242 9 155 144 -205 43 153 -32 221 -221 -129 240 187 119 132 125 -78 -125 94 163 -215 -56 -192 -2 137 -44 -156 -69 64 16 120 151 -26 -126 -196 82 51 -92 61 -100 20 -241 -239 107 -66 -223 -57 -72 -76 -182 -158 90 -108 3 130 238 -46 -63 225 140 -127 164 
TEST 37 ARG:10 44 82 69 -110 -194 36 28 -102 58 -202 -151 -27 51 -7 163 246 -78 -137 170 64 235 -88 165 184 77 -79 186 -73 106 -152 -77 -174 -127 88 -172 -60 -51 -241 80 125 97 -76 -36 127 -184 189 102 -125 48 -230 -91 194 176 182 66 -170 119 -12 237 89 -39 -124 52 158 -182 -93 143 -168 -142 117 197 -80 -49 -146 164 1 149 99 -5 112 -227 221 -62 229 -239 23 -33 -173 -23 -132 -101 79 122 63 -103 134 168 153 -219 123 17 227 -129 93 -10 -244 137 132 -200 212 -72 249 -188 -159 109 60 -47 -210 218 204 248 -92 146 171 222 -240 225 100 -84 118 -220 -156 131 -70 115 -54 -218 -249 -59 -3 -83 38 -34 76 136 -63 -108 -105 2 8 236 234 173 -157 198 -21 230 155 242 62 5 -161 144 31 159 29 -141 162 200 43 241 -233 232 -246 -195 -120 -155 18 65 -204 -160 47 231 -231 -9 -211 -17 21 -19 148 -169 -153 -201 154 203 -247 -140 96 -171 121 -167 -190 -149 4 -15 85 -232 86 -248 30 -32 61 195 233 -229 -226 208 9 -130 239 -212 -112 26 -53 -203 104 42 -178 -235 37 41 45 -135 -206 243 -57 201 141 223 128 -97 -115 -221 -199 -65 -144 39 210 91 -242 -185 50 -128 199 135 -216 74 -95 13 244 108 -117 111 -82 -18 183 -89 -250 220 -181 -166 -61 206 27 -22 -42 -90 16 -186 25 -56 -134 11 49 -162 213 152 156 -67 167 -55 -183 -14 -111 211 196 130 -98 -198 -147 -158 107 -68 240 -148 -217 -223 -46 -136 -26 -119 226 175 35 216 -11 180 -58 151 72 34 228 40 67 -100 126 -189 -2 98 -164 19 -50 174 24 188 140 -44 114 -238 217 -228 75 -74 -222 -40 -193 -224 -191 -1 -87 -126 -41 -121 20 192 0 139 -94 -107 190 -133 -8 -71 3 129 -29 -66 -64 70 55 -122 53 187 245 -180 -176 172 84 87 46 -20 78 -114 238 -31 6 -139 -13 -30 -237 -131 -225 32 -197 101 -187 68 150 -86 14 191 193 120 -192 -37 59 -150 -113 209 -145 -154 -205 -75 -236 -25 -213 -48 124 -96 160 -215 185 90 -104 73 -38 103 181 -179 22 -109 -143 215 94 83 95 -234 -99 116 -118 71 -196 145 33 -245 178 177 15 -69 207 -106 12 81 -4 -123 -6 138 54 205 110 -214 -45 -35 56 133 92 -24 -116 224 214 157 -81 161 -165 105 -28 -163 113 -16 -138 -52 -209 -175 202 169 247 -177 7 179 166 -243 57 147 -43 -207 142 219 -85 -208 
TEST 38 ARG:105 89 40 70 -4 211 228 110 157 -125 18 -77 -29 -46 -128 -186 -27 -161 -152 174 -69 -76 144 -240 78 -170 244 -207 56 -231 188 -118 -134 -166 -200 159 -64 -41 -87 -191 101 71 161 -20 65 132 219 30 -26 -120 72 -111 -89 -247 13 247 207 -17 190 218 146 123 107 -104 214 -175 -117 33 142 -36 -28 222 -51 102 215 231 -225 192 185 128 150 -94 -227 127 201 -126 1 42 121 184 -206 -74 55 151 155 -216 -23 -5 38 -19 137 216 114 -49 -56 22 -184 -146 -30 26 -113 80 -85 -250 6 -9 -124 -130 47 -245 118 186 -58 19 -198 -135 -123 -140 -57 223 81 116 -162 -181 -90 -143 229 86 -10 31 11 -156 -33 148 197 136 246 0 230 -45 73 -70 -219 -210 199 -169 44 -88 163 234 108 77 154 169 -172 48 -93 -54 98 -106 75 -116 -43 196 134 221 135 62 -137 -37 -119 16 23 59 119 176 -141 -185 64 -215 28 109 -92 -241 66 -238 -176 -6 -217 8 -2 -171 208 69 50 195 -249 -79 129 -149 149 46 -105 204 25 54 14 -213 85 115 -180 43 4 82 -110 -103 5 -157 -82 -102 -148 145 -190 7 -31 -179 191 -205 -211 -71 236 -189 -75 99 -21 -242 232 -35 41 -13 -15 -129 -122 -237 189 242 2 -159 -81 165 106 -39 91 -114 172 -44 181 198 -48 -221 -168 -163 138 -108 -204 170 76 -73 131 -112 -78 45 -86 -223 180 -60 164 -139 243 -42 237 -68 -165 206 -132 -72 -209 -236 -155 27 -192 -115 -24 248 -193 -40 177 205 -158 -131 53 -142 -32 -167 9 122 57 200 -97 67 217 -194 -98 210 68 35 -127 -3 21 -95 -38 113 32 -1 -14 -199 -62 139 12 130 63 -101 90 -174 -244 -147 -55 -96 -154 93 -188 -214 36 111 3 74 -229 -196 -18 -195 -47 -50 -61 51 83 167 -100 -144 125 -107 -153 153 -7 103 -173 209 -246 124 34 182 -83 168 -80 -228 -187 -151 133 -224 39 173 -226 10 183 194 147 -177 79 -53 158 202 -91 -11 -65 24 84 239 240 -63 15 -22 92 141 -164 -66 227 -239 52 162 37 -52 -222 213 87 -16 241 225 -133 -243 193 17 -34 249 245 171 -67 -248 95 94 235 -230 120 -233 140 -197 -208 -183 -121 179 126 -109 29 61 -201 220 -182 238 -84 -218 -99 96 187 112 -212 -178 -235 152 166 -150 -138 97 20 -203 160 -202 224 233 117 -59 203 178 104 49 -25 175 60 -145 226 156 -136 212 58 -234 88 -160 -8 -12 -232 100 -220 143 
TEST 39 ARG:-147 -88 -212 125 -66 109 232 147 -241 91 89 -54 189 -108 -50 -25 -52 -18 93 -244 -20 76 -13 -204 168 -76 -135 192 -243 134 -27 -194 149 122 160 -72 -111 -211 23 -175 -235 186 21 -106 15 -149 -169 236 -240 -79 201 -35 98 71 128 -197 47 -23 191 56 -219 235 -231 -12 187 -141 49 75 -154 -73 79 158 -100 30 -200 218 94 -126 10 3 240 -190 61 -218 -103 151 137 249 210 12 -206 -56 -123 -191 -109 26 178 -230 -173 199 164 133 157 -171 -118 87 -223 -221 193 233 -136 -67 181 221 69 246 171 208 -247 -192 225 229 -55 204 -181 -176 48 119 -3 -146 -91 206 66 99 77 -185 -116 9 -28 7 212 123 -210 -86 -60 -61 38 -115 37 -5 -195 -238 -113 145 33 213 -193 52 231 142 74 198 -22 174 -215 -214 -2 -239 60 207 -17 -161 -131 -39 -199 83 -150 31 245 -78 24 141 111 112 219 203 170 -6 -107 248 -41 88 238 105 73 -205 -217 85 -69 1 190 209 237 167 -208 202 -42 -125 54 -178 20 -47 130 72 -121 106 -128 13 59 -174 227 138 41 -158 82 -37 -166 -156 -139 86 194 -62 153 -33 25 63 55 166 -143 139 -227 90 14 241 215 -80 -134 -49 -157 -202 224 216 -81 -165 -83 34 -32 102 -64 45 -19 -71 -77 -209 -15 243 -89 165 -213 -57 -237 -34 -183 -65 230 -155 -164 127 -250 -94 180 -124 78 -93 -142 131 32 -21 -182 -233 36 175 -90 16 -70 42 64 -201 -137 182 -29 -224 -24 -248 162 226 152 -216 -198 -14 107 121 -31 65 117 67 -180 -162 242 148 118 222 70 179 155 -119 200 -9 -75 110 -26 188 146 177 184 -8 -1 -153 -114 -179 28 -51 183 217 -222 -46 -228 -234 -38 92 -226 29 150 143 -249 -188 -151 43 -53 -225 -232 62 51 5 -184 -127 103 -110 120 18 17 -220 -96 -163 -105 -138 -40 8 239 95 -7 -44 2 -95 -117 124 -145 108 -229 135 -170 163 35 -82 -59 -159 -10 11 -16 161 -207 -92 4 46 228 132 -203 -168 234 -196 58 195 -102 244 -97 -122 -11 -246 39 22 -148 172 -152 68 96 -186 114 -84 53 -144 -140 -245 144 -104 176 156 -74 -120 247 -43 173 -167 80 -85 0 40 57 6 -133 126 196 169 -36 -58 81 220 197 -130 27 -63 100 84 50 -172 -129 -30 -236 97 -160 101 211 159 -68 205 104 -98 -189 -187 -132 154 -87 185 -177 140 214 115 44 113 -4 -242 116 -101 -99 -112 19 136 -45 223 -48 129 
TEST 40 ARG:-211 247 177 33 -163 214 -96 49 126 9 -92 -169 -159 -153 -197 174 -187 -76 60 194 202 -143 12 -42 249 -87 198 -88 152 -174 61 -138 -179 -228 175 -232 -26 67 245 -184 124 119 -218 199 159 -41 229 103 -112 -130 -116 -89 -235 59 -97 -91 205 128 31 -201 -7 57 -43 -8 109 73 241 157 -40 -46 112 178 219 122 55 167 -11 98 -190 -54 -147 4 -129 -80 171 111 -183 191 162 -146 -207 29 161 -120 176 -125 132 224 -142 -131 -108 235 131 -119 -168 -177 56 -57 -94 -122 227 -20 -243 -14 -81 192 -31 95 -58 47 -220 97 -13 129 21 -66 -186 43 -139 104 185 -48 -128 100 13 158 34 106 200 144 173 10 -103 115 52 218 -140 239 -2 -244 146 -32 -132 154 236 221 -105 -156 182 133 -231 168 138 -110 188 -155 89 -52 165 63 -249 17 -175 116 -165 246 -113 -171 -204 -118 120 -121 130 66 -65 -100 -213 -134 14 172 93 -99 -212 23 5 80 65 72 206 92 46 6 141 84 139 15 123 -160 -77 -172 180 215 -167 -24 -196 184 216 207 166 212 -178 70 -19 187 -126 108 189 -79 -238 121 155 181 3 -64 -27 -93 -223 -157 -10 -250 -194 148 242 -170 36 163 -237 77 -192 170 -82 -78 -61 118 -59 197 226 240 -102 193 -117 19 -74 186 96 -199 145 -55 -56 -9 117 -109 35 -185 -123 -240 113 -85 -158 25 -23 16 -69 196 -198 -38 231 -90 -28 94 -34 -173 -83 24 -39 87 203 -176 -124 71 -53 88 217 41 74 211 26 -200 -6 183 -150 38 -166 58 30 -60 -37 -216 -182 28 150 -98 -133 32 -227 -236 234 151 -180 195 -149 125 -224 78 -95 -127 -21 107 18 -3 -36 -114 54 62 -101 -215 -144 -221 -33 136 -189 208 164 228 -161 230 -137 81 -239 -208 -222 -75 -63 -47 -162 40 233 86 -193 -241 -49 -245 -111 91 99 -209 7 -230 11 -203 114 -25 222 76 -191 -115 -248 -51 -205 232 85 -206 64 210 -247 -15 44 244 -145 75 -84 -1 179 153 -106 -225 -219 102 -104 1 -29 8 209 51 190 -164 160 -67 2 -181 -16 -107 68 42 137 143 48 238 79 69 213 110 -71 53 -195 -226 -44 135 220 -45 248 -35 -73 -62 -68 169 201 50 -135 -154 -242 -233 -246 27 90 156 134 -188 -70 -234 105 101 37 -72 0 -86 237 -5 22 140 204 82 142 -210 -12 -141 -18 127 -22 -17 -214 223 -217 -152 -151 -148 -202 20 -229 -136 45 -50 149 225 147 39 -4 -30 83 243 
TEST 41 ARG:117 115 -17 70 -212 -72 32 -123 178 29 18 -165 -113 171 247 -120 6 -194 -32 165 223 187 -195 -134 -122 111 80 -144 -175 -118 68 -137 161 242 -115 130 238 -26 1 239 121 237 243 235 -97 -35 -233 28 150 -169 -24 15 -139 131 -61 224 -8 192 0 -243 -132 84 114 -78 127 59 -197 177 99 -89 -9 -147 66 200 231 -63 -13 -164 210 169 245 -173 -31 181 90 74 -33 20 183 33 134 -112 143 -40 79 -83 -108 -21 166 -179 85 26 -38 102 -222 -81 -45 -178 209 -96 212 -27 -20 123 188 56 -64 176 -15 -220 55 -47 31 -52 226 -223 -116 -119 5 -23 -57 180 162 76 -166 193 -41 133 8 -238 -241 -172 -226 91 -2 -82 -142 -214 151 195 34 -213 96 17 47 -75 -224 14 -28 125 -59 163 122 97 191 64 -232 -68 -153 215 -95 24 120 -55 87 -218 -93 -138 -182 148 -237 -155 -135 48 23 -248 -148 -121 -37 157 -7 35 27 -88 75 71 -69 51 154 73 236 203 216 -12 105 -200 142 -130 103 110 -154 160 211 107 65 -29 -85 37 -105 46 213 -48 98 -117 -143 -196 7 -176 -127 153 -6 -219 244 208 -18 205 -111 -207 -221 -103 -171 158 233 -43 186 93 -225 126 -94 -104 57 89 -168 36 -239 -16 -240 -51 82 -140 222 -159 225 -50 53 -191 -131 -192 94 246 -129 129 -107 206 204 49 -242 -210 164 147 -124 -66 -73 -206 25 -110 -151 54 -14 100 -34 -77 145 249 -245 -101 202 -106 -125 136 -149 128 -208 218 190 78 30 -67 -100 38 -199 109 156 -183 -170 -198 -102 -3 -215 -234 227 -46 81 184 194 50 -1 104 39 60 -56 230 -126 221 42 -217 -156 112 95 -160 124 -228 -11 116 248 140 -114 179 155 -209 -249 61 170 234 92 4 -167 77 113 159 -86 44 -80 62 -244 173 175 -62 -205 -185 217 214 -188 135 -53 -5 119 189 207 -74 69 -36 139 -204 146 -136 58 -181 -193 83 201 -152 19 52 -184 -227 -180 -90 -211 12 141 174 172 -229 -4 185 -10 132 21 -186 43 196 -92 197 -146 -145 168 22 -58 219 -158 -133 144 -22 -174 -30 -162 41 -79 -190 149 -60 229 -177 137 10 -109 9 -247 199 -250 -44 -163 -54 118 167 -98 63 240 16 88 3 -231 241 -65 -230 -235 -99 232 152 -161 -128 198 220 -70 228 138 182 106 67 108 -42 -157 2 -25 -49 -201 101 -150 -189 -91 -71 -236 -202 -19 -84 -203 11 13 72 -39 -76 -141 -216 86 45 40 -87 -187 -246 
TEST 42 ARG:141 88 -132 119 124 -148 137 103 -115 -206 -57 -171 181 -196 195 -161 168 -125 55 -201 130 54 -8 170 -46 14 227 83 68 -192 229 -229 47 173 82 -209 -52 40 193 -6 28 -188 -1 -176 -182 21 -217 -40 39 154 -66 61 134 -73 -154 -129 60 -91 -81 226 15 180 -18 -32 46 120 8 -23 -228 122 -204 -214 81 242 -235 64 -210 -153 -72 -199 -79 74 245 -55 -27 -198 -248 -152 -70 -92 109 -45 -239 139 150 126 244 -102 -244 -116 -62 -86 171 -232 -224 -119 185 96 248 -80 114 -168 -226 228 -89 138 45 32 178 27 -215 -190 -166 51 -61 -95 -238 37 86 159 -113 -69 -189 -98 71 10 -227 -234 157 217 184 -207 -163 148 112 -71 220 151 149 207 -65 -15 5 -11 16 201 -205 75 146 198 -183 -138 -164 -159 -82 -17 216 -137 167 -242 123 -181 72 -246 -249 107 -140 -231 -241 -240 208 52 -34 7 233 -14 -75 70 -109 17 -5 239 -2 190 -111 -24 -29 -197 -120 223 80 95 236 24 238 -20 -122 -112 174 -78 111 101 225 215 240 113 202 -12 -212 196 -16 67 183 33 -173 -208 97 -130 -36 104 78 13 117 -85 -165 213 205 69 94 89 -250 -28 106 -243 -185 -135 -223 -146 56 48 -110 65 -58 118 -156 -158 53 12 188 115 -195 203 -60 -47 9 -118 105 -96 110 -25 -157 58 129 -211 125 160 210 -77 -83 191 85 100 -54 166 -150 -151 187 -180 161 -35 1 -103 -128 241 -236 -193 -131 -59 131 23 77 230 -42 -237 162 25 189 177 218 -49 34 -134 172 -37 57 -245 -51 -44 -108 144 200 19 222 231 -160 186 143 194 -105 192 -76 -202 31 -43 -170 209 49 212 0 98 -33 -247 -167 -106 -233 135 -74 214 -31 91 165 -216 -203 158 -21 -3 -117 43 90 140 11 -220 6 4 -136 232 -175 2 -53 116 237 38 35 62 -178 121 -22 152 145 -94 3 127 29 -48 76 -87 -63 26 -213 -225 84 50 79 -145 246 -191 -68 -4 -124 211 -64 -174 234 -186 -155 -133 -13 -222 44 224 249 -127 -162 235 -50 -230 132 -126 -143 -56 -149 -141 176 -99 -67 -177 204 175 -142 73 156 -84 -147 182 59 243 63 93 153 -100 163 -93 -104 -90 18 -10 221 92 -97 36 -19 142 -169 -9 -39 -114 -194 22 -123 -7 -184 199 169 108 -30 -218 -88 -26 -41 41 66 -121 -219 133 179 -172 147 -139 -144 219 136 155 164 87 197 -179 -107 30 128 -101 102 247 -221 -38 -200 42 206 20 -187 99 
TEST 43 ARG:5 0 182 121 -216 -209 211 -119 -247 -246 118 87 179 42 -69 -17 63 19 191 -80 27 -72 202 -222 23 210 243 37 -90 123 36 -182 115 -114 -133 -225 -82 -94 -223 -231 195 -169 86 93 -23 184 131 139 21 -229 75 172 -99 -62 181 -6 33 -34 -18 -83 120 -30 44 -10 -113 -188 81 1 -190 130 -42 -205 -76 128 51 -178 178 166 214 157 -52 175 235 -120 140 -226 -170 -68 -106 65 185 -160 -210 173 -108 218 143 -153 -37 -61 161 201 236 -236 102 49 213 -123 -164 223 46 -130 209 233 144 -89 -218 -189 -88 -171 234 -206 104 71 124 -33 -11 241 240 146 90 -138 232 -248 -87 221 -165 56 -58 -149 177 10 -64 -110 -214 -7 196 -238 -132 -84 -240 163 150 244 -16 -187 -143 15 -22 -116 197 167 30 158 114 169 107 58 32 190 -249 -2 -35 -152 101 -60 45 -144 88 -198 -79 16 171 -44 -158 -232 54 -77 3 110 -192 -179 187 -51 -124 -122 -212 67 14 -49 94 -235 -136 -65 160 229 -194 -15 193 192 125 -139 -97 82 53 78 60 68 -185 85 39 73 -202 -43 -81 -50 -41 212 -115 76 -140 -181 246 -27 -100 7 207 13 -150 29 2 132 -13 215 -67 -46 -195 148 -221 95 -127 -111 239 -63 -191 112 152 91 134 -167 -243 224 -26 83 -137 18 74 -131 -184 -9 -25 -107 -45 -125 -118 -78 188 59 38 225 26 -4 -12 -70 -112 -1 28 -74 47 165 -53 156 -156 159 216 -5 -162 35 170 -56 -109 219 69 247 205 8 -134 122 62 -204 -163 237 -230 222 -38 -103 -31 -227 -213 -86 40 -39 186 -145 180 -126 61 -102 -59 108 20 -55 141 -36 11 -129 -98 48 242 70 22 203 -71 -159 -151 31 -201 -3 -208 116 -224 41 -146 -57 -14 -148 6 -219 -155 249 -233 105 -220 79 -29 97 238 113 24 -92 194 -91 -117 77 -183 -32 155 -161 72 204 231 106 -196 -173 92 142 -154 198 -75 162 -180 -211 220 -24 189 245 96 129 -172 -28 -239 -237 -96 174 133 228 -207 25 103 -217 151 -142 135 -19 -73 -104 -166 12 -174 89 183 136 127 117 -40 -242 -193 137 -203 -48 -141 119 200 4 -245 -147 145 -8 154 -54 153 66 -250 -228 43 -168 -95 84 164 17 -135 -101 -199 -93 -234 80 248 52 -215 168 57 -85 208 147 50 98 126 -175 -121 -197 55 230 111 -177 -66 -157 -128 9 176 226 -105 217 199 -21 99 34 109 -241 138 -186 -47 64 -176 206 100 -20 227 -244 149 -200 
TEST 44 ARG:-80 -126 -9 -109 -20 239 -129 -144 227 214 -204 226 -194 35 -160 246 -146 183 -56 232 -235 -16 108 -236 -40 -72 -152 -108 85 -181 -42 -210 -224 -153 120 83 -207 -55 3 -187 163 174 -104 194 225 66 -157 204 224 177 -155 -71 244 233 206 218 92 -79 -125 -189 105 217 -21 6 99 -201 128 27 -214 186 123 -84 -5 185 38 21 96 154 -239 150 142 34 157 -78 116 162 -119 130 97 1 -169 -41 94 -180 135 -132 -186 -175 -69 245 -237 -32 -8 11 200 -6 -121 -238 222 -127 104 122 -182 50 -96 -212 113 -202 172 -17 44 -170 -90 0 -184 -203 127 36 37 160 192 146 -227 228 -115 63 -143 -177 67 -46 219 178 197 235 195 -86 -162 -3 -99 7 -101 -29 230 -83 -165 153 136 -234 -138 -92 -176 2 57 151 -28 115 -145 73 41 240 191 9 -70 -7 60 -118 176 30 193 131 -24 82 171 -123 -98 -74 -106 182 -47 -161 140 -136 49 164 166 -208 231 -242 -141 -192 -45 -172 46 199 -103 -48 190 -218 216 121 -91 110 -225 111 -226 -33 -196 -220 93 -82 -198 101 26 -215 -85 -154 184 -18 -205 10 87 19 -133 -67 187 -124 -183 236 -158 -31 95 149 -52 169 -19 100 -140 167 32 -206 75 48 -25 139 29 -105 -228 -188 18 158 188 -113 -38 -4 23 12 -190 -95 114 -159 -211 -49 42 170 -12 -174 -60 201 -63 16 71 -35 -243 126 -179 -130 -75 -216 80 81 215 179 53 -39 -36 -149 203 -221 -166 -117 56 -58 -30 241 -164 -15 -246 14 -191 -59 28 -171 132 -247 112 -150 72 143 77 -151 223 -232 -131 221 74 -231 198 133 145 -27 -26 -245 24 243 -100 22 -200 238 -156 79 211 55 -62 220 4 65 40 -197 -65 242 -135 -193 207 -44 -248 165 -112 -81 -22 52 31 -66 152 -97 -53 102 -89 61 -223 84 248 -217 -250 -137 118 -249 -185 -209 -233 175 -219 -73 161 -142 -87 58 -111 -102 86 -14 39 156 229 189 17 -43 209 20 -88 -23 -168 155 90 -148 119 249 213 -240 -229 -68 -241 147 -147 -110 202 -116 -54 -107 -122 -34 -2 47 -76 -120 148 212 129 33 205 -37 5 76 91 89 107 -10 -134 181 13 134 -94 -13 173 -1 -11 -64 159 144 109 25 -230 59 -244 168 210 196 70 103 43 64 69 68 78 51 -77 208 -178 -50 237 -199 106 -213 -57 -128 -167 117 -163 -93 -139 8 -195 45 62 180 15 -61 247 98 54 138 -173 137 125 88 234 -51 124 -114 -222 141 
TEST 45 ARG:-31 -242 132 96 -61 -74 134 129 -114 -151 182 25 -132 209 -109 -10 -177 -204 169 190 168 -43 -193 54 142 -88 97 19 69 -247 -26 -219 -32 -17 -250 -38 -173 -2 227 -166 18 -147 85 -249 -103 -207 -190 157 38 -196 -113 174 231 -221 -163 242 -89 -120 47 164 83 125 108 -111 -53 236 -224 -191 -153 51 225 13 -210 -35 -68 181 -12 172 70 198 -165 5 -67 116 -185 -200 162 214 141 74 -201 -62 -136 -65 -99 -25 -59 104 -176 28 56 -27 -112 15 137 223 -157 -198 87 206 -104 229 178 -232 222 73 -56 202 -241 166 -140 240 220 128 -82 40 59 144 -211 -51 -30 -50 200 37 -46 0 101 159 -139 -100 43 -11 -216 149 189 -105 146 -131 -171 42 -178 -83 -179 49 -205 -215 63 176 -189 -54 -141 57 -20 61 -6 -117 84 -106 79 -159 217 31 -246 -98 -174 126 -33 -7 -5 194 221 36 -180 -197 80 -45 -75 232 -23 115 196 -102 -230 46 65 -212 -195 -60 7 -156 -126 248 -135 -248 123 98 94 186 161 -183 29 180 219 -22 127 -34 -233 -119 -234 50 66 238 171 -16 113 -118 8 241 -228 -161 107 155 138 -86 -42 -55 208 183 -172 100 156 35 -77 130 -18 71 212 55 62 148 60 -123 -85 26 52 152 -29 133 -116 110 102 93 -229 205 22 17 -239 -8 -220 -108 -49 -182 215 -52 106 89 -28 179 76 58 -78 -39 211 41 -149 -146 -87 120 216 -175 -124 -14 237 147 -115 239 -152 -162 245 -203 67 -206 33 -245 72 -94 131 -143 135 244 193 -101 170 173 -41 -4 119 247 160 -133 139 -217 151 -160 32 210 -169 -225 -148 -90 -71 197 -66 143 -130 177 117 81 -1 -96 27 12 201 39 -127 228 -63 195 77 -154 -227 165 -170 -91 -79 -236 -129 91 136 105 114 145 124 -93 175 -202 95 -19 158 6 68 111 243 184 86 -164 -57 11 185 2 -70 -48 -199 204 163 -137 -240 -110 233 235 3 -21 24 -181 -208 44 -15 -92 -223 64 -81 122 199 82 -226 140 -64 9 48 92 -187 203 234 -142 -128 -237 -69 -44 20 -184 187 -155 -238 75 14 -186 -121 213 121 -58 249 88 -188 21 -36 16 -194 -158 -37 -244 -125 -192 -150 -213 109 10 230 -134 -222 34 226 103 -95 191 -144 -13 -24 -168 -84 45 188 53 78 167 153 207 -72 -80 112 154 -243 118 99 -214 150 192 -9 -3 -40 23 -122 -76 246 -218 -235 -167 -73 30 -138 90 -107 -231 4 -209 1 -145 224 -97 -47 218 
TEST 46 ARG:27 176 -211 138 182 -16 147 -32 118 -66 90 159 -133 152 168 -186 -164 240 -21 -42 22 -71 -106 -240 -38 -202 -75 231 84 -114 -208 149 134 5 185 -179 -219 20 -224 78 -163 -146 72 226 221 89 57 -134 246 248 -131 -13 68 -67 128 -43 249 -7 -110 -177 183 -105 -88 213 -183 -49 228 -227 -187 113 23 -74 102 -84 -136 -223 -158 38 244 -8 224 -54 -94 18 177 123 188 15 75 -210 -205 11 179 -118 -231 9 160 -169 -108 215 217 -56 -172 -143 -125 125 21 -142 -229 136 -214 40 -63 220 116 -248 107 169 -18 64 162 -35 144 245 -82 52 -222 -191 49 181 -34 208 232 10 51 -70 -58 1 -19 180 -103 -165 223 -197 -55 -206 -68 13 109 173 164 135 -98 14 43 205 86 -168 -157 -132 137 -184 210 234 -11 242 203 82 55 155 -85 139 -91 198 -6 -57 -17 42 -244 170 204 76 -207 101 115 -102 178 -221 -93 -62 -160 91 35 -249 62 110 -37 -126 32 19 -141 -242 -60 200 79 56 37 233 -192 -61 -139 -100 -12 81 -112 -4 -15 -203 151 77 -53 66 145 -234 235 -50 69 -182 146 201 -237 48 -47 -27 39 -92 157 -72 -175 189 -44 216 61 -149 -250 -196 83 207 36 46 -236 -127 -213 -39 59 117 172 -9 -123 -235 -101 -135 -115 143 236 247 -99 106 237 166 -154 132 195 -30 74 92 154 142 -220 199 131 -170 191 202 174 -124 -226 -28 95 186 -33 7 63 161 -239 -10 -246 -121 158 -95 -87 25 -153 -166 -200 -119 100 -178 50 239 206 -79 98 2 120 -193 -147 60 -162 4 -150 -233 103 175 31 -180 -76 70 16 88 238 -45 -243 -109 140 112 -65 -117 -181 105 -89 3 65 -90 -46 -232 93 230 -198 8 -185 108 33 225 167 -69 67 97 156 -241 -64 193 -107 -73 -155 -23 -174 -26 219 -190 6 119 -144 -48 26 29 241 -217 -104 209 -151 -2 34 -81 -3 -96 -216 153 -113 53 -171 -59 -145 -78 -24 229 -189 -5 -1 -199 -31 148 0 45 87 -209 -156 44 -83 243 -238 227 -195 24 122 85 30 -194 -137 -201 -218 -173 196 99 -122 -97 124 -36 192 -188 -29 194 17 187 80 214 197 71 130 141 -138 -212 190 -247 47 127 126 104 -25 58 -140 -52 -120 -176 -51 163 121 -129 12 222 -245 -22 165 -215 150 -204 212 133 -230 218 28 -225 -161 -20 -152 -86 73 -167 171 -116 111 -130 -128 211 -40 -80 -159 -111 114 -14 -77 96 -228 184 129 94 -41 -148 54 41 
TEST 47 ARG:-172 -129 196 14 -145 204 -53 232 -161 -176 -152 -69 -105 166 -118 76 1 -123 132 172 -7 123 119 -87 -127 -144 10 228 -242 -206 -173 -149 101 207 -37 100 -2 -32 -160 -248 -77 144 -247 102 180 -91 -78 -237 -102 197 2 -62 -165 127 -99 140 58 -61 89 -59 243 56 145 25 42 68 211 49 -6 -217 229 139 201 155 103 22 -250 -200 -18 179 167 30 217 -154 213 -221 -134 -227 -198 141 -186 -47 -215 -183 38 55 -46 148 191 -171 -86 -54 -45 203 80 37 171 82 -115 -103 -84 210 175 48 -93 -245 84 223 -190 -71 -21 -132 161 53 -36 -181 -150 -170 -137 -225 43 -146 225 69 -203 -27 -72 51 12 158 109 177 63 35 126 -64 168 -5 -92 122 105 -193 -50 78 -48 -52 44 134 128 114 -235 120 98 -100 -120 131 65 -82 -168 118 135 -211 -208 -194 -75 -197 -240 -236 -188 -153 112 154 83 -43 -24 -112 -155 212 -15 79 46 111 206 -33 124 93 59 133 202 -101 -89 -44 9 -151 233 106 142 147 108 176 242 -30 -13 -196 -191 27 -224 8 -131 -111 -104 -180 -239 -66 17 -126 110 -63 45 36 -113 -65 -138 39 -163 195 187 169 -169 -9 28 218 -174 162 249 -185 60 136 237 -233 -35 216 -158 23 52 13 -19 -231 226 -81 183 159 -34 241 215 81 19 190 -139 -178 -109 31 174 -164 85 -67 29 -201 -22 -79 -29 -8 160 -184 74 -220 107 -143 -95 238 198 -38 -56 -4 235 -17 75 -135 -182 -209 -159 3 96 137 -42 246 -219 208 245 121 247 -140 -40 239 71 117 236 221 94 -142 97 -228 -106 -107 -177 54 -166 57 200 227 -74 -10 219 40 -218 234 199 -96 90 -16 -26 -83 188 116 95 248 -156 -179 224 21 0 244 149 156 173 -199 4 -41 -187 182 143 -189 92 -70 -148 153 193 26 -214 -136 -202 -58 -49 -207 -205 -12 -175 72 -213 -192 87 -234 146 165 214 61 -14 -119 -243 231 -122 -147 104 64 220 18 -94 -246 -114 16 -85 -223 -117 7 -60 125 -124 186 150 240 184 62 -226 -76 -73 -116 115 -97 113 91 170 -11 34 178 32 -141 -238 -195 -88 41 47 -249 192 -110 -216 -157 -80 -3 163 5 -28 99 6 -55 -232 -222 -108 -133 152 33 130 -204 -68 185 -1 151 20 230 -39 205 164 194 222 -125 67 -212 -210 209 -130 157 -98 24 -23 181 -25 77 138 -121 88 -57 -31 189 -162 73 -229 86 -51 50 -241 70 -230 15 -90 -128 129 -20 -244 66 11 -167 
TEST 48 ARG:8 -126 -245 172 -63 82 -162 -19 -42 -148 150 -149 -152 -48 210 237 -208 76 -85 30 67 -172 -132 -144 238 -236 -189 22 -2 198 -220 -96 -199 -86 -114 -16 -55 -219 -89 -248 227 32 94 111 -120 -99 -121 -30 -79 52 -232 -106 -194 -231 -26 47 -200 43 -235 -124 -39 -140 -105 21 80 25 -217 126 177 -64 24 109 -234 214 -33 -138 -151 34 161 -84 81 -53 69 -238 96 194 -83 -41 68 56 158 90 -181 -150 129 39 -115 -178 -61 -14 -174 37 -22 146 -88 -146 -103 -165 190 180 122 130 121 -44 159 -210 -118 92 -110 167 71 -49 105 218 -57 -168 -81 18 -228 -116 -135 163 228 203 -157 44 -108 219 59 50 113 -107 240 -113 -123 -133 229 -12 -77 -46 -227 -169 -185 156 -139 -21 221 -201 225 196 41 46 -131 -78 -211 137 -87 135 -207 -193 16 -170 75 181 -43 193 231 -52 86 -29 -214 170 95 -32 155 -142 164 -71 -233 107 213 74 103 -223 134 183 216 -197 147 116 -186 -97 154 -70 119 -10 244 -98 -184 224 -40 77 104 -175 -161 -27 -213 131 138 6 179 148 -82 93 209 -31 97 -191 3 -127 -243 -34 -241 -204 11 -156 -18 -50 -136 -68 58 144 -196 -109 -205 -247 23 117 84 40 -95 157 -177 -143 -101 165 248 -229 195 230 -47 99 226 -20 -147 200 -166 -93 -7 139 -244 72 65 -128 73 -141 114 123 -215 160 223 98 -54 186 -160 192 -179 128 -246 27 -91 -134 70 35 -155 15 -218 -74 62 -76 133 249 125 85 199 54 -125 -45 112 151 -192 83 31 29 -28 208 -180 -111 232 -188 60 -59 -6 63 -65 -5 169 204 -182 -183 215 -119 -11 14 -154 -35 -23 -92 171 45 -73 -249 -102 211 149 -206 212 145 -36 0 33 242 5 36 106 -209 -67 -190 247 -17 235 89 -195 -202 239 197 188 64 -80 91 153 -164 -187 -203 234 236 -145 -159 -13 -239 -75 222 -112 -9 -242 -60 61 189 101 102 -240 118 -226 -37 -130 55 -225 -198 2 42 132 49 10 -171 19 108 -94 -129 -90 127 88 124 -58 100 217 -51 -173 -4 142 -1 -104 -222 -15 -167 -72 201 245 173 205 243 -212 -8 -24 1 140 79 -122 -25 17 162 166 176 -137 246 -66 -3 110 78 -176 175 51 152 168 187 241 174 -117 20 202 38 -56 -224 -153 143 53 -62 220 233 12 -163 178 -38 207 9 120 191 -100 66 -221 57 13 185 -230 -250 26 -69 -158 4 7 184 115 206 -216 48 141 87 28 136 -237 182 
TEST 49 ARG:-181 64 144 -170 -51 -249 118 -231 -96 134 43 -145 -242 226 236 -222 160 62 -11 51 -43 189 127 202 -95 -88 -79 158 -14 -143 -65 16 143 -190 -31 -136 -159 -9 156 82 -60 29 -108 239 -184 -45 68 89 83 213 -243 -180 87 -8 -103 -228 146 107 52 -57 -105 -232 162 141 -28 117 126 -201 30 17 -52 75 -42 -218 -238 -237 -204 -125 212 -246 -21 61 15 101 -89 238 -176 -15 11 -169 58 -102 -137 137 45 -49 -3 -157 -112 -148 -106 149 215 163 -139 -70 12 -109 206 27 246 93 50 -77 -90 -158 209 -234 124 9 219 -138 -5 161 -115 145 60 -101 243 -175 186 -144 -196 -63 -219 42 242 208 -131 136 234 248 203 -250 -92 105 131 -116 -78 23 78 88 -81 207 179 66 231 67 44 -56 221 151 152 113 -202 -40 70 -48 -119 195 198 -155 228 -73 81 112 91 111 165 -172 19 -209 -82 168 -47 -35 249 232 103 -67 155 -134 222 173 72 -30 76 230 -164 -6 106 -36 -191 -33 74 -151 40 7 28 -248 190 56 -142 37 -194 -214 -18 79 -152 100 -94 -235 -221 -200 73 -199 224 -150 183 -207 -4 -23 123 22 63 119 -100 -210 -84 -46 -198 -212 -133 -187 -37 -32 -107 132 -147 -185 -71 164 1 -114 -25 193 -113 20 205 -166 94 98 -189 169 108 31 -149 175 -161 -165 65 -97 122 233 216 211 -220 -225 0 247 -126 59 -178 200 182 -128 -135 85 -7 194 187 -59 -203 180 -224 54 -168 -141 -24 109 -121 -2 -54 48 -188 225 46 120 24 41 -110 8 166 34 -244 204 -174 -127 -38 125 157 196 -122 -171 115 21 -44 -91 110 2 -140 129 90 -129 -216 -75 -153 97 92 -146 -87 57 -85 130 -183 174 102 95 240 -68 -39 -173 96 -123 -86 53 71 5 -13 -118 135 147 -69 150 -124 10 -182 128 235 -233 241 -50 139 -17 -83 -217 13 -66 -239 218 217 154 32 33 77 -12 55 -111 18 -76 -22 -230 -62 -93 220 -167 192 -16 -213 -104 229 244 14 -163 148 -179 199 171 -197 38 -132 181 -1 6 138 159 -245 4 -72 133 116 -19 -247 -41 114 104 -177 -29 -26 -10 3 -156 -98 -99 188 210 -241 -162 -205 26 223 -223 -229 201 -240 237 -64 -53 69 49 227 -58 -227 25 -117 176 153 -55 -154 -192 -236 140 -34 142 -226 80 -80 184 197 214 -211 177 170 -27 84 -193 -120 39 47 -61 -160 -186 245 35 -74 -215 172 -206 -130 -208 36 99 167 121 185 178 86 191 -195 -20 
TEST 50 ARG:-89 189 7 -153 107 -214 156 52 105 249 83 -119 104 34 -210 -197 148 -100 137 110 -180 -50 -34 117 -140 120 -243 70 -118 238 46 5 -5 69 -137 42 -245 127 -147 73 79 -48 -134 19 160 0 -172 -104 -209 141 -220 31 -129 -191 -196 -159 82 -234 -161 241 -41 150 -117 212 -182 -176 -246 -184 -218 162 -46 -143 236 29 -39 -115 68 4 -66 -131 242 -171 119 44 -106 109 -19 -21 205 12 81 96 172 -22 -249 206 2 116 53 -33 -31 92 -4 -139 -49 -16 -26 130 16 140 63 -111 -221 22 -163 -228 179 -56 -116 221 159 -233 146 -162 -13 -96 -151 165 -53 128 74 -248 67 20 -2 9 -61 -175 -232 -75 232 62 57 50 -142 -177 155 131 178 -203 -84 -211 -54 -60 121 -181 -105 -241 168 -86 186 196 41 -73 84 144 11 35 98 47 -70 3 229 -108 37 220 -37 -216 -51 235 -62 218 15 133 224 170 87 -192 -144 -90 71 48 -235 -40 -72 -28 -3 222 58 111 115 103 171 -102 -88 -43 30 86 -155 223 228 14 -204 -101 177 -238 80 231 -195 203 -77 112 36 -170 66 -80 182 247 246 -133 -83 88 13 85 77 -244 225 152 -11 -15 158 188 126 169 43 64 54 -132 -208 -239 -10 -126 -24 213 176 97 199 173 191 -20 -222 -57 201 187 -230 6 -207 226 245 38 154 65 18 147 -160 33 -98 -92 153 -36 219 198 -45 -63 -154 -123 25 -7 184 -8 -198 -247 -149 -44 -187 -47 -103 -55 194 204 -65 161 26 -236 -156 49 -199 -76 -167 167 -226 8 -130 78 129 138 -14 -186 125 -81 -202 -95 -6 -242 -94 208 -64 72 -78 55 -27 -127 -201 -23 210 59 -68 -229 -225 45 1 27 -148 -145 76 114 214 40 239 135 -206 75 -59 28 149 -168 -74 -110 94 230 -38 -237 -157 163 145 -97 -135 -224 -178 -91 -250 195 136 -219 99 -71 39 -150 -125 -58 -107 -25 -194 -215 21 108 60 -138 -200 89 -185 -30 91 102 -173 17 106 -67 23 -166 197 -82 -240 -141 -169 234 193 -113 -52 -190 132 -109 -42 -212 -128 24 -213 100 166 190 32 185 -183 248 -165 143 56 90 122 -93 113 -32 -152 -205 142 134 -193 -114 93 -17 183 -231 211 181 -35 95 175 -223 -69 -121 207 192 243 -112 151 101 209 227 -174 -12 -29 237 157 61 -122 -189 51 200 -136 -164 -124 244 124 118 216 10 202 -188 -158 164 -227 -18 -1 -9 240 -87 -99 -120 -146 123 174 -217 139 -79 217 180 215 -179 -85 233 
TEST 51 ARG:79 137 109 40 21 96 -77 5 41 -65 67 -127 65 -235 201 68 104 -55 -212 31 59 -197 -103 107 184 -249 73 15 -146 29 -29 171 -234 -243 82 52 -61 177 160 48 -206 20 -27 -1 90 46 9 -76 -82 -173 -222 -79 76 16 -232 -17 -205 -41 176 -26 237 -105 234 -202 -111 43 -214 -200 -218 -87 204 -237 60 -70 146 -210 56 219 213 84 173 23 148 -190 26 -49 44 -207 130 58 202 -192 -250 225 166 -172 -178 -211 -35 111 197 200 -238 -119 -227 38 22 -157 179 81 12 118 123 153 -175 198 -215 71 3 -43 -113 -2 -98 7 -115 224 189 -24 149 -159 195 -240 37 215 126 -129 -216 97 113 -239 35 167 105 214 112 -112 131 18 -245 100 211 -246 -25 -164 -145 -140 77 -244 6 152 -152 51 -137 -162 169 -97 -51 -21 141 -44 53 185 -220 88 -142 -63 -223 -42 -86 -99 -47 124 157 164 -67 -18 221 -117 -40 -199 220 -176 -30 102 192 99 32 -22 -141 235 -13 -133 -59 72 -183 1 -221 -182 -118 -151 94 -228 -156 -217 -188 -161 -143 -4 -139 206 233 138 -32 -229 -19 242 133 -7 -226 -209 92 -177 27 -120 83 -92 -90 -102 -45 232 -37 -136 -60 89 42 -95 216 165 86 155 172 134 50 98 78 240 -167 -91 -107 226 -54 4 230 -174 -242 70 -93 150 -106 -64 -108 -247 159 -110 -28 228 142 66 -10 -68 -165 -23 -241 -126 -198 17 -89 -116 -208 75 -123 63 -184 101 174 114 80 191 -80 45 -225 -9 25 -248 236 36 181 -194 13 183 136 -150 -5 -195 -219 186 161 217 14 -109 -135 -153 85 -191 -85 -149 244 -171 122 -224 -179 222 248 -168 147 2 -230 -94 238 -8 -181 0 -155 28 -131 229 -233 239 -66 -163 -75 55 -101 -170 34 -213 -52 -130 196 249 110 187 -73 -50 106 -231 -134 -11 19 -3 -88 180 -189 132 135 128 -58 -100 127 69 205 207 54 39 199 -15 87 143 190 -132 61 -83 227 -203 -34 -31 -138 64 -196 116 246 -104 -38 24 62 139 203 -20 -144 210 -14 -46 245 144 115 -128 47 209 208 -201 8 223 103 10 -12 -185 218 125 117 247 -84 -69 -204 -16 57 170 -154 168 -166 74 158 30 -122 -158 -121 178 -74 -57 -125 188 193 -81 33 -114 -124 212 108 91 -147 140 -169 241 -36 120 93 -236 194 -148 -33 175 -48 -180 145 119 243 -186 -193 -62 156 11 -53 162 154 -187 -72 -78 182 151 163 121 -96 -6 231 -160 -71 -56 49 129 95 -39 
TEST 52 ARG:-9 -69 167 18 -16 121 142 206 -93 -81 -145 -80 -130 120 -29 101 -219 -229 170 -182 -98 -234 90 3 45 -221 82 4 130 16 -186 -12 -127 -215 220 152 196 247 102 41 43 -86 -184 -63 34 200 89 -149 83 -248 12 -34 31 184 -236 239 136 -216 67 71 -173 87 57 202 32 227 192 -179 198 -213 110 2 195 -82 111 -152 -4 133 -104 -25 173 147 242 50 103 129 140 73 171 -75 -52 52 132 -191 -116 -162 -64 -8 99 -94 -129 193 -125 -220 221 -109 228 -131 181 -144 205 104 177 30 -27 77 -49 54 -17 -72 -199 -187 -90 -222 174 201 84 -138 59 -189 154 153 -209 -114 63 96 -200 76 -13 85 158 69 -62 -174 -89 -164 118 -176 -96 164 37 -87 186 36 -250 156 -47 -71 -70 -146 -7 -32 -223 105 143 53 125 108 -14 -60 -67 249 -66 -85 217 -39 114 75 26 236 194 -1 245 234 58 6 11 100 128 62 212 112 235 55 -31 -207 -241 -156 -59 -102 168 209 -115 -113 244 -151 137 -137 150 211 185 -18 64 -181 -231 -194 176 -177 122 -42 -101 22 -246 148 -224 29 -157 68 -46 134 -244 -51 -201 -192 -175 231 160 -55 -198 -123 28 -143 -74 72 -65 175 61 155 -247 -185 -45 -40 -99 226 -158 -120 214 -242 -190 13 238 70 -203 -88 10 -48 119 208 0 183 -11 -170 -132 -134 139 -50 -119 -148 199 -73 -20 -5 -211 116 -30 -193 246 -188 -147 -239 -178 78 -108 -38 241 -78 165 -10 215 66 -77 -217 -163 -212 -225 -136 -154 -111 -91 -19 -41 -210 -167 123 146 188 135 -139 169 203 -195 138 -105 230 95 -56 -43 243 65 -235 47 162 -54 42 -36 -197 233 24 80 -206 172 44 115 -172 -37 51 207 -68 23 106 -26 -2 166 -100 -226 7 -53 182 81 187 248 -28 -168 -171 180 94 79 -83 -205 -44 124 60 -161 19 74 -103 -84 15 91 178 38 -150 -95 159 -227 -180 229 -23 204 -33 190 -121 93 -122 -237 -106 -140 161 -218 149 -128 179 -240 -233 49 191 -238 213 -57 -6 -133 -61 216 -232 -202 -24 237 -118 -169 219 127 97 35 -228 107 -107 -15 -245 -126 144 -112 232 -243 -76 25 163 225 9 -230 240 -153 -214 189 88 -142 -160 -165 -22 157 117 223 -141 197 1 218 -159 98 141 -166 210 39 -249 27 56 -110 8 14 46 -155 126 -208 131 222 -92 -196 -135 17 -58 86 20 -21 -79 33 -3 -124 5 -35 -183 224 -204 151 21 92 48 145 -97 109 -117 113 40 
TEST 53 ARG:-6 -199 -230 -155 168 165 195 10 -12 -69 -110 74 145 -43 -33 -208 -198 186 0 90 15 -30 -18 229 33 115 81 -65 124 -62 206 118 233 134 99 129 91 215 -177 84 -55 -246 -85 -231 31 120 147 150 58 27 65 -21 -89 43 61 -172 194 -124 -143 -161 14 140 133 179 -37 -191 -108 209 -194 -116 188 -202 -158 196 246 38 -181 -250 53 -93 -148 -26 -126 -220 -42 -122 75 -71 -29 -1 -163 167 219 -134 -36 68 -54 -145 -77 -223 1 -98 106 225 156 19 -164 191 -123 125 -160 -73 210 -109 66 152 249 162 141 -57 -147 3 54 211 -83 -227 109 -50 -115 72 239 247 177 -25 -229 -39 -78 20 -90 12 -182 -48 -213 119 50 69 175 5 85 -22 -228 -2 42 137 216 -162 218 -72 -142 220 23 245 97 -232 -210 154 -128 -166 236 161 -32 41 -61 184 244 -34 -244 -243 57 238 -58 -185 18 78 -45 108 217 8 -70 -207 242 100 49 -11 -111 173 11 -81 -216 17 -47 -240 131 221 -23 110 226 -14 208 201 -100 198 -238 -150 -219 6 -91 111 -222 205 96 -49 -184 -64 243 24 230 -105 -106 67 -8 181 -156 22 123 88 62 -196 207 -46 64 34 -204 -92 -157 -173 -67 112 157 183 -192 122 -68 -144 -135 -3 214 160 -13 -190 -5 -59 103 240 -107 -104 37 182 113 -203 231 16 -248 98 86 -159 143 213 -146 169 -17 29 -176 -140 89 -7 -40 -127 -31 128 102 -186 -171 -153 130 187 -20 -247 -76 -151 158 -120 -19 203 -141 -136 -139 -103 -119 -133 234 227 135 60 59 -38 -129 200 223 -174 46 39 117 174 136 248 189 176 116 71 7 -165 151 171 -138 48 199 -242 -52 -241 163 204 -168 222 70 26 -235 -117 -225 -96 139 -66 -112 192 127 -197 -234 -178 104 -121 -99 -212 -102 -170 -132 -206 -188 -224 -226 -215 -80 235 -87 170 21 -9 138 -245 -15 -167 -16 -201 144 -88 44 -28 -152 94 -75 -200 -79 212 2 -84 -205 13 172 -189 -101 -187 40 -60 79 -118 28 -82 -35 155 -149 -239 -63 126 52 -10 -183 -217 202 114 80 -233 -24 -27 45 -193 159 -179 193 -169 132 -195 56 -236 -94 -74 153 83 -114 -113 -56 -44 -221 36 -249 -137 237 -209 185 -4 -130 -125 -53 197 -131 55 101 232 77 142 76 224 -86 51 -211 9 228 25 149 4 32 87 121 35 178 -237 -214 164 148 73 -154 95 -218 30 82 166 93 180 -41 -180 105 -97 -175 190 -51 107 47 63 146 92 -95 241 
TEST 54 ARG:146 2 218 203 140 -90 199 30 -163 -33 -169 -181 141 -218 -78 75 53 188 -14 158 -142 76 44 130 -168 37 97 -53 -153 -62 -171 224 186 -124 81 -182 160 -92 -203 -12 237 -74 -128 215 -67 91 151 -99 -176 -134 -103 -89 49 59 -226 212 10 153 145 190 147 -183 -100 -13 222 -145 219 -155 -216 57 -154 204 36 92 105 -147 -39 -195 -97 -19 131 -5 -244 -37 223 110 245 -47 90 -75 5 -223 115 -101 -126 167 -184 189 -17 -107 155 -141 -2 -173 -84 170 183 -170 247 234 -164 135 -113 -49 -161 43 66 -207 -58 241 -59 -55 -57 163 70 -149 64 -210 -205 193 -202 -139 119 109 32 116 -82 232 -43 17 28 56 -73 182 -232 211 139 -157 -196 -18 88 4 169 157 -221 67 210 24 108 198 235 177 103 172 -96 -146 -66 -214 243 134 -199 -137 240 -188 31 -194 178 152 -248 -29 230 -61 -9 -46 33 227 11 -197 159 80 35 16 -44 -198 -224 -36 -148 -83 -68 -30 217 175 -11 -22 214 201 -242 -28 82 -138 -136 -21 -115 -109 -159 26 22 -56 -45 -95 0 194 -200 41 113 -24 60 1 191 123 200 -23 120 -10 98 -150 -228 73 197 -87 -191 94 -175 6 85 74 -230 -193 154 77 -190 207 173 83 107 13 -160 68 21 -239 195 78 -167 249 9 8 181 52 176 40 -50 -52 -201 118 -162 -80 -69 -111 25 161 -217 -152 166 38 48 -144 -241 46 71 229 231 -72 136 138 -98 -212 -233 -76 20 -185 -102 132 96 -93 93 185 -180 -65 133 -246 50 127 209 112 192 -215 174 -166 164 -35 148 -1 39 -174 -32 87 -119 -165 84 -211 144 -114 -238 114 137 101 34 -4 -71 -120 -236 117 12 239 -249 -105 196 -250 216 -85 -79 122 -63 -48 58 129 246 79 -20 -140 -151 248 156 184 -231 -235 -186 23 242 -122 202 99 14 -3 171 -178 -177 -130 -247 168 65 -8 -77 -88 -204 63 62 142 -229 -91 -213 -225 180 106 -25 205 206 -133 228 27 69 220 15 126 -15 -245 187 3 61 51 124 -81 238 -123 -40 -121 -192 -112 -54 149 89 -158 47 -187 -38 -234 128 -222 111 -104 -243 -240 -106 72 125 -129 18 -60 -179 -51 236 -118 -237 -209 19 -34 104 -208 150 -94 -135 225 -116 -26 213 -7 -64 7 -117 29 -108 -86 121 45 54 -131 102 226 -31 179 162 -70 -41 -220 -16 -189 143 -227 165 -125 -143 42 -172 -206 -6 86 244 95 208 -27 -132 221 -42 -110 -156 233 55 -127 -219 100 
TEST 55 ARG:97 232 2 136 -15 -14 75 -31 19 -108 50 93 233 -4 30 -221 22 246 124 -45 115 -155 145 76 44 -185 -50 101 -55 190 186 -248 20 -40 237 -13 -226 -70 -211 174 -145 211 -234 -2 -199 240 58 110 249 86 59 21 -213 -88 71 195 221 68 165 -23 -9 17 -218 241 191 -130 164 204 -39 -71 -8 202 -69 -119 -82 -68 31 -171 -30 -21 219 -128 -159 149 238 69 116 210 -90 -48 -3 -207 -192 41 -182 -103 -233 158 -202 -247 139 242 106 166 118 -64 -46 43 -42 -187 -153 -174 32 -173 -110 -163 170 167 163 -89 153 114 54 52 78 88 73 200 141 -36 171 135 -92 133 -58 -243 39 -150 147 -146 152 -115 247 155 -242 -124 -83 98 -127 -116 -191 -33 -44 70 56 -240 -19 -206 197 120 3 175 239 24 42 169 -236 144 -178 -67 132 215 -18 33 18 212 -215 -113 -10 92 -142 -137 -172 -160 -87 244 -225 -29 -96 81 213 -212 -49 74 -105 94 222 236 134 123 150 -104 62 228 224 -100 -165 102 15 8 -229 99 -136 6 113 151 25 -230 49 -170 179 245 182 -62 -97 -143 248 -63 -133 148 -241 217 103 -224 -149 84 -24 -132 -111 125 -73 -122 -223 -43 -222 188 7 154 126 178 -183 138 111 -32 216 -166 -156 80 -164 100 -250 -5 0 23 -65 5 -204 -60 130 180 -101 -231 -91 -186 -217 -114 -161 157 -214 -167 55 201 -175 -118 -210 161 -237 -86 -138 -157 223 -93 160 -117 -37 119 85 194 196 -57 -134 -6 66 -95 181 -245 67 -228 14 172 -98 -77 -28 -66 231 53 -81 -53 95 -107 60 235 61 11 -148 -135 140 -246 -190 -34 -209 40 -151 -129 189 117 -168 225 28 177 192 -141 90 -169 -99 1 -176 47 -195 199 -219 46 -216 -106 57 38 77 -198 185 -11 -184 234 156 183 -177 -1 29 -208 173 -232 -121 -179 131 -35 -194 -239 -144 -123 -180 64 -196 -17 203 122 72 96 34 143 -189 -120 45 -52 -54 10 -235 -203 89 -26 48 -220 -205 121 -181 -109 226 -51 27 -27 -56 91 -12 208 -75 -25 -76 108 -152 168 -78 -61 -47 -85 -38 -249 -59 -112 -193 214 -162 -125 230 209 26 184 205 13 35 9 37 159 109 -80 16 87 243 -201 -154 -238 129 -200 104 83 -79 -84 -131 105 79 127 206 107 -94 -20 -244 -7 -126 162 137 -22 -102 220 229 36 -188 -140 4 -227 12 -147 -158 146 63 187 207 227 82 218 -72 112 198 176 193 -41 -197 142 -16 65 -139 51 -74 128 
TEST 56 ARG:77 -97 -203 -2 4 207 152 230 -172 208 216 36 -206 -165 -43 -197 -18 -241 -162 70 -6 222 206 -126 115 164 -33 -54 43 -209 101 175 121 -156 97 128 228 -238 -106 178 -245 185 -103 124 -157 -112 11 225 140 52 -202 -119 -178 -44 64 -57 -28 -40 42 49 -19 102 171 -128 187 134 -205 -143 -69 92 5 -146 143 -137 -249 -117 13 98 137 -180 -210 -150 -11 85 71 -38 -235 -59 -152 73 -221 -132 220 -222 169 -84 -174 -67 -199 119 -155 19 47 -248 -246 215 144 245 -226 -208 104 20 86 107 194 -196 27 -195 22 -80 -141 202 -108 201 -13 -216 96 2 -176 237 -25 99 58 -139 177 157 231 -232 28 -104 -63 -198 -78 248 -161 79 -114 -173 -46 191 -66 149 94 72 -227 166 -115 12 195 78 -42 -214 -88 156 -10 155 -105 212 48 -32 129 232 -233 -109 210 106 213 168 -64 236 186 -92 -4 84 -8 -45 -240 63 57 -53 81 -37 -15 -171 167 -154 -111 239 -20 83 -74 -184 67 -239 -47 45 -182 0 9 88 -65 -217 -134 108 205 159 183 -236 189 -110 219 -147 -145 75 -36 -39 182 -31 37 -131 -188 125 -177 6 244 105 227 -187 -90 16 198 100 8 -62 -237 -24 158 -250 -138 -52 -230 -213 -211 32 -35 -192 -136 138 148 200 146 -169 -27 142 -243 69 -9 238 -94 -158 -242 -41 -148 -163 18 -200 -58 -140 118 -223 87 133 141 103 -219 151 -144 -207 -167 229 -89 -79 -50 -61 68 61 -191 -159 17 60 65 -149 162 23 -83 82 130 -185 -98 209 -51 249 -17 181 223 -102 -160 26 122 190 54 3 120 -120 -179 170 -118 33 -71 196 -231 218 -129 25 -77 39 1 -81 135 -21 163 204 -215 192 -133 -181 -220 34 150 -130 -189 246 160 217 -151 139 -166 147 -7 179 93 -34 -204 -170 188 38 -228 -124 -12 117 136 -30 53 -29 -99 -95 180 -86 -218 91 10 -122 74 -16 -190 -127 55 233 31 -22 51 -186 62 -234 -48 30 153 -55 40 173 -121 165 89 -247 -123 224 -168 44 -96 161 -70 41 -244 -49 -91 -76 172 243 -212 -225 -26 203 35 240 24 132 174 -201 145 -164 109 14 193 59 -68 95 -3 -23 90 -82 7 -87 -100 -85 154 -183 234 235 -116 247 -113 110 114 221 66 242 211 -14 113 199 -60 46 -153 80 -107 -135 127 -56 116 -73 56 197 21 -75 214 -194 131 -193 -101 -224 -5 -142 176 112 123 76 -1 -125 126 15 -229 29 226 241 -175 -72 184 -93 50 111 
TEST 57 ARG:-219 -218 87 202 -208 169 146 -15 53 218 -2 119 36 104 -170 158 -50 -152 -17 221 -6 186 -138 77 161 72 -123 165 71 -200 80 -60 -108 214 105 229 224 62 -20 129 32 76 23 110 66 -105 -212 159 -21 -217 192 -244 174 237 -28 -115 148 -122 -29 -164 233 -163 115 200 240 46 8 -84 -113 15 147 -107 153 -30 -146 140 220 194 171 -139 -46 -246 -73 -79 189 -83 156 130 -64 152 60 -85 -151 91 -167 145 34 -238 208 -168 -19 -216 -198 201 41 -186 -189 27 26 -153 75 -56 -136 -69 -70 63 -171 -14 20 226 -13 168 -66 210 -23 -43 177 -183 40 190 112 -1 -176 122 -160 -45 -82 16 21 184 -205 239 -52 -42 67 127 95 114 -195 -161 -194 85 -228 -37 -49 231 -110 -185 238 -12 -8 -191 -241 29 31 -247 191 -77 -31 118 -149 54 -61 -182 35 -112 141 -215 -24 185 -100 -240 -34 -39 68 -114 172 -67 193 -206 178 179 -243 -54 132 89 -242 55 -135 7 180 -63 -120 249 59 -125 73 -93 97 -68 -80 10 -127 163 -196 79 223 -181 -224 241 167 135 -233 -169 -128 -226 -102 -33 -117 195 155 -188 -158 -48 5 -88 205 -223 4 94 51 242 187 -55 61 236 9 -89 -97 -172 -227 219 -162 39 244 126 -92 -237 -91 -126 90 -27 157 -94 83 47 -71 -165 131 -211 -133 2 -213 -78 173 151 198 160 -10 -53 142 234 -250 -147 -248 212 -204 22 48 -150 170 235 222 -177 84 14 -86 -148 -130 182 228 -124 125 -51 227 123 -44 -101 188 -225 -157 -59 -202 136 74 -132 -4 45 -142 -116 113 102 88 138 199 -249 232 33 -207 144 86 133 -26 -231 82 230 181 -166 -140 -9 -199 -40 -187 -41 -229 -32 70 44 -3 -174 -96 38 -58 -144 96 -190 58 -232 116 101 -65 -221 120 19 -95 203 78 30 52 107 -109 154 109 164 -197 18 -193 65 207 -209 204 139 -234 -47 175 183 103 217 -159 -5 92 106 -90 -236 150 56 -121 -155 -74 216 -62 28 -239 211 248 225 -25 176 6 49 134 12 -118 -230 69 -145 -131 243 -99 149 -57 -245 213 117 98 -38 81 206 196 -111 100 -143 247 25 162 1 -184 -192 -220 197 137 -134 -7 128 -222 -129 -75 -16 93 -179 -154 -201 209 -106 99 -178 143 -173 124 -35 -104 50 -180 111 -119 -11 -235 43 108 245 215 0 -175 17 42 166 -36 246 -87 57 121 -103 -72 -214 -18 24 -22 11 -203 -210 -76 -137 -81 -156 13 37 3 -98 64 -141 
TEST 58 ARG:63 -158 216 -138 -145 42 160 -208 -27 -6 -204 -168 -28 -116 28 220 -34 -242 -169 -79 146 -231 -235 152 -58 -187 93 -146 -9 18 204 -154 127 100 -92 -5 247 95 -26 -51 45 -117 84 176 236 1 -162 198 -139 -126 144 -250 227 -173 -247 -49 -102 -72 -224 218 -20 155 -156 -140 -125 -159 -53 -136 -207 47 -59 246 -248 175 235 -60 -104 -203 53 206 136 -11 -115 148 21 145 -237 -99 -110 -245 -143 -14 68 -15 150 248 182 135 165 196 -54 -71 16 -74 249 14 87 -65 188 159 -216 -151 -103 29 -13 -69 -62 240 137 -193 -52 102 157 126 172 166 193 -43 -221 -178 230 229 -7 8 -108 223 178 -91 -197 2 57 -36 202 -192 213 -153 -211 -23 -68 130 -70 158 133 -88 -196 -129 239 140 228 76 -57 -164 -243 181 -172 -93 48 214 -229 -86 -107 52 238 -217 -152 -32 60 64 38 49 83 50 177 20 -119 -190 -134 5 114 -163 -213 -67 -166 112 221 -210 -137 -246 119 -133 -122 86 78 111 225 143 -76 -218 -226 12 173 39 203 -85 -205 186 35 -232 -160 26 187 -82 -10 121 189 224 -236 71 -220 -167 65 -244 82 -111 90 15 -222 -179 32 122 -183 -185 101 -47 -230 22 97 -96 -106 184 -184 217 -181 138 56 -135 183 4 -19 109 33 -35 -223 -202 -188 110 -80 139 222 -170 11 -90 -41 233 162 -249 30 75 219 174 243 134 141 3 -128 -97 -195 244 211 200 40 194 132 -225 -177 179 23 -201 -33 -95 232 59 -45 -114 -239 -89 -8 80 161 149 74 168 131 -87 -1 197 -214 -83 212 156 -120 -157 -22 62 -46 231 34 147 237 79 -75 -189 51 -12 -212 163 241 -215 201 13 -161 9 -105 -16 77 115 -94 226 96 190 -174 215 -200 98 -77 -73 0 17 -78 -3 -155 154 -42 -233 -29 106 -142 -130 -228 -209 -18 -2 129 -219 92 -144 210 -198 7 61 -199 54 -4 -31 6 -234 -112 43 -227 -124 116 -165 -191 89 -240 -127 199 -55 91 94 85 41 -37 67 234 151 -48 -113 -180 -61 -17 -101 -175 36 107 37 108 -141 -148 19 99 25 128 -30 -194 103 105 118 -66 -81 195 -182 -118 -123 -44 -100 153 242 -98 185 -56 142 46 113 44 117 -121 180 -241 -206 -132 120 73 -147 -21 -131 -40 55 -64 170 58 205 -238 -39 104 -84 70 125 66 169 208 31 -63 207 124 -109 192 -50 -176 -24 69 -149 24 -186 -25 27 10 171 245 164 81 72 -38 209 -171 -150 123 191 167 88 
TEST 59 ARG:166 44 94 -172 212 -7 -102 -207 195 53 47 191 211 9 125 -219 -63 173 236 -30 58 -108 67 192 -192 201 -17 -132 31 43 199 4 235 29 30 -200 131 39 218 70 2 -44 185 168 -51 197 -21 -227 180 105 240 -112 -33 -139 -194 -86 -193 157 138 68 214 -37 -39 -179 123 202 -32 239 120 103 -237 203 96 -2 -40 161 -205 -141 26 -14 -72 -70 -156 -232 -209 61 112 -169 -221 -43 227 -218 175 -157 -135 128 82 34 205 76 111 241 -151 -144 -104 -220 -127 -175 -59 -173 -128 -138 139 -23 85 -188 -95 -147 -229 -126 -133 -120 116 11 -35 200 142 126 -204 -88 -153 17 62 -234 150 -64 124 -9 164 155 -195 35 242 247 -57 110 151 231 92 190 -247 -84 176 -223 -198 148 -16 93 36 135 -97 83 109 133 -115 184 -148 -19 14 -10 -214 -170 -213 -119 51 117 -91 100 -168 -191 21 -137 163 19 228 248 246 -152 154 20 -41 -54 97 -174 145 216 -79 213 156 99 -130 -226 -76 -71 -6 -53 56 -47 -245 22 -56 -208 -243 -31 232 75 153 24 -22 -52 -142 -110 -25 149 130 -49 217 -93 -69 84 -240 91 162 -203 -46 -65 -50 69 172 171 -125 -150 -26 174 137 119 183 -100 -181 33 143 -1 13 41 -13 -224 57 -42 -117 27 32 179 79 -163 -11 0 249 -217 -116 122 114 65 167 -180 -45 -162 -118 55 230 -186 220 160 -3 -241 6 46 226 -80 -60 147 102 49 95 28 165 -20 106 -249 -210 -96 -225 104 -36 -164 25 141 -106 224 121 158 -140 170 -75 144 234 -171 -161 86 -105 169 108 48 -239 40 237 140 -244 72 -122 -85 -74 -146 194 -235 -107 -68 209 -197 -34 204 -155 -61 -58 101 -98 -90 -230 -134 146 -94 -159 -248 -38 77 189 -212 193 134 206 -177 198 -55 98 -211 152 73 238 -183 -182 -215 81 -165 188 -12 78 -206 -202 -77 -201 -149 -246 181 80 1 64 -67 59 45 -233 -129 -160 210 50 54 -111 -82 -167 243 23 223 -15 -89 196 37 187 38 -242 -5 136 208 182 90 3 113 -103 129 -81 -101 107 -4 225 -145 -29 233 -190 -28 207 -87 71 -27 18 -199 -231 -121 -114 -189 63 132 -8 -123 -143 -166 -196 8 -136 -109 118 -124 10 89 15 159 -18 215 -24 178 -48 60 127 7 5 -131 -92 245 186 -73 52 -66 42 -78 221 -216 12 219 -250 229 -83 177 -184 -99 -236 -222 244 -62 -185 88 -238 74 -154 222 -187 -158 87 66 115 -228 -113 -178 16 -176 
TEST 60 ARG:98 -225 -187 230 164 -8 -216 -90 156 66 51 84 -193 247 94 77 -144 143 -211 -249 159 -74 -83 -234 -59 150 187 -219 82 168 -109 134 214 -129 -78 -24 38 76 -157 -98 -230 196 -220 62 -217 -13 -184 -119 192 -69 220 33 222 -41 -21 204 -102 21 -126 -38 -51 10 223 216 -43 -158 248 -61 123 -201 -163 69 -49 -248 -134 83 160 -120 -16 -27 228 -247 199 25 81 -117 109 178 -228 206 136 242 165 31 35 153 -86 -12 -227 -178 -45 63 -99 226 47 -113 121 -153 155 -28 217 -94 -137 -91 -166 -205 -176 -56 188 -29 60 59 -75 -40 126 219 85 -44 -200 -250 -42 79 100 37 -232 -123 -108 -34 -241 -186 4 -103 -177 -50 -79 148 -141 97 -171 110 -127 -104 246 240 -160 -37 88 -133 45 13 -14 190 -168 167 14 -140 -197 -62 34 193 127 -233 210 -208 -19 227 -128 157 71 44 12 -206 -231 239 -31 -164 -17 -182 18 -2 -95 185 139 -30 -89 -244 96 70 -213 65 207 125 -190 -235 -67 198 234 -147 2 -35 -199 -210 -3 145 -156 171 119 86 -185 209 52 173 20 -209 56 244 -121 -138 197 1 -47 -87 -88 245 91 183 7 -236 -20 105 141 89 -116 -146 194 24 80 -159 -131 -183 -118 -191 208 40 -148 28 -26 184 235 -165 5 177 17 -242 -181 103 -114 152 50 122 -194 58 249 8 115 -36 107 186 -18 26 -212 166 176 -215 113 -223 108 32 102 -135 -15 -238 195 -150 -226 92 -84 -154 -100 137 236 -70 9 -68 -71 215 29 -175 42 112 -92 -136 -82 49 36 -155 202 61 -23 16 99 19 142 203 -54 -207 -174 181 169 93 41 -106 -65 -96 211 120 -10 133 -224 -172 -169 101 43 -203 189 144 182 -192 -33 78 172 -132 175 -198 -239 124 -63 55 -167 224 53 -105 180 22 -46 90 73 -152 232 57 75 221 130 -195 -189 114 54 -204 0 131 -4 -124 -66 111 -125 -161 95 -112 64 -179 -214 -1 241 104 200 -151 -85 27 -11 -243 151 191 174 -110 -57 -58 72 162 -9 11 -130 -111 -142 -93 46 -229 -25 -73 -101 -80 231 205 170 154 -240 -32 48 3 -202 -245 138 213 23 -39 -5 158 -237 -115 -143 74 163 -77 67 106 225 6 -246 -22 238 39 -222 -97 149 -60 116 -139 -145 -180 -173 237 -122 129 87 147 -76 -53 -64 229 117 15 -221 128 30 -196 -170 161 -81 146 68 -52 -107 -7 118 212 140 -55 -6 -48 -72 201 -149 218 135 243 132 233 -218 -188 179 -162 
TEST 61 ARG:75 -175 -76 72 248 -16 55 179 -100 194 119 67 108 -17 -191 166 -60 -116 -68 -131 -245 -87 168 125 177 -211 223 -72 61 231 -176 -226 -7 -222 -97 -1 133 183 191 243 130 186 79 -150 229 -195 -180 167 82 -46 10 101 237 235 -115 -227 146 37 -75 102 -14 189 217 -90 115 -51 -82 -109 -192 -216 92 -57 105 -71 185 51 210 45 -74 83 -96 -84 9 31 -34 -234 187 -182 242 34 -152 -21 -228 143 -185 -167 -39 -219 93 156 126 -134 220 218 -5 -101 111 18 188 147 11 139 247 148 64 121 80 -179 -163 228 -229 -24 -188 -181 124 -141 -230 19 134 97 28 -92 -201 21 -133 -190 -139 122 129 196 236 -225 163 -202 -15 113 -91 159 -3 -151 -37 203 190 -94 -174 238 226 4 -80 -199 141 -148 -107 -126 -144 -95 -250 43 48 77 216 -197 209 58 -247 29 170 42 14 -132 -35 -237 195 -123 35 -149 -194 112 -196 123 173 -29 99 120 96 -52 -58 40 136 171 -198 -112 -122 -189 -208 -246 -128 -108 -206 -40 211 -186 234 114 -117 201 -98 -53 -88 0 249 180 -159 -243 66 -231 94 17 -22 74 212 -64 132 -177 33 44 -160 -156 7 109 -215 85 200 50 -31 -178 65 12 54 -30 -26 142 -184 98 131 47 -239 -41 -137 -81 -183 -157 -153 -105 -59 232 57 240 -104 -102 239 -200 -33 70 26 149 -9 -125 -43 -249 106 -4 -135 -65 -130 161 164 -241 -8 -164 -136 150 -145 -20 117 13 71 -129 -13 100 227 138 -204 140 -99 1 -55 59 -154 213 -79 118 -120 86 -38 -221 49 56 68 169 -244 154 -67 -113 178 95 -83 -61 -44 -70 84 36 202 -54 81 -138 -69 52 78 137 -19 -23 245 -106 208 -240 2 246 205 155 -146 6 -10 204 27 -161 -12 -63 53 -85 38 -213 206 -218 -86 63 -242 116 -172 199 76 -119 221 -118 -27 69 -2 -18 -56 -171 41 -93 -212 5 192 -166 -170 -248 -6 224 88 62 -224 193 20 -32 -143 -173 -214 15 -62 152 -158 -36 144 151 145 225 165 32 -165 -50 -162 -209 -73 3 181 215 8 182 -236 219 23 135 -48 -155 222 -45 107 22 60 -110 -66 -147 157 -89 24 -223 128 39 -11 -207 -210 233 -127 127 158 174 -49 104 -205 -121 -47 197 -78 207 176 241 -238 198 89 -124 -114 244 184 -168 -103 160 110 91 -235 -77 172 -25 -140 -169 -233 -142 87 230 25 -232 16 214 -203 -111 103 30 -193 -220 162 -28 -187 90 46 73 -217 153 -42 175 
TEST 62 ARG:-93 111 -125 -52 132 -107 175 77 186 49 13 97 35 -214 -44 112 234 167 152 75 -14 125 -194 195 -219 -67 118 153 -233 200 -6 54 20 -133 183 104 -180 -238 19 172 -86 -215 -70 16 40 79 -210 42 226 4 51 180 -47 198 228 45 149 133 -177 -143 -78 -183 59 94 -58 -68 11 10 82 -82 -24 -118 -170 122 -151 197 -188 236 -33 -71 120 95 224 139 -176 -250 -132 -155 52 -87 -222 26 71 208 189 -75 191 -53 -96 91 -229 44 -2 -51 -91 67 74 -192 -169 28 72 -29 218 8 -102 -94 178 -76 -84 -122 -110 83 85 203 -142 69 -248 -106 246 -211 29 -40 -42 -205 -3 86 -144 -249 127 -138 61 93 108 -25 121 235 31 187 114 41 233 239 -100 -240 -161 -114 158 -74 182 -103 -152 -49 225 -225 -163 -156 160 -209 116 134 244 145 17 115 184 1 -244 81 -69 80 7 -59 -19 -234 109 68 -199 -64 -20 240 56 -237 -203 -164 154 -62 156 -1 123 -92 -13 202 -38 -189 -243 247 -88 138 -171 -181 27 -18 3 -134 119 -97 43 194 169 142 98 22 -136 -158 -117 21 209 48 238 -195 99 33 136 164 100 14 196 -131 217 -227 -153 0 -98 249 -224 117 107 130 -77 -7 76 65 163 -157 -216 -150 -4 101 230 47 -21 78 212 106 131 -115 73 171 25 -120 242 -204 -228 -154 -208 -54 -45 46 -197 38 -139 -57 -46 -27 -36 193 -178 190 66 -230 -101 89 -129 -56 -60 -89 205 -184 124 -213 -162 -35 204 -112 -85 -182 15 -212 -126 -73 206 84 219 -104 -108 -34 92 57 -166 -159 -37 63 232 87 161 -173 32 37 58 159 -149 -10 39 -22 213 155 -43 -95 -79 30 -23 -127 181 -121 -28 -31 -187 -81 199 103 -239 -168 220 -217 135 -63 -50 -113 -206 137 207 166 34 168 -15 -165 192 -246 -196 -186 126 -179 -83 -105 201 53 170 148 12 2 188 90 211 -245 -146 177 70 62 -119 9 210 -172 -32 64 165 143 -232 223 113 -221 -11 -9 -198 -174 -48 248 150 105 179 245 222 151 215 -8 221 96 229 237 -66 176 -235 -109 23 -99 227 18 -226 243 173 216 -90 55 231 -145 128 -135 -30 -175 -128 -116 36 157 -202 -130 -41 -190 -191 -218 -16 185 -137 -167 214 -241 -220 50 -231 -55 -201 -26 -207 174 -72 -123 -147 -193 -247 -140 162 140 -80 147 110 -5 -124 -185 -141 102 -12 144 -148 -223 -111 -17 -39 24 88 -61 241 -65 146 141 -242 -200 129 6 5 60 -160 -236 
TEST 63 ARG:-212 -130 -22 -116 -74 9 -246 126 -177 231 53 208 7 -69 -160 74 -101 185 -186 -8 150 159 -211 -9 117 -242 58 -143 184 -68 115 141 -13 221 -48 -150 -97 38 222 -63 -176 -37 145 -172 -142 -105 40 123 180 247 -239 21 63 204 170 -191 -35 140 201 -72 -198 -45 6 29 157 -123 -199 -125 -82 -156 -57 -139 149 -104 -23 -214 -213 -192 23 -53 -228 25 17 57 218 -67 242 81 -146 2 -178 -168 146 -202 -193 172 -225 95 225 132 246 67 128 -170 14 73 -218 243 162 237 71 -99 47 166 -90 -121 -187 -36 125 108 32 -158 -55 -51 198 0 190 186 130 -235 22 66 -222 -190 224 -11 37 -24 245 -134 -137 87 11 -59 35 -87 -129 -135 106 -109 179 -153 -207 30 227 137 114 230 238 49 101 -185 -62 -115 -180 -95 20 174 -54 -148 36 18 -18 197 -164 -20 85 -73 13 -122 -44 -2 138 -4 -98 -70 -64 -88 116 -194 3 142 -149 119 -15 248 -131 16 219 68 217 194 229 163 -71 97 182 -93 15 -216 -21 -10 -6 124 88 -203 -247 139 169 1 -162 24 234 -75 -163 -7 -201 -77 8 -16 -159 12 111 104 52 -96 -249 78 -56 -171 129 249 -25 -89 110 205 -49 93 28 72 69 -32 -145 -52 -110 -204 -128 79 223 233 82 183 -200 -94 -166 -14 -111 -173 -238 -144 -79 -233 -80 90 98 46 113 65 -3 -126 -181 202 -205 -5 147 -161 -40 -152 -81 236 94 56 -61 26 -65 232 154 33 -27 121 5 64 -76 -136 191 -29 -106 -155 209 155 -58 168 31 99 158 131 239 -112 96 -188 -113 59 -167 143 54 70 127 -208 -17 -30 -19 178 -43 -245 167 48 -120 -46 105 -42 -237 -118 -215 133 189 -230 212 164 -184 215 -85 216 -234 109 -138 193 43 135 27 156 -248 220 -114 160 -84 195 44 -243 -206 75 187 152 148 107 -140 -221 -33 203 -78 244 -197 -60 210 89 120 -91 -39 -232 199 181 -83 192 -147 -219 55 -196 -41 173 42 -124 4 -220 -119 151 84 -179 80 41 -108 100 50 61 -100 -236 -227 62 -169 211 19 -189 112 134 118 -1 -229 -240 10 -28 207 122 60 -224 -31 -231 226 196 76 -217 -26 103 -175 -50 -210 -209 -92 214 228 -141 -34 -66 51 34 177 -244 235 -223 136 -151 -182 200 -38 86 240 165 -127 -117 -157 -174 -226 -250 -165 83 -86 102 -195 -133 -132 171 -102 -12 91 161 -241 175 241 -183 45 -107 153 -154 213 144 176 77 92 206 -47 39 -103 188 
TEST 64 ARG:192 46 -166 -81 -235 4 199 -238 2 -220 -16 -207 -170 -161 -135 -224 -218 -120 -19 151 134 124 159 38 89 119 -86 -246 110 155 248 -119 -223 -71 61 -39 176 -243 -64 -171 -150 214 -147 -127 -28 -189 44 208 148 -173 -122 196 -47 -215 -154 107 -210 225 26 -18 152 -54 132 -199 40 -63 57 -53 48 -108 79 45 -99 101 129 113 -236 -107 -68 122 138 -126 7 16 120 135 -201 -208 -212 71 -6 0 198 -89 -30 -8 -46 223 82 5 31 106 74 94 -132 -145 -165 -97 -121 -48 -182 85 -142 -156 99 241 -93 -20 238 -231 -103 -214 -131 75 -175 92 203 -158 -66 27 -55 200 -186 23 91 -115 -40 -191 -239 -60 -31 -24 -22 100 -240 -3 -167 174 81 -10 96 -192 -242 -139 172 50 -7 231 -52 -244 -174 -109 -124 35 204 207 -45 76 -221 -112 8 178 137 49 6 -245 233 3 11 36 90 215 164 147 20 -151 133 -21 15 21 -196 243 180 -141 80 13 175 -114 171 136 10 -69 166 -169 66 -172 -185 28 -180 143 -219 157 220 41 -187 -113 -88 179 -163 -4 177 154 -226 -101 -181 153 128 86 -176 32 70 -188 -110 -134 -116 -144 111 -230 235 88 83 62 -130 -87 165 -33 127 -84 -148 97 -197 -23 -140 9 -74 145 -72 197 93 -80 -164 30 121 194 -160 173 114 228 -98 117 -42 181 65 -203 -249 244 163 190 -248 -90 -168 109 -5 -106 -194 -190 -50 186 -67 -111 -123 130 -250 212 150 144 -32 29 -77 -73 213 42 183 39 -92 202 -155 18 219 226 247 84 -100 -43 140 103 -234 205 162 232 104 -128 -133 -62 234 230 -37 -198 -209 -61 -104 -149 188 236 -65 -49 24 227 141 -82 -34 -136 78 184 -205 108 189 -105 105 149 -17 -11 98 218 -125 -95 170 -179 240 209 191 69 229 -247 -57 19 -9 -137 -225 -162 -51 -227 25 221 -78 54 -241 -177 -85 -91 95 -211 139 -12 222 -228 185 -178 58 -35 51 73 118 87 195 167 123 47 63 -129 22 -237 211 34 -58 17 182 -232 -36 -15 -96 -138 68 -159 -216 -79 55 -27 168 -38 201 216 -202 126 224 -152 -157 -26 156 -217 52 217 -184 -14 -204 72 112 59 -41 33 60 53 158 -153 14 246 146 -56 193 249 -83 64 245 -29 239 -183 131 -118 -94 -70 -102 242 -25 -222 -213 67 1 -117 125 56 142 206 77 210 12 -193 -229 -44 -59 160 37 -146 43 -2 102 -195 161 -200 187 -1 -206 -13 -75 -143 -76 237 116 -233 115 169 
TEST 65 ARG:-248 219 81 -143 -27 69 -247 -154 -67 230 -7 -203 150 38 -52 8 -69 130 3 22 79 249 -178 179 178 -32 -60 -206 -205 -61 27 77 177 -221 25 -149 13 48 37 -250 183 72 46 -159 -224 105 -79 -94 73 -96 -83 47 -168 189 -140 -153 11 237 166 -238 -210 -126 -74 -49 -6 -59 242 93 -222 2 85 164 -11 -177 -42 -106 184 -216 71 216 -172 -31 -170 45 233 127 -90 -102 -101 206 162 204 75 146 157 -234 -131 34 7 59 117 214 -80 147 143 159 -54 209 106 -152 -40 -217 86 -201 -115 -183 -200 -24 134 -123 -232 -213 -93 -114 -186 -36 133 173 153 -118 -77 191 132 -165 -187 -166 -9 176 121 -104 68 181 128 -179 109 103 212 62 14 -120 -189 -139 226 -173 32 180 -46 21 -218 135 -167 65 53 94 60 52 -116 119 154 99 149 -188 -135 195 168 -125 116 -162 -211 155 248 41 -124 225 190 -233 -43 102 -21 20 -39 -113 200 0 -38 148 -57 -215 49 -22 -34 15 -92 -28 144 174 -81 -175 -20 -55 139 -132 227 196 222 29 -176 -151 36 -239 232 -163 -207 -185 17 6 197 -144 -130 182 -37 -155 -194 -141 -12 -87 -68 234 -103 -30 115 -47 -241 -3 78 -56 193 -84 -243 91 -99 171 96 213 -199 -197 -85 -164 54 74 40 107 -89 28 -10 -82 120 -53 -15 -95 -249 240 208 -212 186 -73 -158 -5 -14 -191 -204 243 1 51 61 -98 192 4 -1 76 80 -157 202 170 -111 236 -137 218 -72 -156 215 -76 87 -161 158 58 -50 -65 64 244 -78 239 57 -48 -193 63 -136 -109 -208 -58 -71 70 112 156 18 -13 -75 9 -228 -192 -174 138 217 19 -16 -150 129 -62 -121 -35 203 199 -226 101 -246 23 -18 -2 -169 -181 -142 -108 66 39 -148 -227 152 231 -17 175 -195 -198 165 247 -146 -209 220 -107 136 -184 131 -190 97 -105 56 -70 221 137 188 -237 -147 44 -110 -88 201 89 -240 228 238 229 90 -86 55 160 235 -223 -225 -97 -33 185 124 -51 83 246 12 169 -112 -236 -202 -64 -244 -91 33 211 223 -182 -219 126 -242 -41 198 114 -214 111 122 -63 43 -4 140 -25 205 -45 -19 -230 167 24 245 88 -196 -220 98 -235 123 142 10 194 -128 -127 113 -29 95 -145 110 141 118 -180 224 -245 -66 -171 -100 -160 108 241 161 210 84 -138 172 -134 42 -23 163 207 -122 -44 125 5 104 92 -231 35 -119 187 -133 26 145 67 -129 -26 82 -117 16 -8 -229 50 100 31 30 151 
TEST 66 ARG:209 60 -174 90 8 132 127 -45 188 15 -172 -244 120 -93 -86 -67 52 -154 -2 160 245 102 -30 97 -106 -193 -167 -1 75 -34 223 -128 107 176 -119 -164 170 -79 166 -28 -49 236 61 -38 -33 -140 235 -188 -8 144 -20 200 99 83 -191 3 -58 121 -65 -155 79 93 -200 6 -81 -100 -149 241 109 233 -89 39 219 -150 161 -61 129 56 213 70 163 -27 -151 106 -47 42 98 -137 -160 -90 -16 -68 111 -135 -162 238 82 -143 -39 -99 -10 246 118 -59 23 126 194 16 13 231 -62 -91 19 115 -117 -52 72 -71 -190 136 -236 55 -221 -82 -121 183 -153 -165 -235 214 29 -26 207 33 -210 -88 130 -6 -205 150 -156 85 91 131 -40 87 195 47 168 205 133 232 -7 78 -17 206 156 43 22 -178 141 -218 202 155 -159 10 -181 182 -51 -15 12 -234 -54 -202 -183 -112 -35 187 -5 4 -120 -248 -207 -29 -84 -97 2 -206 40 -66 59 1 -192 -73 -63 -180 175 173 -36 124 -225 240 24 -182 -227 -14 -198 11 63 -60 -147 84 14 -50 -158 171 -228 -74 -170 193 -211 36 31 -48 -245 247 58 -19 -105 -238 -116 -250 -24 172 -69 -104 -94 204 177 64 167 181 86 -111 -187 -124 -204 158 -249 198 221 -25 146 -152 81 17 -201 -169 212 122 -230 -37 -12 -32 234 -11 -87 -108 -196 147 -209 -41 -96 -197 -173 -145 28 67 -212 -166 -9 211 113 119 218 140 -246 -110 -80 48 229 -44 94 44 151 108 139 244 -122 -53 25 189 34 -76 -98 38 242 77 -141 -231 -242 -18 -179 -146 186 -229 -64 -237 -223 -118 -243 -22 -70 110 76 -219 159 -129 -103 45 228 -142 -57 -138 145 -115 51 -233 114 -114 237 222 216 179 -109 96 149 -247 -77 -3 80 137 7 35 -46 125 154 20 227 9 -144 -43 -215 217 -199 -92 21 249 -226 26 128 -132 -56 -171 -148 68 203 -189 152 104 142 224 -107 -216 105 180 185 -220 62 -208 32 -157 184 -214 -241 174 157 -195 -31 -125 -222 5 215 116 -139 134 -213 196 248 -176 88 41 66 -217 190 -134 -78 162 -113 71 57 148 153 -23 -13 46 -85 135 -72 -55 -136 -21 201 -42 -102 50 -184 178 -131 -75 -101 197 95 49 -168 -203 65 230 191 226 164 74 -186 92 -240 101 89 -126 143 -175 -161 73 239 53 117 -127 -185 37 123 -133 103 -177 100 169 208 -224 69 220 -4 30 54 -123 243 210 -232 -83 138 -163 -130 -194 192 225 -239 112 27 0 199 -95 165 18 
TEST 67 ARG:116 166 -22 55 -235 -54 196 -104 64 77 -60 -96 -49 163 -133 88 38 -150 107 -47 -240 94 -214 -187 -87 117 -55 -246 127 -176 235 45 -19 -127 115 -23 -81 42 -27 -128 -134 120 -113 -4 -201 -76 -109 216 61 -108 -107 37 -20 136 -48 16 205 -207 147 -141 25 -184 -237 135 192 114 154 56 31 239 -86 131 -112 1 209 -32 241 237 32 -58 194 -186 -82 -152 -211 198 224 222 -116 -74 170 -233 -73 59 72 -51 190 113 243 -175 -91 213 122 93 -130 118 -208 176 229 -206 -66 233 -100 -28 -213 -103 13 -220 231 34 -34 193 -215 -114 84 49 -139 35 -167 -226 -192 -205 217 -149 102 -78 119 -154 -212 -41 244 69 -42 26 -204 108 -224 -188 -136 89 -209 -43 -119 109 180 -164 -53 106 -138 -228 -59 -63 -14 48 -29 110 73 22 -7 143 214 27 58 186 -161 -46 -189 246 183 -50 -229 -65 -75 124 -158 -70 148 168 159 -120 57 85 242 -21 0 54 153 -236 -146 -15 247 201 -155 189 150 134 227 -231 96 -95 -37 -13 15 -159 128 12 -84 -17 -202 -173 4 -33 -106 -11 -57 7 240 -38 -131 -62 -194 -148 221 -160 -111 -99 132 60 -140 173 160 -223 207 66 30 62 139 -2 41 11 19 203 223 -239 40 -216 -121 -241 105 65 -3 161 -40 -168 -118 6 39 28 171 -181 -145 -195 215 -166 165 -98 92 -126 50 -124 100 97 103 21 206 -250 -178 140 -203 53 104 -9 98 162 -72 238 -179 -135 174 75 -137 -24 249 -67 149 83 152 -163 112 -52 -80 -193 145 200 125 187 202 -162 -61 -102 -221 164 -5 195 -169 169 -10 -234 232 133 44 -182 -64 -39 -44 230 146 -157 -248 199 18 172 -35 14 218 -90 -200 -183 151 33 -93 10 181 191 141 -177 46 8 68 -249 -227 -117 -238 138 182 -170 -89 20 188 -88 71 43 -199 -151 212 -25 78 211 95 -244 47 -18 197 -85 144 9 -30 82 -190 178 101 175 -245 5 -26 -71 -94 3 208 79 51 158 -36 -144 -115 -230 -142 245 179 184 -197 -217 155 123 -1 167 -172 185 86 137 -153 156 -171 -97 70 -77 129 210 -105 -31 -125 -8 -83 -122 220 99 74 -12 80 -56 36 -191 -180 -185 76 -243 111 -165 -232 -110 -219 -16 236 157 -174 -196 -225 63 204 126 225 -218 52 -101 121 90 -6 -210 -68 23 87 91 -123 -222 -129 24 -69 -79 228 81 -45 -147 234 29 130 -156 142 -132 177 -143 -92 2 -242 -247 226 67 219 -198 248 17 
TEST 68 ARG:132 -234 220 225 165 103 -111 -179 47 239 141 237 -211 -80 117 245 -6 167 -135 -35 -110 -29 164 -1 -201 42 210 -138 246 -116 -65 -213 26 159 -87 -223 -154 93 -36 126 10 -218 148 11 91 52 -205 -117 -34 -145 110 -8 123 -194 180 -204 -181 -176 -237 -230 -207 36 96 -38 206 -19 142 -183 224 -168 -100 -189 18 204 -186 25 -106 -91 207 7 21 -51 149 -136 -173 -90 133 -54 242 131 74 189 -57 -113 51 227 -70 116 197 157 -172 158 63 33 8 -159 13 0 214 105 85 107 56 -69 182 -122 -166 -143 144 17 -140 39 22 69 -125 84 -88 -188 57 -83 -20 35 169 146 109 -97 102 40 59 20 -133 -114 175 98 191 -16 196 232 174 230 -158 -221 -31 112 186 -182 65 -193 145 228 -217 168 -245 -144 184 241 127 82 -12 80 -169 32 181 99 114 -175 177 -153 9 234 152 -229 -7 41 53 -76 223 153 203 -157 171 139 -177 -15 -77 198 -37 -127 -33 -208 72 45 -92 -56 173 -18 5 -164 -50 68 -85 -152 122 -95 221 24 194 -48 -47 -118 216 64 -160 136 -89 88 154 -192 -244 -78 -198 -120 170 -74 129 -156 -216 199 -41 137 -225 236 49 115 -185 -130 240 73 213 -108 187 -103 243 -226 163 -190 -167 -184 19 195 12 155 60 -180 -246 -98 27 -27 -52 -243 205 -195 -115 -203 92 -131 -66 121 -126 -129 -24 200 -119 -200 -240 -151 100 124 94 -75 215 -232 -49 140 -67 -134 -107 119 172 -174 -141 113 -210 86 231 70 -109 -187 -220 -191 -124 202 -170 176 -23 108 -121 128 37 222 -219 38 -73 135 143 -21 -171 -215 -14 -206 -2 -142 -40 -128 30 54 -86 229 -61 -123 249 209 -58 -231 218 -224 211 106 -241 -155 29 -161 -13 83 66 34 118 -236 15 -150 -242 179 31 -63 147 134 -44 -178 77 -233 166 -209 -9 78 212 -105 95 -4 -197 138 190 104 58 -238 161 -214 1 -39 192 -96 151 226 160 -162 -45 -42 -64 244 71 -212 -146 -149 -30 -94 -71 -250 -101 248 233 -196 -227 87 -163 156 -28 79 -249 -139 219 -82 -165 -248 125 -81 -62 81 201 44 208 67 48 6 -55 -202 -5 -10 -222 185 -53 -26 130 162 -59 -79 -239 -84 76 -25 -112 -46 247 -68 4 188 183 62 238 -247 90 111 -104 75 14 -199 178 61 193 50 -235 28 -17 -22 3 -60 89 -148 97 2 -99 101 -102 150 -137 -3 -228 120 -132 43 16 235 23 -72 -43 -147 217 -32 -93 -11 46 55 
TEST 69 ARG:-43 -146 214 -159 -72 -116 -63 -192 86 178 180 -125 119 196 -10 76 170 48 -249 7 -166 -220 -36 -226 -202 10 105 -176 -147 -75 -16 240 -78 -62 18 156 -205 16 210 35 124 -151 21 -100 129 237 -27 -178 -40 -103 -107 118 192 -204 20 -21 -82 29 -248 154 -247 241 201 -155 -37 -225 -112 224 168 -213 52 -137 144 90 82 205 -5 -111 -221 122 -239 -164 -99 -42 -132 49 190 -200 152 -250 -18 -22 91 215 -25 -208 177 193 230 -13 -1 -68 176 204 -47 36 -241 50 228 186 -139 -209 -223 -20 -35 11 -11 249 -126 80 -23 39 32 -203 -117 -228 93 -224 -194 -242 -128 -215 142 203 -95 162 -44 197 145 -189 -149 -31 -71 104 111 -17 -183 -28 163 -30 34 -153 78 87 68 62 125 -80 181 161 -174 0 207 -243 -79 -101 -217 -70 106 -56 -84 126 61 74 -7 -170 -218 -93 -160 159 97 116 -141 149 -55 -89 -144 238 -177 37 211 109 -48 -185 189 -76 -210 187 151 13 -8 248 136 -161 94 191 -87 70 169 60 72 208 25 147 -148 -231 -127 -138 167 101 -235 233 -49 -216 -163 128 -105 -15 -6 -207 103 -110 141 -232 84 92 -3 -69 153 -67 -14 -38 179 -97 17 -123 57 130 140 123 -12 220 4 139 100 69 -133 -59 41 212 -114 113 -145 134 65 45 -195 -131 59 9 42 175 -118 112 -165 -85 216 98 28 157 110 229 234 -61 47 244 26 -4 -227 -219 -188 133 146 137 108 -108 182 -172 -90 -64 -206 64 31 1 58 63 -86 -26 2 235 120 -134 33 -57 -233 -186 -158 71 158 245 206 -211 56 -129 102 40 -113 -19 -102 -9 221 96 -171 217 -168 183 -119 -46 85 242 -53 -130 -157 51 -154 -162 -58 164 19 226 -230 247 -197 223 143 -187 -104 -136 -180 -234 -24 114 3 -184 -214 -175 131 107 -96 12 -92 -77 200 83 -41 188 -240 -106 89 -60 -109 99 -193 -244 -39 172 148 -173 -152 -65 -179 127 195 43 222 73 -54 218 -143 199 -201 173 -83 -181 -2 209 185 15 219 23 135 -88 150 -120 -196 -169 -122 -81 -52 6 27 -98 160 -229 -124 46 -246 138 225 -222 -94 -236 -33 -91 -191 243 -50 -34 -73 67 -182 55 66 14 -45 -66 22 174 -142 8 132 30 115 194 -212 77 165 184 53 -74 -167 38 54 -140 171 155 24 236 -135 -199 -121 95 88 -150 79 -198 -190 213 121 -29 -51 231 -237 75 -156 5 202 81 246 166 -115 239 198 44 117 232 -245 227 -32 -238 
TEST 70 ARG:54 -187 244 130 -177 172 -8 93 -30 158 -71 171 -126 213 23 51 218 -221 -103 57 -52 7 166 197 38 37 -113 45 -48 175 201 -13 222 -207 -9 -160 -152 170 -1 138 -38 61 204 -183 212 228 -172 193 221 -50 -173 -31 -66 -128 156 66 -11 -67 -165 109 4 -227 143 235 44 142 -179 88 39 209 -68 -130 -151 70 -197 127 -144 -164 -43 -82 126 -243 106 90 188 3 85 -250 -238 115 249 119 -110 -200 -169 -212 76 133 -170 192 56 -41 184 -53 -217 100 -104 95 50 -147 -226 68 -157 223 236 -117 120 -190 -54 -62 10 -143 -182 180 -23 -70 -180 24 -87 -133 210 132 -244 -153 214 -83 8 -181 53 30 -138 -36 159 -202 -248 -2 99 -231 83 195 -69 -148 -127 -99 14 -159 117 -139 -222 94 33 -210 -88 189 -51 41 -46 -14 -175 215 2 -223 -137 -196 241 31 -233 208 -40 122 136 141 -106 -218 96 155 -241 -16 -94 19 -97 -64 147 104 -42 -59 247 35 78 238 103 -129 -209 -105 220 1 -21 217 97 -4 -215 -10 -60 -176 178 98 123 243 74 12 -72 -191 -45 49 47 164 232 48 -193 -115 9 177 199 -188 234 -93 80 40 -7 -29 -220 -112 87 64 -204 -228 -163 151 157 -131 128 27 -198 -125 134 -76 77 211 6 -15 -116 25 -89 182 -28 168 -211 -195 196 -161 137 21 -92 11 230 -26 -232 -185 -24 -246 18 -81 43 -132 -101 -168 -166 46 116 60 -19 -32 216 -109 -84 242 32 121 191 110 -201 101 -96 -186 113 173 -234 102 107 206 5 -135 -55 -146 15 144 -3 -5 135 -119 17 36 179 -65 -100 -240 207 -73 190 -17 -12 185 -162 26 -85 -102 -74 89 73 22 84 13 -237 -44 154 231 248 246 63 -107 -111 149 -156 152 -214 -61 58 -25 227 81 -6 -154 203 -178 -86 124 -95 163 -56 34 -242 245 150 42 20 -225 145 224 79 72 62 75 69 -78 205 -239 114 176 186 -213 -145 187 -33 181 -140 240 91 118 183 174 -120 -34 -98 -49 -118 0 125 -141 -216 -158 -155 194 160 105 92 202 162 198 -230 -22 233 55 -136 -194 229 -79 200 -149 -39 165 -224 -124 129 -58 52 225 -247 -18 -77 -206 239 -122 59 -63 29 67 -199 -235 28 86 -184 146 -229 108 226 -208 169 -189 -219 -174 -108 153 139 -203 -121 -236 167 161 65 -75 -123 16 -192 71 237 -142 -249 131 -57 -150 140 82 219 -20 -134 -114 112 -245 -35 -91 -171 111 -47 -90 -37 -167 -205 -27 148 -80 
TEST 71 ARG:-138 -135 39 -148 37 -197 243 72 -21 -234 -141 -158 209 194 -66 86 -177 -224 197 -3 7 75 -9 -59 144 232 -108 9 82 65 -94 19 -184 -27 -15 240 146 18 228 42 73 231 61 -95 0 93 5 -204 128 -134 -235 -206 -152 -74 132 23 -168 48 -82 208 67 190 -29 38 -70 -250 27 114 45 127 -44 -18 -190 -173 -86 -98 2 221 -128 -26 -113 -5 129 26 -202 -72 -127 201 223 174 -120 109 -215 -247 16 -64 206 -51 -110 43 -60 102 -14 -196 -203 -230 -19 -10 211 -144 -20 -121 -209 229 -35 -126 -161 -169 238 -40 -24 -246 180 77 227 -146 36 29 20 -179 210 -245 -102 202 245 133 -201 -149 112 -85 175 137 -68 -103 189 -219 -174 -153 -81 207 108 224 96 -227 41 156 89 136 196 124 -154 -129 40 161 13 54 110 -75 -162 -140 17 -170 -92 242 -136 -8 199 130 -145 -182 -22 150 -7 -12 -50 -78 69 63 -93 177 115 125 -239 -91 160 -107 28 -38 98 -211 -150 94 -240 -16 -212 236 219 -104 -225 32 -193 64 -52 -210 3 138 111 -244 -55 107 -87 181 68 244 1 214 59 237 165 104 101 -41 218 -69 121 -243 62 -222 -122 -137 230 -237 33 -17 183 55 -191 -112 31 -1 -221 234 25 -151 21 126 105 -123 -192 123 131 -67 58 -65 167 -249 14 249 -157 233 -118 195 100 -34 247 186 113 70 217 216 51 187 -208 -242 169 153 4 -11 -156 22 162 -181 215 6 -213 222 -218 76 239 119 184 -90 85 145 -130 134 140 -205 -131 178 -199 148 118 188 203 -232 -100 -165 -63 -228 -194 46 -109 149 -4 -83 172 84 47 -142 30 117 200 182 -36 152 -48 142 -236 248 -198 -171 -116 168 225 106 -214 66 60 154 -97 -84 -25 143 141 -178 193 -238 11 -39 -115 15 87 90 135 -133 -114 49 -248 235 78 -89 -216 205 44 241 -28 -207 -105 8 192 57 173 -33 -139 116 81 -80 -30 -46 -57 204 -71 147 155 -13 -159 -164 157 -31 -101 -231 24 -166 -163 -43 99 122 -189 95 -53 -186 -37 74 -23 92 -58 -54 50 212 -88 -111 163 71 -200 -62 91 -42 -155 185 -183 170 -132 97 -73 164 198 -223 120 -167 166 -185 151 12 -188 34 220 179 -124 -220 -241 83 139 -99 53 158 -96 -61 103 213 88 -2 -49 -175 -79 -45 -119 -229 -77 -47 -125 -176 10 -117 -76 -180 56 159 -106 171 -217 79 -187 -32 35 -195 191 -6 -172 -160 -226 246 226 -233 80 -143 -147 -56 52 176 
TEST 72 ARG:-11 15 121 -117 -143 -23 35 160 38 -239 151 139 138 -72 -110 198 -204 -94 -7 98 165 -159 -112 -224 -146 -78 -236 80 83 -135 -200 118 174 -50 -194 78 66 131 -32 3 79 187 -103 206 161 -215 116 1 -118 -165 75 -115 194 231 -214 120 -63 76 -19 228 2 113 -176 72 212 -177 -228 -133 77 -249 243 13 115 -107 -209 71 246 -2 107 204 -183 -25 -71 200 166 -169 134 -83 -39 152 -26 -102 52 248 -246 23 106 11 129 -104 111 -238 110 130 -139 242 -88 -33 136 -129 -59 -142 68 -189 -203 -213 -184 49 21 190 -46 39 -150 0 -37 5 -217 95 55 102 241 -34 60 189 -27 -97 -226 25 -61 181 70 236 82 -205 -52 -235 164 122 -119 109 169 17 -173 16 199 -244 -151 -101 -156 -152 -178 235 -170 245 43 172 -168 -208 -207 69 -15 89 12 -221 149 -3 -122 -211 -68 -175 -223 226 193 -229 103 -121 10 -234 219 -147 -111 -76 -231 -17 -218 140 249 -155 233 26 65 -57 57 167 175 84 -35 -162 -199 -225 -12 -96 -216 -219 34 195 -109 -80 141 7 97 -196 157 -90 247 207 -81 -137 135 159 44 112 147 64 184 -248 182 -190 117 171 30 -69 -197 96 -179 191 67 -54 19 -160 8 -220 -108 -243 158 86 197 -10 114 20 -113 179 -134 104 -93 224 229 53 -186 -127 133 202 -167 123 176 -22 -149 -42 127 32 -198 -161 91 50 -124 244 -20 196 213 208 -240 -182 48 -130 33 -73 88 227 -105 -98 156 56 -21 124 4 -16 -4 205 -24 -250 143 183 218 -47 -29 -174 -222 -9 -185 -43 -99 154 -86 225 36 -201 -166 -89 237 -70 119 18 -181 -247 230 -171 220 211 -13 -38 73 -114 -36 163 87 -140 148 128 -14 -157 63 -138 -75 40 -106 173 -67 -56 29 31 93 62 -116 -79 41 185 -44 -131 -64 -84 -141 -18 -132 45 210 201 223 -40 -144 232 105 -126 108 -212 -66 221 146 -8 217 -85 -145 -245 61 -237 -30 126 -158 153 142 -148 -31 -195 239 -48 27 -100 125 -120 22 -232 42 -58 180 -45 46 -77 -1 37 188 -187 94 -163 -82 -233 14 -191 51 177 100 -242 -62 -206 -202 24 -95 -60 -6 186 90 81 132 203 -180 -125 -193 234 209 -92 170 137 -49 -210 54 238 162 92 101 -28 -188 150 -128 -123 28 -154 58 -51 -53 59 155 -41 6 -136 -172 -91 -55 -241 99 -5 -87 215 214 -65 168 -153 74 240 -192 192 9 85 145 -227 178 -164 -230 47 222 216 -74 144 
TEST 73 ARG:-206 237 -78 -16 205 97 -170 225 196 -108 68 -122 21 -166 -200 -49 173 -173 85 -113 -66 190 230 -180 -111 53 239 108 76 -138 130 -99 -192 235 -115 29 -32 -219 -233 199 -246 -216 -157 -101 -181 -26 40 -44 -77 -127 -63 193 158 159 216 243 229 -106 -159 -20 118 90 -224 -215 -88 146 -2 101 -60 148 -103 129 -186 -36 242 -176 -177 231 -94 19 103 227 18 95 -97 -93 179 -59 -54 1 127 -235 -28 178 -247 174 -64 56 223 116 -238 -237 92 54 176 -204 -183 11 -249 59 -241 7 63 39 -5 234 151 -227 113 -133 -27 77 -126 9 197 186 163 201 202 83 -179 -83 162 -117 -209 -110 -71 -151 -232 65 149 -242 -125 132 -230 -96 14 -114 -67 -24 -175 6 -178 -58 107 98 82 192 181 214 30 215 35 52 -29 -144 117 -10 58 -116 226 12 -134 -205 47 -152 204 -23 2 -7 135 200 -193 -31 175 -228 -147 -142 184 -236 245 105 13 15 120 170 -163 -153 -148 -30 218 -201 -50 182 -182 -160 -199 -218 -100 244 -55 142 188 -53 133 -86 213 -211 -208 69 -35 -221 -129 124 -203 -92 -210 -244 81 -202 -37 62 50 -22 96 -6 -169 217 104 51 136 -161 187 33 109 -185 112 114 23 209 -87 80 -25 -184 -90 45 -109 140 233 -102 78 93 -120 -80 -234 5 -95 154 -76 180 102 -162 -65 88 -11 -33 -156 236 191 -40 220 -195 -121 228 -164 203 -41 -165 131 16 10 61 -131 222 -85 79 -74 177 -229 100 224 72 99 -12 -46 75 -118 137 -61 71 219 -119 -231 -190 94 -4 -137 153 134 -42 -104 -198 122 25 -223 -89 -220 -146 -150 143 -213 232 172 17 185 -189 -69 41 91 249 -48 144 155 -3 183 238 -17 42 123 66 -21 -124 31 -154 87 139 168 -105 -84 -225 167 -217 157 -212 57 207 -194 -226 -174 48 -245 198 -107 -52 -13 -8 -214 64 -239 89 27 206 -79 44 -171 4 -140 32 166 60 208 46 26 67 -141 -187 36 247 3 165 -56 -57 -15 -34 211 -130 126 241 194 24 84 125 -145 150 -43 138 -149 55 -123 -47 -72 169 -197 -207 115 121 -45 -98 248 -9 128 28 -155 -128 -222 -172 119 -196 -51 212 -136 34 -143 -139 210 160 -168 49 145 246 37 -248 -73 -81 221 189 141 156 147 -39 -158 -240 -167 -75 -250 161 240 -14 74 -38 -91 195 -243 20 -70 110 22 -135 -82 38 106 -62 -112 -18 -68 73 0 -191 164 171 -132 86 -188 152 111 -1 8 43 -19 70 
TEST 74 ARG:208 -116 113 221 4 241 -121 -122 108 75 -230 -178 90 185 -108 70 -123 -210 -23 163 -191 -134 29 -42 -60 -67 224 14 -172 161 -227 -90 32 189 -118 -48 -9 -216 -228 -2 -111 169 5 -52 -88 126 -93 136 -58 87 -241 165 -70 236 155 -22 -117 12 -86 -176 129 -36 -30 159 18 -37 -92 -217 -127 186 210 -132 100 -138 137 -21 235 -231 147 -151 -215 106 37 -85 -6 15 -71 162 168 21 52 -59 188 -168 -200 -170 -148 49 -5 -94 -35 -249 110 -63 220 -104 -175 26 35 104 60 141 -234 50 111 213 84 -156 13 -62 151 -12 -177 223 -66 -33 -47 57 160 48 195 -201 -155 9 -209 -232 -244 47 209 166 39 199 -114 118 -207 -1 98 -65 -91 -214 -229 -40 80 182 -226 120 -44 -219 -184 -238 249 125 170 -163 -7 -131 -197 207 -126 -54 51 190 54 -136 -205 228 -189 -199 173 -79 -162 117 86 -242 -41 -97 -236 23 -109 172 -224 217 171 -159 -74 -61 -153 11 55 44 132 10 -56 144 -157 -76 205 -149 200 73 239 -160 -182 -113 102 149 40 38 -129 146 127 229 203 -235 -240 95 -154 88 94 121 211 145 -250 164 180 -196 68 20 -179 -237 139 -220 -141 19 -99 16 42 0 178 59 -198 2 -195 193 247 -84 89 -25 -150 96 -15 45 -45 216 -248 -213 -20 -53 -82 -89 197 -124 65 67 -19 192 -212 7 72 202 -98 -102 -173 34 119 -8 61 -28 58 97 -55 -10 92 -120 -14 -145 -80 -110 138 -142 17 -181 167 -115 62 219 -68 238 234 122 -38 -223 128 63 41 226 25 93 -100 83 -17 -222 243 6 204 -245 -147 135 175 -81 -158 -13 -135 -18 -206 148 -105 143 -233 28 242 101 24 71 245 -208 85 103 240 -161 -171 79 -137 -187 22 181 -103 -169 232 105 -133 -51 -225 53 -39 1 -34 27 -46 -11 191 177 212 -49 -50 -125 -43 -101 -24 150 -203 233 -185 43 201 -140 -204 -166 -78 78 30 237 -188 153 69 -16 -107 -69 -202 179 -95 -3 36 -73 -192 244 -32 -106 -26 76 -193 46 214 130 81 -130 -31 -165 31 124 -146 77 -246 222 -87 -190 248 -183 194 123 82 218 -152 227 156 198 -144 -143 -218 -27 176 142 -180 -174 64 215 158 109 174 187 225 230 -194 -139 -29 -72 246 -112 231 112 115 -128 -96 -83 8 183 140 -164 184 -211 56 206 -167 196 66 107 -186 154 134 -243 -64 -57 -247 74 3 114 -221 -4 131 133 99 33 -75 -119 91 152 -77 -239 116 157 
TEST 75 ARG:171 -207 133 37 50 -62 -154 64 244 249 174 -77 -14 194 -135 -9 -166 -180 -19 -176 163 136 -34 -222 146 -189 -122 103 -242 80 201 -174 97 38 -192 156 -198 -234 -6 153 -159 -121 90 141 85 -88 -104 -78 165 -139 72 -50 -43 25 -61 -205 -99 -10 -73 2 -243 213 235 -181 120 140 -247 -227 207 65 150 138 111 -218 -201 62 221 -112 -145 44 -53 41 29 -55 205 124 -230 -40 16 88 -74 -102 -219 -37 60 12 116 -244 -107 -15 -72 -129 -41 122 94 -42 -127 -26 -137 -147 -162 -30 -29 -241 -80 -153 -31 70 -161 177 117 185 -76 -134 -196 13 52 96 28 40 -239 -59 -191 75 190 -4 104 9 -152 224 -169 212 92 147 139 202 222 240 126 226 248 -109 -48 -200 63 -167 -27 204 164 -157 127 -203 -210 -225 112 49 5 -75 53 220 78 -8 -199 66 -82 143 -81 -1 89 18 232 157 -245 208 227 132 -221 39 -117 110 -229 -97 -20 -111 -238 -91 214 -64 83 31 -25 -79 154 -22 -240 107 -57 -89 229 225 183 134 -108 219 -175 3 -177 -52 59 -208 -60 -5 -68 242 191 180 79 151 34 230 -125 99 -142 77 14 215 55 237 -45 -216 178 184 45 189 6 -193 -18 -144 24 -228 69 57 211 -39 -138 61 246 144 -120 -46 -24 35 -163 129 -47 -183 -71 115 -69 46 10 105 -126 137 125 -232 142 209 -236 98 247 -226 102 239 -213 -179 196 218 -220 118 187 169 -215 119 -151 -67 -123 -21 109 17 -165 -209 176 175 241 -115 33 182 47 -246 228 -171 -3 -172 -113 -202 -38 -85 23 216 -211 -51 193 -2 -212 15 203 73 -235 43 -148 91 -156 -224 128 71 162 -33 8 148 81 -164 155 4 121 11 238 -155 -182 -187 -131 152 210 -168 188 114 159 245 -110 -149 -63 -217 -178 -186 -28 86 -93 149 -32 -58 22 -140 -87 167 -12 166 42 -237 181 -66 36 130 -96 -106 186 26 -231 -160 200 -184 -233 236 131 168 -92 48 87 27 -118 -197 170 -146 -94 -173 -90 -86 197 -65 179 -119 195 -56 30 84 1 -23 32 123 -214 101 233 -17 -83 231 -101 145 -248 199 -204 -105 161 -103 -13 173 108 192 93 135 234 -194 106 -130 58 -49 -188 243 -44 -150 -195 56 -95 198 76 -133 0 -185 68 172 -70 51 -84 82 95 158 -206 67 7 54 -98 -36 -136 -223 20 21 -132 160 -100 -124 -114 -250 113 -35 -249 -190 217 -7 19 74 -11 -16 -54 -158 -128 223 100 -143 -170 -141 206 -116 
TEST 76 ARG:98 209 151 -230 -78 -215 -231 -178 119 -102 143 -69 180 215 -168 -232 145 -97 -209 160 85 -44 -149 89 -183 -158 -19 -130 84 -179 81 157 -38 -91 -17 -107 -63 44 -23 4 -182 -170 79 237 -237 80 244 -65 163 -164 103 -228 -108 -235 -134 -71 -147 2 48 202 -185 195 30 -106 222 -62 -199 201 33 196 -148 -193 168 164 -41 -180 245 15 -191 -86 -124 -85 206 24 21 -202 -246 -111 19 11 -245 115 121 -112 147 -96 217 125 166 184 -208 -133 218 86 -27 -60 -128 -22 203 169 -76 38 240 -48 47 -186 -198 59 130 -18 185 -127 -29 159 -25 241 41 -212 129 -187 -210 -21 113 53 136 43 -213 -68 -189 171 -204 97 66 -223 137 71 93 -216 -75 1 192 221 -66 213 239 122 60 238 191 153 27 94 135 175 227 18 -118 -34 -241 -192 -50 -126 54 167 -242 -132 -80 -51 22 63 -28 -247 -100 179 148 -1 116 219 -142 111 223 37 99 6 -113 141 -145 210 -219 -120 29 149 198 -122 -89 -2 -7 -12 12 -37 -177 232 172 177 -74 -129 -190 -248 52 87 28 243 -101 -206 204 -163 134 139 -171 40 64 154 -220 -82 -214 -103 -194 182 -162 242 -90 3 -47 10 -46 -176 -221 156 110 -58 65 7 -13 42 120 -121 -250 -131 -226 -42 -195 -4 95 36 -87 -61 90 -83 69 46 -32 -217 -205 -92 -117 104 189 174 -173 246 114 -3 101 35 132 228 -57 -16 -31 -152 176 -211 88 57 216 -14 190 -196 -222 -236 67 226 186 133 -174 247 56 -39 -53 183 123 199 205 -70 -153 -30 142 225 -155 -151 -175 17 -15 197 5 -136 73 108 -240 -56 107 -160 76 -20 -244 -49 158 -98 -77 152 -143 -64 220 -109 -203 181 102 -169 -137 193 9 -33 -161 -157 235 -10 -114 -181 -227 58 214 -36 230 -115 194 -238 231 -239 -43 61 -218 -11 50 -201 39 131 78 -9 -125 0 -35 112 -67 96 72 140 -166 -81 -119 -26 74 138 75 200 -150 118 -40 -139 -229 51 161 234 -225 -188 -243 -52 -110 146 -5 126 144 -93 49 173 14 165 124 91 62 109 -172 -159 16 70 150 -24 -8 -146 83 -224 31 -104 55 -72 170 -141 32 -73 20 -123 -249 -154 -95 -207 26 25 45 229 -200 23 -94 -138 188 77 187 -45 82 -234 -105 -165 117 162 34 211 236 127 100 -167 8 -54 -116 207 -55 -84 128 -156 -99 -88 212 -140 92 68 178 233 248 105 249 -6 224 208 -184 -59 155 -135 13 -79 -197 -144 -233 106 
TEST 77 ARG:206 -180 43 88 -122 -183 59 -231 -48 7 -88 -55 104 -168 92 -158 -160 -145 220 150 -149 42 107 -222 176 -100 175 39 -220 -245 13 147 -146 -241 100 -193 53 109 162 135 -22 -8 126 -174 -184 -46 171 191 132 -72 -138 32 -6 226 -172 139 -136 -121 145 90 178 -228 -45 -239 -83 5 123 27 -210 233 -67 -236 102 41 10 82 15 78 18 234 62 238 81 -207 -73 204 72 -216 209 219 -208 119 51 -63 -95 229 50 -32 -199 60 -80 -62 -9 192 -181 193 61 57 -2 165 217 -71 -114 -74 -103 -131 -10 -227 169 -191 -189 -171 190 11 -134 -24 -79 -161 183 63 -200 105 -123 93 240 -218 248 -111 16 110 -87 -130 -65 54 -166 -244 -33 120 -97 -132 -23 52 -89 179 -98 149 -211 12 -105 -196 -99 98 -7 103 -129 181 -155 -50 -38 -91 195 -17 -225 -249 40 114 118 -182 223 239 -58 -246 -118 -11 146 163 244 -102 214 -16 188 -128 -37 -18 -194 161 79 -178 159 -197 143 210 8 117 -173 37 -164 -165 -20 -120 -177 -229 129 140 -215 230 -57 97 184 174 -4 -70 127 55 213 83 -86 75 152 21 242 46 200 246 73 199 116 158 113 130 -190 -35 -115 177 -205 202 -219 133 136 94 -69 232 215 -141 -162 142 -224 -82 112 -126 -206 -151 -76 212 70 -250 -49 -139 -140 151 -112 26 -116 67 241 -157 36 -214 121 -185 182 153 155 -36 236 -156 4 189 -232 3 56 167 -84 173 -223 6 141 168 -209 -104 134 -226 221 95 71 205 -195 -188 -13 -108 38 85 -61 -117 196 -96 -39 -217 180 -53 131 77 28 203 64 -93 -247 157 48 30 225 154 -237 249 -78 -186 227 -107 45 35 -30 -144 -203 108 235 -15 -59 -153 228 74 247 -85 170 -64 -56 -143 -29 17 -68 -230 -133 -92 -198 106 125 68 -124 138 245 -66 -94 -12 187 65 80 14 -43 -113 160 -109 128 23 24 207 -179 -81 -125 -154 -243 156 -19 -142 69 -150 91 216 124 -175 44 -101 -234 -242 47 -110 -176 66 -202 87 -21 -75 -34 0 101 -233 -163 -159 9 -1 237 144 -213 -90 -148 33 218 2 19 -221 84 -25 34 211 86 -28 1 29 224 -135 172 185 -119 22 -167 -41 243 194 -201 -170 -77 -106 -238 115 -137 -44 76 20 58 -51 -3 148 -147 -47 96 208 137 -248 186 -31 166 -26 -235 -5 -14 -60 -240 -192 49 231 -27 -152 -204 31 197 198 89 -40 -127 201 -187 -52 164 -212 -169 222 25 -54 99 111 -42 122 
TEST 78 ARG:117 -21 2 66 -99 -147 -116 -161 -101 -61 -180 68 220 80 -113 154 202 234 -46 216 82 -128 162 -93 -238 -57 131 -33 160 -246 -23 12 249 -28 -107 233 36 -117 45 -62 133 29 128 61 245 141 -120 152 -183 -217 -199 -126 176 163 33 123 -75 -170 135 -239 -119 -124 206 -169 -123 -198 -195 72 -187 169 100 78 55 -157 -151 182 65 172 120 -63 -136 -144 -106 -214 -233 -25 85 191 -8 -2 -153 -211 -189 -69 -71 -92 -102 153 6 -89 -67 -140 -212 -202 -22 103 239 -248 -81 195 20 -154 24 -68 25 181 125 122 -26 48 -155 -158 124 203 -19 -219 129 -188 248 132 222 139 98 -129 175 118 30 186 69 240 -156 41 -95 -4 113 11 -196 -85 -104 23 84 -60 205 16 -139 -52 114 -145 75 101 58 106 225 208 -241 -203 241 -65 -229 63 59 -133 196 -146 142 167 96 -191 158 -232 27 221 177 54 151 168 237 -31 -166 49 200 -91 0 -245 145 -231 -216 -86 26 -215 -41 90 76 108 71 210 138 -197 9 -182 15 -207 83 193 -141 -235 89 -184 70 97 47 246 147 211 -48 19 107 -250 -35 -5 -164 -20 -45 -39 -243 -10 52 -103 50 77 -132 -18 -225 -125 87 244 -36 198 -204 -242 217 1 -64 155 109 -55 -174 188 -121 -51 -236 -210 115 174 -15 -150 199 -167 22 -66 -78 -70 185 60 -98 -108 194 -112 73 -73 -9 -50 -114 189 -6 -3 -178 -168 -27 -97 170 -131 157 136 179 95 7 -29 223 215 232 224 14 -110 -105 143 39 67 51 88 -181 150 10 -82 -162 86 37 -134 -220 236 -249 214 -122 231 31 21 38 -111 -172 -13 -42 -37 112 -143 173 227 242 -213 -1 -148 -34 -80 -84 -11 116 -200 149 -83 -230 -218 190 184 -163 -14 -138 57 32 -77 -90 127 -16 238 -12 -165 46 -59 62 94 18 235 -76 192 226 -223 -224 171 183 247 178 -201 8 -244 219 13 180 -87 -44 121 42 -135 -7 -171 53 91 -221 -228 197 -193 -159 44 -40 -137 -109 104 218 -208 -247 -209 212 -226 -32 -88 99 -47 -175 35 -205 137 5 144 -185 -222 110 164 161 -24 -152 102 243 -56 -173 40 -72 -177 165 119 111 4 187 64 -115 43 207 204 126 166 -30 228 -160 156 105 -227 -206 -96 -192 -38 213 17 3 -53 -234 230 -49 -176 28 140 -127 -118 81 -237 -100 -94 -130 -43 -179 209 -74 92 146 -194 -54 -17 -190 148 159 134 -149 -79 130 -186 74 -58 93 34 229 -240 79 -142 56 201 
TEST 79 ARG:-158 153 41 -18 -32 -68 100 65 -10 -228 -39 -179 -239 -13 245 -248 170 -81 -66 76 202 -172 -28 -100 38 -96 -78 -76 -191 -238 140 -249 241 13 204 -142 -167 98 -156 222 205 194 136 -33 -240 -137 -140 32 112 141 -147 -103 -94 118 -160 -3 -92 -199 -62 -24 -204 -43 -51 -205 -7 -237 -19 53 -178 232 157 39 62 235 -98 -219 183 -211 -36 82 5 125 -70 -27 -97 52 -87 203 -126 -171 19 154 155 137 48 -80 -133 -229 217 40 -106 165 18 -181 -153 -1 243 2 86 -99 -16 176 -180 131 28 25 -226 85 45 -23 54 -65 -105 -61 -85 114 199 -123 200 174 22 57 -22 -26 113 31 209 -127 -5 -176 -101 44 24 191 43 189 -88 -59 197 64 -31 229 21 -210 -2 -223 -14 30 -212 -86 -29 55 -130 213 49 -159 71 -243 -111 -83 231 1 -119 206 -230 -232 105 184 121 74 237 23 -139 163 -200 -194 79 246 -73 102 -236 -124 128 132 -121 -155 149 173 26 73 92 -49 -17 -135 187 -118 96 3 180 175 9 -164 -114 248 -40 94 87 7 91 56 139 -247 -202 123 177 4 106 -201 -162 -69 -8 -72 207 93 -184 78 -225 166 -38 -108 -231 -245 -77 -214 -4 111 -136 101 14 -35 37 108 8 242 -112 -50 -165 -54 234 -157 109 81 -218 84 117 179 146 12 16 212 151 -196 120 -34 -63 225 -241 -41 -150 144 -198 -25 201 -52 230 152 -161 150 126 -44 -53 -193 -148 -107 -74 99 66 -166 -152 208 145 167 69 63 -37 240 -57 -168 95 -175 -47 -67 -224 244 -233 -132 59 -185 -45 226 196 34 -173 -190 228 -169 -250 97 127 51 103 -206 -95 47 143 27 134 -242 -163 -244 220 224 -215 75 116 164 -192 -109 -15 50 80 227 107 193 58 67 247 68 -134 46 -170 -128 -183 216 -189 221 -149 -9 61 -64 -113 0 192 -55 -48 236 -11 211 -222 70 214 178 147 119 -21 -221 -146 88 -56 218 20 6 -246 33 -220 83 -71 -209 -144 17 223 -174 124 159 -187 -145 -79 249 35 -131 -58 -197 -30 -186 -42 -217 138 -75 -102 188 -182 -234 -207 10 -203 -216 185 115 -227 11 195 90 158 -115 89 72 182 110 -138 -20 -129 -46 171 -84 104 36 233 161 215 -117 238 15 -122 190 -208 210 -110 169 -60 142 -154 42 -89 -6 -151 -195 -143 -90 162 -125 219 -235 29 122 -12 -141 130 -188 77 -213 -93 -116 148 239 60 -91 181 172 133 -120 -104 198 -177 129 186 135 -82 160 168 156 
TEST 80 ARG:137 118 64 -66 -27 136 -170 122 146 -1 -225 119 -207 133 158 -164 168 -86 -32 -62 -80 19 -184 141 71 -147 231 -206 36 159 192 -150 181 -59 244 246 -24 7 -230 -4 -69 -166 187 -178 -121 30 195 183 -129 -91 201 -213 -219 -183 -181 21 -134 88 -119 25 135 -167 37 -159 -65 78 66 179 191 -179 28 -64 -23 112 -104 -70 -111 -45 92 151 160 62 153 194 -122 -82 171 94 -41 203 -161 -137 89 211 180 -125 -88 -2 -34 -139 -58 48 60 -126 -221 43 -39 -90 -153 -222 219 -199 70 202 224 74 -101 -185 -236 237 96 27 59 235 18 218 210 -118 90 -140 -85 -89 -149 95 -203 -215 -105 -190 -43 200 -229 -168 -108 176 132 9 117 -163 56 -175 -48 -191 134 185 -171 -22 208 177 -247 222 -21 -133 -132 130 -36 -160 103 245 121 57 107 213 -49 215 20 -98 13 49 247 227 4 167 16 233 225 -151 186 65 178 -205 17 -202 -235 -192 -35 -77 102 63 -79 169 -128 100 -248 -37 139 -110 105 83 157 -243 184 -8 -5 174 -228 54 -218 69 -63 8 51 87 156 32 216 -114 -142 53 230 129 -157 -109 -92 -78 -240 76 73 85 -26 -196 -249 -18 41 -96 -55 -130 97 106 125 -9 31 -81 240 46 109 -100 172 234 -201 52 217 154 91 -155 -29 -87 -223 128 -146 -226 239 -116 -145 140 -17 -131 14 47 23 124 -162 -31 80 5 -233 61 -113 -7 -120 84 -200 -148 212 162 -208 -53 -189 -99 -136 101 -60 -15 -33 -244 -76 82 152 -232 -197 -11 123 -47 108 -94 77 42 145 -245 242 126 -212 241 248 -172 -20 -102 -67 -10 -40 -14 161 -13 170 236 40 55 24 -210 -241 26 -187 2 58 193 -204 50 -124 -188 163 182 -50 -250 188 -211 -141 232 131 75 -195 -52 -3 229 -73 -158 -174 29 -176 72 198 -177 34 116 -242 164 67 -231 -46 -186 -135 -165 -152 -75 44 143 1 38 155 204 114 -103 -42 12 33 6 -217 197 -74 238 -106 173 -138 3 113 205 -234 110 115 39 -97 79 15 -180 -144 -237 -83 -72 -209 -19 -54 214 -238 144 189 -68 -193 228 86 -95 150 -44 -127 166 -117 209 0 -56 -57 175 -112 -246 142 -115 -214 243 190 -107 93 138 -123 -169 68 10 11 35 -25 221 147 -143 165 226 207 45 -12 -71 -182 -227 148 111 -28 223 81 -84 -224 120 98 -16 199 -173 149 -156 -38 -220 196 22 99 -51 220 249 -6 104 -93 -194 206 -154 -30 -239 -198 127 -61 -216 
TEST 81 ARG:-237 -238 243 106 175 -245 -29 133 -71 236 -67 -203 -103 190 76 -81 -93 -230 242 -101 -45 9 179 74 -235 -114 -121 -209 18 117 -181 -40 159 -96 234 -218 11 198 -139 116 15 167 -77 112 216 -118 -73 62 -57 -35 57 97 -141 -107 -160 71 -127 148 217 132 162 206 0 205 138 95 19 -124 -94 -155 -182 218 228 -134 151 -75 -189 -128 -37 53 -184 166 143 107 85 121 239 -162 182 225 191 -28 -175 29 -129 -46 168 84 -214 -216 70 -195 -68 67 122 8 -174 241 -122 137 87 232 -91 -112 111 -178 -180 130 -6 199 43 109 126 184 24 -126 37 40 123 -33 -200 96 -248 89 27 157 186 -172 248 173 -135 -105 2 -43 -117 -204 113 -152 197 -201 -205 188 -246 -60 226 64 -163 142 -78 104 -161 -38 -87 -208 -123 105 5 45 -42 -21 -5 229 201 -221 -148 -31 32 49 -88 209 -41 -196 55 -241 -187 20 77 -156 -147 -177 -247 80 163 178 83 -56 174 63 41 153 -236 -133 101 119 249 -62 160 16 -191 185 -239 246 103 -52 -165 131 158 224 23 -244 238 -102 -136 -228 -30 -108 129 145 136 202 -119 -157 -159 93 51 -240 -190 230 -231 17 180 233 26 79 -24 91 -50 -1 -170 203 -140 44 14 -10 34 231 125 -149 227 1 -7 -106 -59 50 240 72 -166 -234 128 144 176 150 -16 -173 -9 59 -12 42 183 161 46 -215 -212 118 247 -86 115 211 -82 -142 -25 -227 235 78 90 3 -188 -179 155 -3 -22 10 -213 -13 244 -49 -20 189 82 120 -97 -131 -202 195 -197 -194 -63 -4 54 -69 88 169 30 196 56 -250 -65 170 -171 139 212 -39 -111 -144 -79 -192 47 181 220 245 -104 -115 -58 28 154 -11 -154 165 13 -217 -74 -169 210 -8 214 73 127 -233 -109 -54 108 7 99 -27 6 -167 -229 -99 -98 -84 -219 38 -83 -100 -199 22 -18 98 -158 -70 -130 86 -113 -44 135 -207 -85 -90 60 31 12 52 -232 68 21 58 61 -26 -47 48 -14 -95 200 149 124 -249 213 -242 -168 -222 35 -151 -137 207 -146 147 -183 219 204 92 -125 -110 215 -226 134 193 208 -72 114 -89 -19 237 -185 156 -80 -51 -145 -220 -132 223 -17 69 33 141 -164 75 -2 -53 221 -150 146 -32 -61 -211 39 -76 4 100 -120 25 -186 102 -23 -116 187 164 140 110 -15 194 -198 81 65 36 -206 -193 -138 152 -210 -48 -243 -224 -225 192 -153 -64 172 -36 66 171 -223 -143 177 -66 -34 -176 94 -92 222 -55 
TEST 82 ARG:-237 -206 -72 195 -248 24 193 -161 -158 123 46 109 184 146 -12 -99 242 247 34 80 -65 134 74 -47 -2 -168 211 -125 -45 233 -23 -1 245 -38 42 93 -10 -58 -156 162 205 53 192 -103 -159 177 -53 -233 -82 73 83 -229 239 222 96 63 -78 -73 152 -44 -67 -54 -151 198 -126 -250 -217 -80 141 31 59 -114 106 236 159 216 108 136 -55 128 -15 142 161 -134 -144 -196 143 75 8 238 -138 226 65 30 -199 -120 -7 -17 29 135 153 -230 -244 186 35 -222 16 -146 -172 19 -52 -191 -175 -110 -221 22 -66 -137 12 156 -162 44 -109 150 -21 221 124 54 69 -35 0 40 -81 47 244 -62 50 -219 -100 -101 -211 52 -174 103 -202 -203 -49 97 180 182 -127 -245 232 -223 -133 223 125 -102 2 -192 -51 -83 25 120 -201 -128 110 3 -6 -234 56 -197 -212 -116 48 148 79 248 -205 157 116 -207 167 -107 -34 -129 -13 229 -215 209 111 -209 -216 -33 -19 114 240 237 118 166 -225 144 -85 220 210 234 -153 199 130 246 -130 -74 172 11 -71 -41 -112 235 -198 14 -180 71 36 -43 194 7 231 207 6 99 127 -36 -50 147 32 -59 -86 181 -182 -4 94 -89 -117 -32 39 -42 -30 249 154 101 20 137 225 -70 190 105 -214 85 241 55 -26 -145 -108 -195 -91 -139 -3 -224 -24 -90 -238 41 76 201 -140 102 -170 -94 -190 -155 91 -227 -226 -171 -169 -14 51 -185 -69 208 -16 163 227 -57 17 213 139 219 203 175 88 -178 151 122 68 -240 -148 117 -106 -48 -63 -249 -243 -186 -60 -97 13 179 119 160 -39 -181 18 -18 -187 4 -247 145 -166 -28 82 -8 -189 -11 104 26 23 43 107 -149 -194 -142 165 77 61 -231 170 187 66 87 -40 89 -118 -193 -61 164 -218 243 58 81 217 191 174 90 169 212 200 189 115 -164 155 -236 158 140 -210 171 -95 176 -122 -204 215 -154 -22 -208 92 64 183 9 78 -104 -150 173 33 -31 -147 -37 21 72 95 62 188 -235 -242 -183 -64 -143 -241 -105 196 112 131 27 132 230 -27 -87 -176 -184 28 -123 -141 45 113 -76 206 126 -177 -68 49 -220 -113 -92 -46 -152 38 98 -232 60 100 178 -98 -136 168 10 224 228 15 -246 -93 -88 -25 -56 -135 -121 197 129 -179 -79 -188 -157 -173 -239 -96 -119 57 -77 -29 133 -200 86 -111 218 185 -163 -9 1 -5 -213 5 121 -84 37 202 -20 -160 -167 67 -75 -124 -165 204 214 84 -115 -132 -131 149 -228 138 70 
TEST 83 ARG:-228 -192 6 103 -138 -11 -73 211 184 112 -197 -112 204 123 -242 235 28 88 -149 148 -165 -150 188 97 -30 -152 -67 -26 -222 -250 51 -179 73 -23 -226 -117 32 -82 -208 -66 125 -135 -28 198 14 248 -218 45 -170 18 -186 -180 160 -120 -175 67 62 23 -154 -68 -182 212 164 -40 -136 -92 243 59 171 8 71 82 -43 63 -185 -106 91 -50 -167 -225 -69 213 -243 128 -107 43 -100 -7 106 54 75 -94 -88 -172 -227 -3 -142 144 -103 214 21 93 -32 146 16 196 -162 231 -223 215 -143 -200 226 -177 -214 114 -187 -164 223 167 182 24 -111 -212 -124 -221 42 -178 242 -213 44 -113 61 244 7 -134 99 49 48 108 -17 -53 119 239 13 -233 247 -41 -64 -171 -35 -75 219 147 -70 -45 46 29 -4 -47 216 96 40 245 170 163 56 -193 -188 25 138 134 -58 -39 -144 77 117 -34 -166 -133 -42 3 -204 -101 177 -55 -81 -44 131 -146 -78 109 230 -195 -210 165 237 -57 -140 35 94 -196 -98 224 176 -25 126 -91 36 -86 142 137 -244 95 0 173 -2 169 139 -216 -14 181 30 -235 79 85 39 -126 120 152 81 -65 -174 186 -158 191 -245 -109 68 19 -9 47 202 -97 179 -77 -155 232 166 -206 127 -148 -1 217 -76 -236 -184 130 172 -153 -190 33 192 -145 -132 -219 -237 69 -123 157 -234 207 203 -95 174 -232 34 -137 57 110 218 31 -31 89 149 168 -169 233 101 27 -209 -207 221 20 107 -87 76 102 72 -10 -27 -84 193 -62 -110 64 -105 115 104 -36 197 -93 238 -151 50 -220 180 105 227 124 -72 199 -114 -176 234 4 -51 58 -217 41 22 206 -202 -239 185 -128 -201 -115 -211 -119 -160 38 228 -121 210 -19 140 60 -173 98 -248 -24 -22 -231 141 116 -168 -104 74 -198 -60 -16 -247 52 -157 -71 -125 222 201 -63 55 155 -90 153 161 15 -79 -139 83 2 205 -99 113 65 -122 -8 10 -156 158 -129 -56 133 80 187 -49 -241 -21 175 195 78 -116 87 -230 -12 -183 240 -102 17 162 -74 -61 100 132 84 -229 -191 -194 122 183 92 -96 -159 225 11 -83 86 -85 220 -189 -59 -20 200 66 9 -141 -46 159 111 143 -52 209 229 -5 70 -163 53 90 154 -38 -89 -240 189 -249 156 37 129 -54 -238 -127 5 145 -48 -118 -181 -80 246 236 -13 151 135 -18 -29 26 -15 190 -147 -108 118 -161 150 -224 -246 -131 -199 -205 249 178 -203 121 194 -6 -215 241 12 -37 -33 208 -130 136 1 
TEST 84 ARG:-24 105 -233 9 84 79 55 -102 -46 59 -92 -190 -191 -149 124 -244 -74 98 154 213 244 -59 -107 223 120 -156 -144 -47 3 22 114 -211 -17 129 231 -52 -51 -30 -99 -135 39 216 -212 -60 30 -70 -22 -150 -194 247 -195 171 -115 0 189 -75 224 -134 40 245 37 -7 214 43 -225 123 187 -250 92 72 -11 -155 -95 36 -86 -237 219 236 -13 7 63 48 222 237 166 -88 71 248 202 4 2 23 5 82 27 -169 11 199 -234 56 -85 167 6 234 -240 147 238 149 -105 217 -163 -216 57 186 -29 127 152 -167 180 70 -94 25 170 -130 -137 85 194 208 -18 29 -214 -148 -34 -236 156 54 227 226 17 188 -10 121 -84 -235 -223 230 -118 -90 241 212 -40 87 -2 16 -122 -181 52 -203 -205 -108 -186 100 -78 146 168 -197 -224 -82 -26 62 -91 229 44 -103 93 26 -176 108 -50 -93 -189 -187 -196 -8 233 130 141 12 -55 18 228 -242 -210 115 169 148 -159 -96 76 -15 -179 143 116 145 193 158 -38 14 -49 -61 240 140 -219 -245 209 -41 -249 215 -104 66 -48 163 -230 211 49 33 -161 10 64 -83 99 -142 104 175 -5 -21 -106 -54 13 -87 -141 210 198 -146 218 201 -120 -200 -218 172 117 138 -165 -112 101 -125 90 -132 -202 -164 19 47 125 -139 181 -193 -221 137 -80 205 -57 -110 -171 34 203 65 197 -143 38 192 77 1 -166 -185 -68 159 -213 -111 184 -157 -184 -39 134 185 157 83 -67 89 -45 97 -12 32 -23 -89 -131 -73 133 221 31 -123 179 -147 -53 -69 -79 -56 -116 162 153 -162 -226 15 -228 51 183 -109 109 -97 -243 122 35 178 106 91 80 -42 220 -204 111 -20 -37 -182 50 -66 142 -160 -81 -98 150 58 165 -246 -32 95 -58 -152 173 -248 28 -136 128 144 -217 195 -173 -140 68 -138 177 -126 -198 -158 94 73 96 -31 20 60 135 -153 182 160 75 -145 -188 -71 -121 53 -65 -6 190 -124 86 126 -201 235 61 206 207 -113 164 249 246 -119 239 -44 -1 -101 88 69 -222 232 -63 -231 8 -192 -238 -206 -43 151 112 102 74 -133 -174 -14 242 -36 -27 -129 191 113 46 -178 -114 -232 -4 118 21 -177 41 139 -209 132 78 -117 -215 81 -239 -172 -154 45 -76 196 -3 131 -247 136 -199 161 110 -16 174 204 -241 107 -28 -151 -77 -170 -220 -168 24 -180 -227 -175 -208 -128 -25 67 -229 -127 -207 176 -100 -35 -62 155 103 243 225 -9 -19 -183 42 -72 119 -33 -64 200 
TEST 85 ARG:-164 112 0 -145 217 52 -108 151 244 33 -216 165 -34 38 -205 225 -166 -122 115 -196 -214 141 -202 66 -40 11 -185 -117 53 -223 103 -139 63 88 -23 -2 177 19 61 207 194 -195 -49 153 -134 228 -181 83 -85 214 -149 10 120 -226 -82 36 -50 -83 -182 -136 -32 20 215 -208 -168 125 -179 -106 100 -43 -101 87 46 -241 -86 -60 23 15 -13 149 -174 185 14 -71 142 -152 -100 181 -88 34 -29 101 200 49 -219 -109 -91 76 -64 -66 93 235 -200 31 -171 143 50 233 -240 29 226 127 80 -72 117 89 192 243 96 -120 -123 128 -224 -97 -115 35 193 104 90 -99 196 210 -126 237 -81 179 156 230 68 -76 108 -153 -69 62 -39 203 3 -189 -177 45 239 -20 -243 178 95 -173 110 -33 213 -148 -225 27 134 -217 188 -249 17 54 -154 -172 242 148 -3 211 136 82 47 -204 173 199 -170 13 -235 160 -93 -160 92 79 191 -45 -186 133 187 28 24 186 -58 -112 26 121 -138 -193 147 18 -221 -159 102 106 245 -22 58 -248 -131 -157 55 119 -201 2 189 -105 21 -53 114 71 -74 6 74 163 44 -36 184 -150 105 32 227 -1 -211 -37 229 -140 162 8 -77 56 -129 131 -229 183 -111 -62 248 241 -8 -124 67 -207 -137 57 -54 -127 -165 -163 198 -92 -234 -118 -194 212 216 124 -31 -135 -197 -90 -80 159 176 60 220 -16 -146 -5 130 -75 -4 81 -190 30 161 -158 -141 -237 -142 -110 204 -107 39 221 41 234 -233 99 59 -95 -116 -236 12 -30 166 182 94 -14 -228 -232 -133 180 144 167 -180 111 64 -242 98 157 1 -175 -183 97 25 -128 137 -87 -184 171 -63 170 209 190 146 -52 -104 -161 72 201 -119 208 109 -169 138 -27 232 126 205 73 -41 65 219 -42 5 -94 -244 -44 16 -103 22 -191 224 -48 -151 -176 247 246 -56 238 168 -238 -70 -121 -55 113 -192 -125 -210 -35 -47 -147 -227 69 -132 223 -215 -12 43 -51 -25 86 -26 -188 202 -98 -89 -206 78 -21 -213 -162 249 -187 -246 -113 70 -222 -167 107 132 9 145 -67 240 -230 -46 -156 -203 -96 -18 40 85 -239 140 -114 37 -84 -198 -247 129 -155 -59 -11 -38 122 -250 135 155 -57 -61 -73 51 -231 123 77 -79 174 236 -218 -15 -220 197 -199 75 4 -10 -245 -178 -19 172 164 -130 -78 222 -6 91 116 -102 150 -144 42 48 169 -143 218 -212 152 7 231 84 158 -65 139 -17 154 -9 175 -24 195 -28 -7 206 -209 118 -68 
TEST 86 ARG:-29 -47 -198 -113 222 -11 110 48 -248 131 216 163 200 106 -242 120 242 63 19 100 -176 127 -20 -97 -206 101 15 44 -236 -169 166 -224 12 65 -5 -181 -87 -125 -36 -64 -101 -103 -244 -76 116 -84 22 142 6 52 204 84 -98 27 117 -193 160 -95 58 148 230 95 -215 -140 -55 -223 -192 -72 132 229 -12 -225 114 -161 -167 -194 170 223 167 16 -88 -34 -144 -174 -214 -201 -231 145 109 -63 184 -188 -1 67 198 -168 23 -80 32 43 -100 211 191 130 122 -79 -28 146 193 -120 -142 -200 -172 -74 -49 224 195 -37 162 66 206 188 -92 -239 -208 72 -160 69 107 226 -117 -38 0 129 205 -105 -18 -162 -85 -187 37 -250 -157 164 126 -203 -202 -129 -106 228 2 -249 207 138 30 175 64 -93 115 -156 -119 46 -31 123 135 137 -48 212 -124 -27 -54 -116 112 144 203 -58 76 50 -121 59 154 -133 237 -195 -56 -230 -150 -99 158 29 89 -4 152 -16 -246 111 -210 -232 -109 -91 -197 -71 -45 219 -32 220 -6 61 -204 -148 236 -39 21 196 1 247 79 -13 -237 -2 -24 57 -186 155 -218 232 199 149 119 10 47 -219 -132 231 -40 -216 -196 -155 -138 -19 -8 9 210 31 -68 186 -122 -135 -108 41 176 -233 -158 -241 169 238 -10 -102 53 45 -78 83 187 194 -217 -94 -83 225 -211 74 -43 -66 227 -191 -139 -136 113 40 -184 208 62 93 11 151 234 -111 4 -171 128 -52 -163 13 249 -243 185 -127 -3 99 88 51 -57 -180 -222 -44 80 38 125 179 -170 159 156 -82 -75 178 -62 20 240 -151 190 235 157 -22 -245 147 36 173 -123 25 -50 -89 -114 -131 -14 18 -35 105 71 134 -26 172 85 248 -104 5 221 -137 78 -21 -212 91 87 239 -185 -73 -96 102 197 104 -179 -146 56 14 -164 168 165 174 -226 -209 -7 246 -240 49 -145 143 55 243 -149 33 141 180 -221 81 73 139 -69 -25 -228 189 7 -220 70 -60 181 92 218 -159 233 -115 201 -51 136 39 -153 213 -143 -178 118 108 -234 98 153 90 -175 -41 -207 3 -177 -134 -205 -118 54 103 42 96 24 -110 -141 -70 28 133 77 35 -235 60 -183 -42 244 -182 171 -166 -9 150 82 17 -15 -23 183 241 245 -107 -126 -77 75 182 68 -238 -199 140 -53 177 202 -17 34 94 -59 -86 -247 217 -229 -81 -189 124 -65 192 -90 -154 161 -227 86 121 -130 209 -46 -213 -152 -112 -173 215 -61 -165 -147 -33 97 -30 -190 26 8 214 -128 -67 
TEST 87 ARG:33 -162 -12 -109 24 179 -174 -105 235 -135 -23 -167 183 -70 -215 -235 31 -108 7 201 -163 -101 -54 -161 -133 2 1 248 -93 106 150 227 -231 132 20 195 -234 134 -175 -238 0 -114 16 -62 -72 -230 174 -116 -115 18 -206 -8 242 -78 55 57 -88 -129 138 51 -221 124 -189 -11 -21 72 -219 171 66 189 15 -99 -20 -199 -143 -125 191 238 169 -1 -79 -60 -150 -246 192 -42 -245 -4 136 -182 90 206 -81 75 -243 170 37 99 -119 59 52 -110 -95 -131 -127 186 102 -227 247 143 25 27 105 116 107 147 -158 73 -50 -153 -33 14 153 82 -203 -168 208 -58 -212 -7 -170 -103 -82 221 -166 -191 76 -200 -138 -144 -89 -216 -226 -106 48 172 166 49 155 -218 5 -34 50 -13 131 151 -75 -165 100 -49 234 197 9 71 218 118 -22 140 -142 233 -63 133 149 -67 240 89 129 125 -126 92 -28 19 -123 130 200 213 163 81 -152 -29 152 30 -38 29 -193 -104 -155 4 103 -247 246 -27 142 -35 148 -83 -222 196 -130 -19 249 -87 194 225 145 74 241 -134 -77 -146 95 202 -187 159 178 22 -205 -179 217 -157 8 -176 -229 64 -136 -30 212 70 154 -51 34 -117 182 128 207 214 -177 -145 78 204 -228 -2 -239 -217 -10 39 -76 -223 40 160 222 -140 -112 -121 108 -178 -149 47 113 226 -111 156 -6 -17 -53 188 -244 111 -232 168 43 220 63 -52 -169 -154 -25 93 -69 -46 185 -18 -198 -197 -196 -92 -118 38 46 69 -32 -236 -68 -113 42 91 13 53 237 -249 -43 -107 120 35 137 146 -24 58 -180 190 -36 96 44 135 123 203 -31 -242 -73 67 139 -132 -59 193 176 -5 84 -172 -55 -14 11 -224 77 -201 165 -91 -141 -185 223 210 6 -250 -151 228 28 68 -139 -86 -15 -124 -41 41 -64 224 -160 -45 244 -208 -3 98 198 -94 -120 122 -84 158 85 -213 245 -209 -47 -44 -237 83 60 -74 126 161 45 205 -16 -202 -39 209 62 -233 121 -148 -80 -164 26 184 88 -98 112 -159 -225 -184 -186 187 230 -188 -85 79 127 219 141 104 -26 94 -40 181 23 114 175 87 17 -240 -96 117 101 86 164 97 167 -102 144 -97 215 109 -220 32 -48 173 216 80 -214 -173 -9 -71 110 229 -61 -137 -183 10 -57 -66 -65 115 232 211 -37 -195 119 199 -190 3 12 65 61 -171 236 -128 -204 -194 -248 -56 -156 -122 54 -207 162 56 239 -211 -90 180 -210 36 177 -147 231 157 21 243 -192 -181 -100 -241 
TEST 88 ARG:-241 209 123 -227 -176 -32 -27 142 -230 -55 -62 -168 -212 236 26 172 -64 -210 -31 214 -133 221 197 11 -161 -13 97 35 -99 204 80 6 34 98 79 143 202 -164 -120 168 -44 -179 51 248 68 52 54 -173 -50 118 215 4 -93 -207 234 -104 62 243 -199 146 -250 187 -165 -35 44 -231 -171 30 -225 -103 -11 -110 -146 105 58 -190 -9 -226 189 -134 64 -86 65 242 -109 181 -202 -208 50 113 186 2 223 27 -17 164 -219 -243 69 158 147 -198 43 139 42 -150 -246 246 -42 46 74 47 192 -79 -33 -94 -67 -236 -119 198 151 -209 -224 108 190 -1 217 -177 -132 120 -141 -87 10 -71 63 -34 -136 -213 229 -114 -204 165 -92 -3 222 -124 -240 125 96 200 -16 199 -38 -85 247 -70 -24 -98 -75 -203 -180 -101 114 -159 -145 -52 86 249 166 -116 -81 -131 -12 -189 239 106 -15 0 55 -218 -80 150 1 -130 211 101 -178 -163 110 -48 -89 -206 -56 156 237 -195 130 -185 32 238 145 -170 245 85 -242 -151 -181 -47 92 99 174 66 135 179 136 122 -100 137 28 15 -147 161 -237 227 -106 -5 -23 -174 -90 176 141 -245 -6 -39 231 41 -19 -78 206 -28 -74 207 -160 5 131 184 84 -96 -7 -107 218 140 240 21 -201 -69 -223 -154 -200 -25 126 153 73 29 188 -20 225 -137 178 -184 149 23 152 -112 170 38 233 -216 -105 160 196 -22 -18 216 57 39 59 115 195 171 134 144 205 203 162 -60 148 -214 -183 76 -186 -192 -139 230 169 180 -45 -76 8 40 132 -157 -217 193 -228 -122 49 -65 -142 220 -30 19 -21 -182 -113 159 155 -187 -172 167 -54 -128 -84 -115 -88 111 191 244 78 104 72 -191 -197 102 18 -193 224 24 -14 -220 -149 22 -29 154 14 173 -162 31 7 20 -153 -158 -58 60 -41 -73 -232 17 -59 -196 -68 87 -66 45 -53 194 -123 -83 177 127 -63 -57 -235 91 -43 228 213 37 95 -221 -61 241 -77 9 -121 103 -97 -233 -166 -211 33 157 109 129 -155 12 -140 -127 -156 226 94 -102 163 -129 210 116 -118 13 77 -82 -143 219 107 -135 -36 235 48 -205 56 175 182 -37 -125 -8 -238 -108 83 232 75 -126 -10 -40 -175 -26 -51 -72 -111 70 25 3 208 61 53 -117 -234 112 -95 -167 36 124 -152 212 -247 -4 117 -169 -91 183 -49 81 -239 88 67 89 119 90 138 -194 16 71 201 100 -249 -148 -46 -244 -229 -248 -222 93 -144 -138 -188 82 133 128 -215 185 121 -2 
TEST 89 ARG:161 -211 233 -98 206 21 -79 71 -69 166 -101 41 183 107 84 -249 44 -119 -241 -200 -28 -51 63 -250 -129 -124 95 -139 27 214 -118 152 116 -67 109 -207 73 -58 36 -192 -201 100 -156 98 -245 220 217 55 -172 -59 -175 59 103 -126 -37 -151 -96 -157 178 -219 142 -38 -189 169 182 170 -7 226 47 -19 175 -110 113 197 -48 -81 -24 227 158 112 -64 -230 -5 119 141 147 -242 48 132 136 -17 177 -228 38 -199 43 42 -195 174 -153 22 240 -135 -30 129 200 -122 223 -103 -146 -240 -137 -93 164 -248 69 -140 -105 45 203 243 -41 -141 -95 -84 -206 -176 215 237 -62 -193 221 241 34 94 219 -70 -233 122 -218 -40 120 143 124 176 33 -8 50 205 2 -32 -97 -127 125 -11 90 -226 -50 228 149 181 87 -46 -87 163 150 131 184 246 207 209 -88 -45 231 216 35 -68 68 75 -3 126 -100 7 -186 -227 -13 -31 127 204 148 -63 16 154 190 -117 -174 193 -112 -134 188 199 -147 -14 96 -128 189 140 99 -71 -82 115 58 144 -167 52 -187 105 -243 102 -1 6 -183 91 86 -202 -130 81 128 -150 247 172 -198 187 46 -210 12 -214 -161 146 26 -20 224 -182 9 -237 -26 -154 -221 17 -39 -223 -236 -104 -225 -220 -90 222 3 -204 -61 92 -111 56 -165 234 134 145 -209 -121 29 -106 130 239 -27 -148 -184 202 11 -222 -229 242 -66 -142 15 93 218 -89 -107 -33 -83 -159 -144 -102 118 -181 -191 135 235 162 65 -108 -4 111 -155 201 -42 -74 153 -94 -125 -166 0 137 -188 72 -178 -185 185 180 213 13 123 5 -116 -109 151 8 -168 -16 108 40 -171 -143 157 -34 186 -205 -224 89 167 83 -170 -53 244 110 -43 -18 -238 -115 31 -113 -2 -56 28 64 85 232 -9 -213 208 -190 -25 20 -197 -22 179 245 -234 -235 -131 -52 67 -177 -12 1 194 -114 230 -80 -136 57 66 78 70 -55 -194 165 -21 23 -145 -203 -239 192 138 249 173 -91 236 104 -132 24 -85 -160 -86 -212 -54 -232 19 -49 -196 -6 -15 -138 195 -92 238 -73 -120 168 -57 -244 -36 74 -149 114 133 -60 106 76 -217 198 77 62 139 54 -162 79 -133 -215 -47 -231 171 -247 39 25 30 -78 -152 211 -208 -72 101 -77 -180 18 37 -123 -35 -44 -75 61 -23 -29 248 88 -216 191 -65 -10 117 4 -163 -99 -169 -158 225 60 -179 51 32 -173 82 49 160 196 212 156 53 229 159 -164 210 14 -76 97 155 121 10 -246 80 
TEST 90 ARG:245 -34 -92 219 100 106 -52 237 83 213 194 159 -68 241 167 -143 -189 28 42 1 -201 -144 149 176 13 30 85 -81 -80 37 -173 208 -149 -243 -32 34 143 5 224 201 58 228 108 39 -232 -223 -78 91 -23 -198 17 12 -95 146 199 131 112 21 135 26 105 74 -102 104 -180 -141 -54 -22 -3 220 -24 49 -196 56 46 -19 120 48 67 196 -87 -212 -137 128 -13 -246 -244 -89 38 239 163 -148 -218 -146 115 -50 -142 231 -46 -195 249 -206 188 -103 -51 77 170 -104 -222 11 235 68 -29 101 172 169 -67 -183 222 -210 -219 203 -187 -171 200 157 -90 -241 -134 175 99 -132 62 -150 -96 -121 -77 64 36 55 -99 -208 109 -164 -37 166 8 -42 107 -131 43 113 155 -14 70 -238 75 -229 -234 -112 -172 -233 7 223 122 187 238 51 -168 92 103 35 150 -228 -63 -224 184 -128 -230 -97 -123 15 110 -129 215 84 -163 102 87 227 -11 236 -31 65 240 -64 -110 23 -61 177 -153 -250 168 82 69 156 -27 95 217 -174 125 -44 -186 205 -18 -242 186 -139 -231 -204 -175 246 242 71 130 154 -182 182 243 221 -216 -203 -205 -190 -76 -165 171 -49 137 -176 232 -169 61 214 -60 114 218 -48 193 -70 -10 -75 189 -111 147 20 -41 124 229 -113 -91 -226 90 -25 50 -119 -156 -127 -167 81 66 44 -4 -86 80 -158 153 -74 97 14 -138 126 16 -58 -184 73 -237 244 -191 -207 -209 -6 -151 -133 -43 72 -225 2 47 45 -100 -245 181 -35 136 89 -122 57 -235 -177 10 -159 -17 -221 230 -62 198 233 180 211 -160 192 -200 -40 -26 247 -124 -249 -170 185 152 141 9 -65 -21 127 -197 -185 161 -135 -130 -162 -116 -239 -85 216 -181 138 3 -66 -47 206 -57 226 139 -5 225 88 140 32 -36 144 133 132 78 -2 -215 202 -16 98 -227 -20 -236 -217 142 86 0 22 -59 -136 -152 151 158 123 -88 -202 -108 76 18 173 -12 207 79 -125 -199 209 -192 178 63 -45 -94 -7 -72 183 -211 145 -73 -220 134 -15 -1 162 -56 -118 160 195 116 -9 25 -98 -126 197 59 94 -109 -117 60 -33 -105 -179 52 -178 -155 6 93 -140 -154 31 -114 -157 129 24 -240 111 -69 121 53 27 234 119 -107 190 -83 -71 -194 -55 -39 -147 118 -79 210 -161 -247 -213 -28 96 -166 -106 -53 -93 148 19 54 -8 -193 165 -188 40 179 -82 -248 248 164 -120 -115 -30 -38 41 212 -101 4 191 29 117 -145 204 -214 33 174 -84 
TEST 91 ARG:-57 143 -151 118 71 149 50 -172 -15 -205 -147 168 -69 141 -10 -162 140 -243 -167 -72 -109 -142 187 182 132 -140 53 77 135 -176 209 -46 -245 26 -185 -67 63 -210 106 166 42 -201 98 195 172 164 -3 3 11 -242 -225 223 89 203 17 -28 12 -133 1 -2 -78 243 -207 -66 -174 70 16 159 66 43 8 -126 100 240 107 -152 -163 -191 35 83 33 -156 20 19 184 245 121 -110 -95 147 7 -52 23 239 -233 167 -91 226 161 -88 158 -16 230 -18 -35 104 -132 -157 25 207 -138 -51 213 74 244 14 -230 156 224 124 -19 -80 122 -62 -218 59 -39 27 -192 190 138 176 56 47 49 -179 37 -77 -5 52 -209 4 192 -171 -248 -11 -97 -17 127 76 45 -96 220 162 -159 -12 -184 -108 -102 227 231 -219 198 139 247 125 165 171 217 218 54 90 -189 204 151 -4 -211 15 -177 211 38 -8 -226 144 157 48 46 92 -144 -107 39 -149 -206 34 201 -198 -123 -70 142 112 -249 30 95 -175 -86 -169 -199 115 -75 -187 -125 -81 111 -48 196 32 181 51 -30 134 -58 -74 225 -53 85 64 97 6 -204 -115 -146 -215 41 -237 80 -26 -155 148 -222 40 -173 -33 110 194 60 -82 -130 -165 87 150 -54 -68 88 246 215 178 -56 -216 208 -224 -31 55 -129 93 75 -154 -197 81 68 -239 145 -208 113 116 173 -223 -105 205 136 72 79 -227 146 -214 -203 133 -63 -112 123 128 -120 -181 73 120 -49 -124 -182 -101 -246 -118 -139 -180 238 91 94 0 163 242 119 219 18 102 -104 117 -141 86 -87 236 82 -213 -37 214 -145 65 57 -178 103 154 -221 200 -23 -234 -196 -244 -100 -186 153 249 193 -59 -137 -36 -29 191 126 -136 232 -241 -114 183 169 -20 -232 -195 -79 105 69 114 160 62 -202 -160 -25 206 179 -83 -113 -188 -212 -238 -166 -200 108 -6 235 -71 2 -250 -235 131 -217 28 -38 -47 -9 233 -103 -247 -44 -128 216 175 199 -22 234 189 -164 177 -228 -94 84 -150 241 -42 212 -183 -121 -90 29 174 -122 130 96 -168 170 -65 -190 -32 -1 -240 -153 -45 152 -73 -134 -60 -99 99 137 -236 31 -92 229 -148 -85 -229 -61 -55 78 -21 109 -161 -27 186 -111 58 21 67 -106 -84 101 -127 44 -119 24 -231 222 -89 185 -24 22 -193 13 -170 228 248 -76 -117 -93 -50 -98 155 -41 210 9 -158 -40 129 -64 202 180 36 188 61 10 221 197 -7 -194 -143 -13 -135 -43 -116 -34 -131 237 -220 -14 5 
TEST 92 ARG:249 6 230 -115 9 -73 -228 -74 -83 -8 -158 -82 55 89 -139 100 -7 207 -12 156 184 93 -47 -6 106 113 -78 86 -153 -147 -120 -133 18 -169 -238 -233 29 -76 0 -123 -33 169 -221 97 -230 238 134 76 34 135 160 177 -172 175 -170 145 5 244 -243 -134 87 -91 -85 -25 -3 -38 -226 -190 78 74 128 52 -213 -116 171 58 -220 31 -173 -167 -23 213 -217 85 240 217 -186 -168 54 239 -72 -114 53 62 -84 -248 10 189 -142 -250 70 38 -21 165 146 107 -48 153 -62 -89 168 39 -109 -132 -206 -249 -1 82 -36 198 -87 88 59 -96 80 164 -246 16 139 -239 71 13 21 143 -61 -195 226 -51 242 20 -232 -11 -179 -193 17 228 -162 -148 -130 225 -119 -225 49 140 -121 182 234 161 -182 191 115 176 149 -156 -79 69 -237 229 -199 130 -210 -125 37 40 202 7 -203 -242 -127 219 36 -60 247 -214 157 -118 -197 109 132 44 73 188 91 -97 2 -164 66 83 203 232 50 131 35 209 -63 -37 -112 -22 -240 -201 -124 15 195 -67 241 120 246 -185 122 138 56 -151 -235 -111 -176 42 -30 -69 -137 172 -165 178 159 141 117 -215 -14 -135 75 -64 -245 -149 212 222 -187 227 218 -128 245 187 -236 -24 190 4 -189 -66 162 126 118 -19 72 -10 237 -202 -200 -209 154 -204 -155 -102 151 -145 192 186 127 -81 -143 -205 -44 183 -58 -146 -211 -17 -126 -50 233 -117 67 206 -39 -49 96 -4 236 79 51 -152 133 -34 -75 201 -57 -174 12 -224 123 25 -16 103 46 193 -227 -140 248 30 110 -104 -2 105 -46 235 216 -234 112 200 197 215 180 119 -94 148 -216 -163 -92 48 -35 -71 -218 125 -184 142 -154 -129 -231 11 -27 60 -5 179 -29 204 -31 224 -26 -13 -15 -77 -177 163 -219 173 84 166 -98 99 -45 211 243 155 111 27 185 104 101 63 231 199 -32 194 -223 -103 -141 -59 -54 150 95 -207 -28 -171 -150 -131 -181 158 -95 -110 64 -160 -166 -229 223 -42 -161 114 -144 33 68 -18 90 -247 -183 -70 -157 147 -138 -65 170 -191 -159 61 1 205 -208 -56 102 136 196 24 -175 -101 19 137 45 -196 152 41 -244 43 208 -113 129 -90 -212 116 -93 14 -180 77 -40 8 -105 -106 181 47 -178 -86 -136 -99 -194 3 -41 167 81 98 28 108 121 174 -53 -241 -192 -52 22 -9 23 65 214 92 -100 -55 26 -198 144 -188 -88 124 -122 -68 -20 210 -43 32 -107 -222 -80 -108 220 221 94 57 
TEST 93 ARG:-81 1 14 -68 -147 22 194 -112 -18 62 -157 -228 149 -100 87 -176 -16 58 -17 80 50 217 -108 45 7 115 168 84 -89 -199 -244 -95 -187 -126 85 231 -143 -39 -66 -114 -250 175 241 160 165 -223 184 2 133 77 -201 -170 93 -61 -219 -151 -182 -196 83 86 -236 -30 -73 215 171 139 30 129 227 -204 -33 119 -119 113 25 46 55 75 239 -202 -184 -175 53 -183 -7 136 66 -213 -140 38 37 63 -186 -51 -111 238 -122 -65 234 120 -104 -23 -53 -9 -215 -247 -207 233 186 -174 -12 -86 247 216 181 163 -137 69 42 -116 144 -138 240 -234 122 -107 203 -49 195 198 32 164 12 -178 -173 202 -76 -24 204 -181 212 156 -165 27 -87 127 121 221 191 24 148 -63 128 -159 -193 -8 208 8 61 219 200 -139 -78 -217 207 211 151 -97 -243 199 178 131 -152 124 99 -145 -22 79 41 -19 -71 36 -79 246 78 -248 -153 -70 -6 -212 -117 -113 -134 224 161 -83 -231 182 -15 -80 3 -36 -40 -190 90 -239 -94 -192 -123 105 -216 -47 -82 13 -129 141 -130 132 -91 -214 173 176 218 242 -136 -48 230 201 -141 94 134 -249 225 68 -211 126 -101 -172 153 17 4 10 -171 228 197 91 -127 229 -220 -233 -144 180 -85 0 -46 20 40 -242 -149 -28 -205 -206 -208 -26 -59 -60 19 -38 235 -131 174 16 -2 -120 -226 -118 123 -142 -64 9 -58 -128 249 -27 143 -5 -167 65 -34 -84 -158 88 138 11 -240 39 -198 137 196 -42 -90 -110 -35 223 -14 44 -102 -246 76 -67 206 -155 170 117 -92 64 222 15 220 100 114 96 -37 -237 -238 -168 97 52 21 243 101 -88 -230 177 116 162 244 179 -245 183 166 82 -74 -125 18 146 -209 150 23 118 -10 103 109 57 -200 209 -25 232 -169 -69 -180 -164 -203 -99 130 158 -132 34 205 -124 189 -20 -11 187 111 -103 -45 56 167 -154 142 152 185 -227 213 60 43 -52 -179 -21 72 -188 -106 214 -32 -56 -161 -105 31 157 6 104 248 169 -232 -41 98 -163 245 -109 5 -115 -195 188 -44 -98 28 -57 -160 154 33 -135 -29 -54 -150 59 -241 -96 71 -197 -221 81 47 159 -50 -133 35 -156 26 -191 -3 145 -189 -55 135 95 -162 192 236 102 107 29 -43 -146 -222 92 -148 -31 -1 -75 140 210 237 -62 -235 -177 -93 48 -72 -166 125 70 51 73 108 226 -185 -225 106 -194 74 190 -4 -210 193 -218 -229 -121 -77 155 54 -13 112 89 110 147 -224 67 49 172 
TEST 94 ARG:19 142 63 -194 43 -215 -137 76 220 -49 -122 205 98 -199 137 -51 -166 117 217 -26 -234 193 -204 -163 109 6 -182 -66 -231 175 -250 -165 93 -80 160 -55 -54 -2 75 -14 28 -93 -144 -67 127 248 167 -117 9 -65 -59 -180 -121 150 -105 102 -134 155 -241 -160 243 128 229 -95 210 -142 2 166 -28 -210 -192 -24 214 95 -77 84 -85 242 120 133 -132 -113 -129 110 -37 -7 0 -96 192 -22 134 -18 -46 -223 -75 249 141 164 206 184 89 -73 50 -174 31 42 -56 -71 65 -111 183 207 -91 174 -99 -114 -205 -244 103 86 176 -107 47 -155 -81 22 139 67 -235 -176 -34 228 -168 -101 -167 104 -141 140 29 159 23 -179 49 -171 -198 173 56 -100 240 74 34 -162 61 -139 27 20 -193 -30 -148 -196 -25 189 -69 -119 70 -248 241 182 212 223 -216 -152 -195 -138 116 -115 81 -130 -164 165 -98 -151 -211 195 35 -23 215 33 224 -229 157 -187 88 -57 36 -170 111 66 12 -159 -116 129 222 138 -203 -19 -39 185 -35 201 118 -232 112 -33 -186 94 232 178 216 230 57 125 -10 -154 -126 78 -48 105 211 -97 -238 -197 18 -76 -120 -226 181 163 55 8 16 -233 -88 107 45 -12 233 -190 -50 17 177 132 59 188 -220 143 237 25 196 46 126 5 130 -104 -9 11 202 156 -200 62 -72 -53 148 -149 -213 100 -43 83 -41 77 -128 -236 13 -86 -36 146 -239 -84 24 90 -31 -60 -147 54 -136 -228 -246 -184 32 187 21 15 -38 38 -247 -78 -108 115 -156 -87 -185 -103 72 -47 -1 30 -150 -29 154 -177 -243 147 -237 219 168 136 71 -221 -110 -214 -240 -225 -201 179 227 -222 -230 -15 68 200 -183 122 -157 -173 151 87 -5 -32 -3 239 121 -79 145 194 52 221 64 -61 -207 203 60 14 114 113 99 -242 82 170 -145 247 -208 -92 209 -178 44 -217 149 204 235 -135 -6 191 -62 -245 3 69 -58 92 97 186 10 37 226 172 -20 91 -133 131 -40 152 231 -17 208 -11 -82 245 -123 -102 -112 -109 7 -16 119 -124 158 199 39 218 106 -106 244 -42 108 -140 236 -227 180 -21 -118 -181 234 153 -68 171 26 -202 85 -206 -70 -94 -146 -13 -188 161 -27 162 197 79 123 190 96 -224 -131 -161 58 80 -44 101 -153 40 4 -143 -219 -52 -158 -74 124 -127 1 -249 -218 169 48 -212 53 -4 -45 -169 -64 -191 -209 225 198 238 135 -175 213 73 41 144 -189 51 -125 -89 -90 -172 246 -83 -63 -8 
TEST 95 ARG:-103 7 190 -244 247 13 203 -78 222 37 -141 85 165 -4 -156 202 -76 -152 -138 -176 -20 123 -217 173 -67 30 -231 -189 -68 101 35 -104 -208 -229 95 -35 217 -97 -117 -60 -186 -125 141 -148 118 -132 110 34 172 143 178 -198 -9 183 -2 -88 -204 176 -47 -168 -196 -245 -38 -28 -106 242 43 76 -73 -127 197 186 38 -215 -10 8 111 241 -155 -238 231 -216 99 138 78 3 -61 -221 -142 -174 -37 -75 86 -115 52 163 -62 -7 -112 -159 -200 -121 152 -219 -239 -26 -69 136 -5 21 83 -173 167 236 48 129 -163 54 -164 50 246 -42 -203 -169 -213 -177 -96 245 225 -110 60 121 -44 156 195 -199 -52 -15 -150 153 100 -56 -133 -36 56 -65 -81 -72 248 -228 164 70 157 235 67 -90 142 -22 239 175 229 -57 2 -58 -192 -139 127 -193 105 68 -225 -131 212 -240 -8 189 126 -45 237 192 0 115 182 -171 -172 -191 177 131 228 45 -64 122 -48 -118 -41 -100 145 234 -167 205 -184 109 227 155 -135 61 230 139 -105 -63 -3 132 -21 6 -83 -181 124 -247 232 44 -201 -34 -92 -122 -30 180 -249 98 33 144 168 161 -242 -197 -79 -227 187 215 238 -207 181 -143 162 -12 171 15 -162 -136 224 193 18 -243 -149 22 19 -237 147 31 169 -19 -54 -91 -188 140 72 -175 24 32 -235 -16 -85 62 116 -146 -25 89 219 -234 81 -29 9 -80 108 -6 -214 -158 -99 243 213 29 -120 -209 -185 -182 53 -205 27 -66 -84 170 -14 220 -178 159 51 77 41 214 39 -94 216 104 221 -157 74 49 -233 148 28 -55 84 -109 137 -128 -222 73 -77 -89 -147 209 134 -93 210 -59 -123 -166 -46 63 106 -50 160 87 40 -107 -190 -95 4 223 -43 -39 150 94 46 -119 114 149 107 -51 218 57 -151 -154 206 240 75 -23 42 -24 -86 -220 -226 -183 158 -248 -170 185 80 102 -116 -212 -140 179 16 -49 -195 204 -87 -129 -126 191 -145 -224 -180 166 207 92 226 -11 151 -111 59 88 119 196 135 -31 -102 -246 -40 -230 -32 14 -108 -236 125 36 -1 200 -134 208 -101 244 -124 198 20 112 -194 -27 12 -206 55 -33 -13 -18 -130 174 -179 211 64 10 -232 -165 -113 -98 128 130 -250 -74 5 -187 103 -211 82 -144 23 194 -161 47 -160 -70 -210 -17 -223 69 1 90 58 -218 17 -153 -202 66 184 -71 117 -241 96 199 233 -114 79 -137 91 249 120 146 -82 133 93 25 26 113 65 188 11 71 154 201 -53 97 
TEST 96 ARG:198 -62 -240 120 -56 -163 108 40 23 56 52 105 92 233 138 70 180 -14 -44 215 135 -65 -185 -226 -96 -204 -192 -1 -25 -199 139 28 170 -165 125 -66 11 -170 -222 -125 242 -97 4 3 -130 -23 -196 -157 -20 -126 69 -129 166 -202 -81 115 -162 -161 10 190 -46 200 225 185 130 -195 -245 -18 197 -227 12 -47 102 -82 146 -164 47 43 182 -119 -40 -231 6 -194 -236 91 93 240 214 -104 -42 230 -36 8 85 100 167 -246 205 -221 -139 101 245 -218 188 34 73 241 128 53 208 -205 111 107 -180 -110 238 -75 -133 86 163 97 212 -217 147 226 179 42 141 -72 199 -108 209 -142 -88 -12 48 -13 55 39 -177 -213 176 -143 17 -35 67 13 -151 9 137 -141 -189 -6 78 -94 -71 234 -140 -175 192 -228 -95 -19 249 -122 143 -197 -239 16 80 175 -209 -248 -118 -152 -229 31 228 -238 -28 187 207 -115 50 36 -138 -52 -38 -17 89 124 -114 158 83 -149 227 161 -60 237 232 223 44 -131 -136 -107 117 -73 -249 184 38 76 -190 -37 201 157 -154 248 -250 222 217 49 68 -80 87 174 -244 -93 -31 -29 112 -181 -215 -101 -113 -22 -58 136 169 -191 -85 106 -128 153 194 156 -188 122 -137 -187 162 -15 204 -111 -109 15 24 -173 -4 99 154 18 239 -34 -242 46 210 -59 -55 60 -211 -186 152 -123 244 -232 -241 -87 216 140 14 -70 -78 220 5 77 -74 -10 177 150 -169 32 155 -53 165 -117 -26 186 119 -16 114 -127 -156 -210 132 -105 -24 -63 65 -214 7 -76 203 -32 -243 -106 -33 -30 -158 61 -135 191 62 113 -86 63 236 -5 -168 94 -2 173 90 247 -67 151 148 59 -61 -79 -166 -134 -203 -148 229 -159 81 45 -212 64 160 -171 -99 -208 -121 2 72 -103 -178 71 21 27 224 -160 75 126 1 -69 189 202 -27 196 74 30 -179 -98 79 -153 -223 -176 221 -207 -41 -145 121 41 -11 129 -77 58 -155 -237 -198 -90 134 -45 118 96 213 110 164 206 -201 19 231 -120 -224 -230 -233 116 123 181 -124 149 66 95 82 -57 33 131 -247 35 142 133 -147 145 98 -91 -54 219 -219 103 -83 -49 51 20 37 22 127 84 -7 -234 -174 -184 -89 -39 -50 183 243 -183 172 211 25 -112 -92 -146 -84 -167 104 218 -220 144 -200 -206 54 168 -225 -193 -150 29 -8 171 -51 195 -100 -21 -182 -43 -9 -3 0 -102 -144 193 246 178 -216 159 -64 -235 -132 -48 57 26 235 -172 -116 109 -68 88 
TEST 97 ARG:-59 33 161 -91 -82 139 37 -190 4 182 196 23 -108 -30 132 -102 -131 -10 -94 16 129 -240 189 -77 111 -144 113 -90 210 -215 -81 237 54 244 -111 -208 -147 -12 247 146 -110 -27 26 -189 222 170 -247 42 178 -183 217 238 -50 127 -61 24 -55 -161 124 -186 108 -130 68 -122 206 53 -121 -219 107 -8 202 -164 15 -218 -209 -117 -123 145 -149 -96 147 58 -249 -230 73 201 149 -2 82 61 122 32 187 209 -69 35 188 80 -46 150 245 112 -99 -53 -49 -5 130 104 -145 -233 12 213 -112 -13 50 243 -79 -148 64 29 -222 -146 -25 74 233 -231 -22 -28 -68 94 45 -221 -115 205 -48 -78 160 184 163 90 -184 -3 -142 208 -228 -206 156 110 14 -199 157 -107 -88 114 -195 -248 -116 99 218 211 -106 76 106 -212 241 180 83 85 17 86 -187 -152 65 -63 77 -192 57 -185 -100 142 138 164 219 97 41 -20 -155 -193 -89 -178 79 51 235 70 8 -211 -176 3 176 -166 -19 -201 212 117 -113 155 -197 -188 -41 -34 -156 91 -158 200 -141 100 -136 223 21 22 -224 27 -52 -14 166 -92 -242 -47 -151 152 -66 13 177 88 102 -129 -138 224 7 -196 -204 231 172 75 183 -168 -223 133 -15 11 -18 30 -64 -23 98 25 -54 236 248 20 -194 -203 -39 -67 162 38 -24 171 -198 214 -119 101 -72 -239 144 -200 148 -227 -70 44 -51 93 -9 -244 136 -87 118 216 -170 -103 -171 47 -83 215 39 232 -32 -114 -237 81 19 -202 -229 -207 191 121 -214 -35 190 -97 -21 103 -65 6 116 -95 -85 -101 -139 169 -133 -162 120 203 -45 135 -84 -132 -120 -42 -177 153 105 -246 131 60 52 197 72 -1 -56 -26 -220 -58 193 -44 -6 185 -174 -40 0 -71 36 -4 229 56 55 -98 199 173 249 225 -74 -36 -16 128 -109 -241 -118 239 96 18 126 -93 -137 141 -76 204 71 194 181 230 62 159 -86 -172 -150 10 -57 40 1 -234 -182 -179 -250 -245 2 125 -33 -135 78 -38 226 -105 -157 -80 165 -7 48 87 221 -180 -75 -163 140 -225 154 175 -235 -126 67 228 89 -128 240 -127 234 59 69 -243 -160 -232 158 34 92 -175 -210 -153 -140 109 220 -205 186 -17 -169 -134 174 207 -165 -236 123 31 227 -125 9 -37 -73 -62 -31 195 84 -216 143 -43 -154 46 -226 -60 -143 -124 -217 115 95 -11 134 179 -191 151 -29 242 192 -167 -104 -238 167 -159 -181 198 119 137 -213 43 49 5 246 63 66 -173 28 168 
TEST 98 ARG:-115 -182 -174 -143 -167 -226 -10 247 -179 -207 -153 -187 33 86 90 163 -113 -30 148 61 -213 -189 -55 -138 -34 23 -74 -159 27 -88 189 45 200 -62 75 29 -237 104 208 -53 -223 211 111 85 -29 -245 232 -119 -93 146 3 84 -152 -97 -52 -155 -23 -247 8 11 129 -89 65 133 60 132 -170 -46 -202 14 -103 -149 -114 -63 185 225 -92 -95 -80 -58 114 -243 156 116 -210 20 199 -233 -96 -183 71 80 56 69 210 -86 -90 -178 53 -177 -1 108 43 -168 -176 192 -130 -76 26 -214 -169 68 21 153 -246 161 15 170 -201 -191 -3 173 49 137 -157 -144 67 224 -229 188 -51 -241 -228 -151 -27 -72 55 157 -99 -161 -83 -82 -235 229 207 149 -106 -64 123 103 154 152 126 13 1 -134 -15 -208 92 95 83 -131 -9 -172 238 34 124 81 -26 6 -31 37 223 -128 202 5 -240 -91 -35 -205 42 -166 143 -66 239 57 190 -222 10 -21 79 -220 -18 106 36 -142 121 249 59 205 -141 7 -75 -100 214 -4 -225 193 -216 162 -184 -171 142 136 46 120 109 -209 -13 -81 228 -238 221 206 -154 -42 -59 218 -212 63 -126 -44 -118 -203 165 -125 215 167 -249 17 158 -231 96 242 48 -120 -110 -224 113 -164 -69 -132 230 187 -102 235 -122 -250 51 54 -45 -221 222 -145 87 -196 141 73 -158 -156 -104 -77 -139 -140 181 -123 135 172 174 169 -124 118 -180 -40 -244 145 -195 -108 19 -36 -50 76 62 74 178 -22 -105 91 248 -190 186 130 -192 -101 -28 25 -173 89 -116 198 -71 -236 31 180 203 122 197 -37 -61 -248 -107 -84 220 -133 138 195 66 243 12 -54 168 28 233 -78 39 -218 -160 -56 240 -146 -162 0 -11 131 -6 217 151 140 139 166 -206 117 -111 -43 -32 194 134 -65 212 -117 35 -185 184 32 216 176 -129 164 196 -19 -60 110 179 112 -188 245 -87 -147 -8 -199 191 -232 204 88 -14 119 24 115 236 22 213 -193 93 77 40 4 227 -48 -121 -49 -197 127 209 -33 -135 107 219 52 244 70 -79 18 -12 -57 183 97 -67 147 -239 -204 -163 30 72 159 177 -7 -41 101 -47 -68 38 50 94 -136 -127 -200 -2 64 -215 237 -38 44 144 82 -25 -194 -137 41 246 -186 100 171 -85 234 -148 -198 -5 -175 -94 -165 125 -227 99 -20 -24 -234 226 58 -219 -17 -16 -109 -70 155 128 -217 241 9 175 201 -112 -39 231 160 -230 98 -181 -73 2 -150 182 47 16 78 102 -211 -98 -242 150 105 
TEST 99 ARG:-205 81 -110 110 113 -188 -71 179 146 -163 -83 228 -154 165 -93 -135 155 56 94 -155 -201 117 101 20 145 -84 -34 -20 -107 -171 -221 183 154 82 -105 184 -129 118 244 -139 208 -118 77 -12 219 -138 -223 1 40 19 -30 38 207 -174 -94 -199 125 25 213 -207 -156 -236 -89 80 182 188 114 51 153 172 -5 190 14 241 23 168 -161 203 -231 -33 47 -48 -225 134 -11 -181 -2 112 43 215 147 -165 124 69 -228 -250 -74 -70 108 -36 -249 -241 161 -9 243 -220 -31 45 -136 -157 123 0 27 79 -143 -115 194 131 -73 -243 -52 -145 102 -148 -75 180 63 139 9 -172 150 99 -193 129 181 90 -183 -137 -16 237 167 84 64 107 -1 92 221 209 -234 -237 35 -144 -6 24 -19 73 -226 76 96 -99 34 -159 235 -141 -235 -117 233 -127 21 132 -45 -18 6 -21 46 -208 -65 -79 -190 -173 247 164 -133 -162 133 52 -111 234 13 66 204 98 17 -242 229 119 -57 -28 -216 201 198 75 -150 -26 -198 196 -168 -203 57 -229 248 -56 -17 159 18 100 -246 -90 -32 -194 -103 -202 68 -38 -95 -39 121 93 54 -15 -152 -41 -76 -140 59 160 -217 149 -166 53 -158 -196 158 177 -248 232 200 -91 -182 -134 -211 -130 -97 -197 61 106 -213 -77 -10 -104 137 -51 39 -81 -244 223 55 -176 -212 85 239 4 141 -121 -222 37 -23 87 -187 144 -215 -80 -72 -210 -47 -209 86 148 212 210 249 -170 -78 -167 120 189 218 176 138 -206 116 109 -240 226 -204 30 67 178 166 48 -37 -108 -106 58 29 162 128 12 -102 -85 230 -13 -230 36 33 -247 -86 -160 62 -55 -219 173 -112 -149 11 -146 130 -245 245 -232 156 -22 236 -109 -184 169 8 -92 74 -125 -114 214 240 -68 60 -179 103 151 -96 72 127 91 157 163 122 -195 -227 227 -113 -116 -200 89 -64 142 71 -214 88 31 -58 7 195 10 28 -42 -153 -25 97 -67 15 193 42 -66 111 41 -185 -177 246 2 -8 -60 -164 95 83 -29 5 -239 -128 135 224 -126 136 -40 187 -3 -62 -4 186 -100 206 65 49 -87 -122 242 -224 104 -218 -180 238 -35 -151 -192 44 -175 -49 140 -7 -50 -131 32 -189 -132 143 22 -98 -120 231 -44 -123 16 -191 191 -54 -238 202 -43 -53 216 175 -46 199 225 185 115 70 205 126 197 -24 -61 26 192 -169 -186 211 -233 3 -101 78 174 50 -14 -63 -178 220 -88 -59 105 152 217 -119 -27 -69 170 -124 -142 222 -147 -82 171 
TEST 100 ARG:20 -64 15 19 173 171 125 -225 144 -75 93 59 -213 50 40 -39 -159 152 39 -86 -11 139 30 145 186 -54 -85 63 -246 136 181 60 -66 -250 -20 -149 200 24 -162 182 -37 -106 84 197 169 -228 -150 -103 123 -56 101 -220 -210 221 165 -138 -94 -3 240 -108 -167 -80 151 117 77 -227 -42 196 57 237 28 -160 177 -166 179 -175 -122 4 -68 -214 -218 -97 41 234 -13 207 -120 -144 -207 43 118 146 -185 87 49 149 -173 231 -222 -216 -237 -242 172 130 -152 241 -46 213 -121 -230 -127 -169 -73 -172 -130 -180 242 184 -12 21 164 -69 46 131 -146 232 -115 -29 -114 154 -128 -117 89 14 244 2 48 155 -82 -199 175 74 -131 -118 -124 34 -182 236 -135 26 212 -143 150 -67 -125 222 -34 82 -65 163 -234 -74 -193 -156 -204 69 -35 36 -236 -110 -81 -21 83 -41 -27 38 115 -58 -93 -89 104 86 137 147 -134 -107 -181 -151 44 -194 -112 -177 108 76 -96 -212 225 97 -55 25 -176 194 55 -137 -119 -231 -232 166 -38 -105 47 -195 -1 -18 9 -224 -79 114 -126 33 198 -92 -183 217 99 -187 -178 5 126 183 121 -49 216 -203 -78 102 22 -219 8 -52 -24 -123 162 190 227 210 156 -191 188 1 -2 143 -95 -76 6 -197 -154 -248 218 -8 -142 -57 226 170 66 -7 67 -72 73 243 -132 -5 -202 53 -90 -179 -238 31 -241 -14 208 -61 -71 -184 -47 180 129 249 -148 153 -15 -4 -50 18 -161 92 32 23 -28 -70 233 142 -141 96 103 11 -116 202 54 -62 78 157 141 -100 176 -208 -77 -88 -170 45 -164 -113 106 -190 0 27 95 -196 160 -153 3 90 85 -102 -139 204 220 -40 109 -10 187 64 -32 219 -16 228 191 -30 -155 205 -98 -215 -99 -23 140 -233 -104 -174 148 72 7 100 65 -111 133 -31 10 127 -147 -221 201 56 122 189 13 119 113 116 71 124 203 159 128 -198 -140 -83 75 -171 -26 -235 35 132 81 134 107 224 -186 -129 -249 80 -145 42 61 112 185 52 68 -226 98 -163 -165 111 -188 -244 51 138 193 -217 230 246 -240 -200 70 135 79 29 209 -205 238 58 -44 -239 167 -229 -59 -201 195 -17 211 235 247 -43 -33 192 -19 -136 62 -189 -36 -87 88 105 16 17 -101 -247 -91 -133 -22 -157 -168 -45 -25 94 12 120 -245 -48 -109 -206 -192 245 91 -209 -211 37 206 -243 -53 -84 -9 214 158 239 178 174 229 -63 215 248 -60 168 -6 -223 161 -51 -158 223 110 199 
TEST 101 ARG:91 -146 145 202 59 -9 -175 112 -132 54 209 -231 83 230 219 239 212 -208 117 191 248 -120 -189 27 -78 114 84 7 73 -226 -88 -119 -177 136 144 206 246 -1 181 -162 -36 249 237 -159 97 214 -94 8 48 -141 -23 -148 131 77 113 203 -80 81 30 -142 -172 166 151 44 -166 3 -171 -34 -47 18 233 -124 -31 -96 -62 96 173 33 -214 -104 -73 234 -101 95 67 195 65 -215 134 149 -111 -136 72 -239 -238 -152 52 9 85 -194 171 -191 -174 29 -139 -95 -33 49 -209 -58 -248 32 -245 23 -112 -182 243 -236 186 122 -38 -232 -241 228 -204 155 75 -138 213 221 -87 12 244 231 -145 -67 -63 61 -234 -108 -50 -150 236 43 -129 -149 -198 240 167 -228 55 197 56 -199 -85 93 -176 -11 229 -24 78 -51 190 -114 -52 11 -106 -6 150 -41 148 -97 -45 -125 37 153 192 123 -211 -90 13 10 -229 -91 241 161 -71 -128 205 -169 227 184 -165 182 -121 -12 127 -66 69 110 -160 211 22 247 80 -48 135 -179 74 -178 -76 232 -202 -210 107 242 -135 -8 168 -156 -222 -81 208 217 -186 76 66 19 -21 -54 -19 -201 38 -16 63 198 194 -44 -249 -35 -155 204 24 -32 -84 111 -20 39 -113 -69 -15 -27 146 -29 178 58 174 -37 4 -195 -40 -227 -173 16 -53 -56 46 120 220 -105 -60 -86 129 223 -22 1 177 88 183 224 -103 40 124 108 125 -100 -185 -157 41 -131 169 -233 -75 -116 -180 -250 -212 154 -163 -230 -42 -25 -26 119 -55 -184 -207 -197 57 -7 -14 235 0 -83 238 -39 -183 215 -61 42 -49 175 180 -225 -4 158 -147 -18 45 126 -153 -123 130 -92 222 -144 -68 -220 -133 -13 68 64 185 -246 199 -221 102 -57 -118 86 -243 70 -193 94 -117 -99 82 34 -170 36 17 -247 28 14 -240 92 -65 138 116 133 98 47 -235 -79 188 15 -98 21 -110 -74 162 -3 141 60 160 -93 164 201 106 142 100 -115 20 216 -64 2 179 89 90 210 172 -151 71 25 -196 -140 -213 -46 -28 -200 128 -107 -130 218 101 62 207 159 200 226 -219 -30 31 196 152 -224 140 143 245 51 -158 -10 -237 103 109 104 -59 163 137 79 121 6 35 -134 118 165 -187 187 -77 -242 156 -218 147 -137 -70 -205 193 -127 87 -122 -161 -216 -188 -102 -223 176 189 132 -244 -72 -43 170 -154 -217 50 -89 105 -143 115 5 -168 53 -192 139 26 -2 -203 -181 225 -206 157 -5 -164 -109 -126 -190 -82 -17 -167 99 
TEST 102 ARG:229 -199 -47 -173 -244 -176 -64 -170 208 221 59 -84 75 244 195 154 -32 16 -80 131 -239 238 241 105 77 9 78 -61 -21 -181 -111 -237 13 -9 178 -223 -146 21 -141 -232 -139 -248 189 -132 -183 182 186 -37 227 -72 -169 -39 14 81 -180 108 42 95 -59 -115 8 101 52 -240 146 -109 138 -124 -195 -131 211 -16 -91 198 92 157 -250 209 -167 231 -54 107 226 124 203 67 -218 -95 -196 72 -200 38 -97 -188 91 26 -206 3 -67 162 188 192 -243 -147 -79 -55 7 31 -154 -127 -46 152 -160 -224 -204 -62 -89 -101 94 -221 -122 -157 15 215 196 174 -166 135 243 -49 184 109 47 103 18 159 79 -134 -24 214 -114 -90 86 -27 -219 93 55 147 164 99 -201 -20 -214 -202 46 167 237 197 -194 -56 -5 -228 -193 -187 -158 -189 -41 218 -93 -17 -112 142 121 102 -216 -210 73 155 125 33 -129 -123 -119 -63 -241 -102 106 149 19 -182 17 -197 -23 48 143 -233 -35 -26 44 242 24 206 126 181 -136 -165 -36 -98 -179 -33 -249 -126 -149 -203 -152 191 -225 169 -212 132 2 1 248 -70 90 -208 -44 97 185 -68 -2 85 180 245 232 -4 -178 -116 137 156 10 166 88 49 -222 -34 -78 -81 170 -43 153 -209 74 -57 136 96 -106 89 -138 -168 -120 160 -151 27 65 6 -75 39 -161 225 247 -162 -71 120 -66 183 144 70 -236 41 150 -217 -52 246 128 151 -229 207 139 -125 -207 239 -15 123 -94 179 113 -153 -143 -159 11 43 -85 -220 -192 -113 -234 -48 68 -247 -99 -171 -73 168 -118 236 25 112 -164 129 -156 -1 28 190 45 -7 -3 115 -50 -142 127 122 53 -144 -60 -107 -8 -213 35 -103 84 -11 172 80 171 -246 -231 205 233 223 -198 -110 119 194 76 240 216 212 104 71 -184 165 37 -18 40 -42 -145 23 57 110 34 118 114 -77 -130 -155 117 177 161 228 0 50 69 -65 98 220 -227 -128 -87 22 29 -28 100 -148 176 -31 -51 -30 54 56 -235 -82 62 130 -13 -58 217 -245 -226 134 187 230 -14 -108 140 -175 -88 173 -140 -53 249 -86 -22 12 -38 -150 -76 -83 201 -92 141 82 51 -172 -211 -69 60 -186 4 145 200 163 202 224 -133 -121 5 87 32 158 -105 235 -177 116 -185 -45 -104 58 -238 213 204 -96 -6 199 -242 -190 66 64 -205 148 36 133 175 -10 -40 -25 -230 210 -137 -135 83 61 30 -117 63 -19 219 -215 -191 -74 -12 -29 234 -100 -174 20 -163 111 222 193 
TEST 103 ARG:-216 29 -88 -241 -54 100 -96 -212 -218 45 202 42 126 -116 -44 21 13 37 246 137 -85 10 -177 71 109 105 -90 93 -138 -149 59 -78 -213 112 -34 -122 236 -209 179 -81 184 119 50 -123 183 -26 -97 230 192 -174 152 -145 -51 -13 32 1 -164 242 121 14 113 127 -70 216 -98 -50 -182 78 -131 -32 -176 -214 233 17 160 64 -83 199 -140 178 211 87 -146 -175 -20 53 97 122 44 -117 145 197 212 -133 244 57 -9 -118 124 -31 -108 -224 -30 -170 18 -134 88 172 -18 0 -173 -169 31 -48 142 224 245 198 -193 194 166 -142 -160 -194 -22 -228 -36 16 -186 187 -199 110 -210 -125 234 -62 -204 -215 34 86 123 158 -69 28 -231 -112 -7 25 144 46 -16 81 -165 -141 -3 200 38 -33 -21 180 -196 -12 151 -200 -221 218 155 66 -217 210 48 -1 72 213 -148 141 -58 12 19 -198 40 -37 -128 39 -167 -162 -61 -225 162 70 129 114 23 -129 80 -188 60 222 -105 -75 -99 -240 138 -130 -49 188 165 -53 -180 -27 -109 -91 43 -111 -232 -102 -23 220 237 -57 157 -6 -233 169 -192 -229 99 7 96 235 -156 -202 106 52 35 -183 77 -168 207 203 -206 -201 247 163 -207 -15 146 -74 -113 22 11 -100 51 -191 75 -227 -235 111 -4 215 -39 156 231 -179 125 238 -244 83 195 -11 -65 240 128 -187 -126 6 -136 204 -185 -172 90 -76 -77 49 181 -95 85 -45 -249 185 73 243 20 79 15 153 232 -80 41 191 140 -151 -203 -135 161 164 159 -208 186 92 248 -38 223 115 217 135 -205 2 -234 -178 -119 94 189 -127 -64 -106 -63 -246 -139 -181 9 131 61 3 134 -158 133 167 -84 -171 76 226 -154 -242 -73 -71 -68 117 101 84 102 -184 -115 249 120 208 58 -67 209 -43 -157 -147 -87 -247 27 -60 176 239 -195 67 -52 196 -219 -144 -132 -155 -250 -86 55 193 89 107 154 -79 229 -222 56 98 -166 147 206 -82 174 190 65 -8 132 -101 63 95 -14 69 -189 -239 130 -159 -220 -92 225 47 -24 -28 5 175 -153 205 -2 62 -226 221 -47 108 -110 -230 -93 -150 104 36 -29 -245 -19 -238 -237 -137 -121 -114 -120 150 68 -248 -190 -163 -107 -103 -161 24 26 -223 116 -66 82 -243 173 -94 -197 -89 8 -41 143 201 -56 54 136 103 -124 139 33 30 149 -59 171 -72 -46 228 219 -17 -25 168 74 -152 182 -104 148 170 91 -143 214 -55 -42 241 -5 227 -236 4 -35 -10 -40 -211 177 118 
TEST 104 ARG:228 -89 240 204 -66 159 -117 -224 -105 188 80 -163 165 208 -143 90 156 -211 5 -230 -170 -97 -113 62 -104 153 48 -31 25 -169 89 -208 -214 -231 207 41 7 -96 172 225 40 -98 -210 180 -64 -53 106 -44 53 -119 70 -195 55 -248 -181 -55 104 130 -81 249 -233 6 241 110 19 167 -84 -121 -203 -215 -182 -157 39 239 -202 -142 50 -85 -80 -34 36 -235 1 -232 -20 -25 74 135 114 185 -48 21 209 -237 37 57 -171 83 -78 79 122 214 -108 150 108 132 139 -227 -79 -238 -68 -18 -155 -151 58 -122 -51 133 -128 94 -19 26 116 -38 56 -6 -135 216 -165 227 -245 126 235 187 189 113 -206 17 195 -193 66 87 -162 226 23 44 -58 220 -47 29 237 142 -70 -86 -15 -160 0 -71 103 -29 76 35 217 202 -191 18 30 -5 -49 -174 -92 146 236 15 144 -167 -198 231 -33 69 -133 93 -219 -107 -17 -144 154 -216 -130 -225 160 -62 64 128 -179 183 -240 -57 -138 -161 -40 -201 155 -39 145 138 -82 -209 199 -200 65 -177 -91 95 161 -158 107 -239 -41 -185 -127 -45 166 243 -14 11 206 -137 33 -180 -205 -73 115 61 100 -22 -13 109 -166 54 -223 -72 164 22 245 -35 -246 -27 -146 134 191 -8 -139 -1 -87 222 81 -147 77 32 -16 219 -199 125 -152 112 -243 -116 229 -67 -74 -176 176 119 247 201 3 -168 -153 -106 177 -154 192 184 -226 -175 -83 -217 72 -164 244 -134 151 45 -207 -213 -102 20 123 86 168 75 -28 -145 186 -221 -114 98 8 34 137 60 -204 221 24 88 84 -75 190 -101 -188 -10 -172 52 -77 -244 -173 140 242 198 196 230 248 -186 -60 218 67 152 -63 101 111 9 -99 -37 -136 -100 171 -140 149 -95 -234 179 -250 -56 -242 -36 92 -111 -2 211 232 -32 -46 -220 141 194 -184 -24 -30 136 181 215 -23 63 -229 193 -90 163 -94 14 178 -110 -156 120 -197 143 -159 -21 -12 38 246 -218 -183 -178 203 233 49 147 -11 148 -212 -192 96 -69 205 -43 -54 73 238 -126 -236 131 -222 213 158 -247 -241 -228 173 99 -103 212 -88 174 -124 -194 51 -26 -109 -118 97 27 175 -59 31 -3 -149 85 169 16 -115 2 -4 13 71 224 -190 -129 117 234 -141 127 -112 -65 -120 -93 -9 -189 -7 91 102 162 -249 -50 -76 118 -131 -61 10 105 46 121 157 43 182 129 78 170 4 -187 -148 -125 -150 197 12 82 -196 59 210 -123 200 -42 68 28 -52 42 47 223 124 -132 
TEST 105 ARG:-128 95 43 2 -246 13 157 -170 -160 229 -230 7 177 -151 107 31 93 220 -212 187 -78 236 -142 -32 -44 99 -2 -60 62 46 -33 208 97 243 -86 -149 -249 218 26 59 87 -125 -141 -109 70 189 -121 234 175 32 -137 174 -98 146 141 125 -184 135 102 96 105 -74 225 89 6 -39 82 241 -197 -226 213 -159 -107 44 -169 130 -12 201 104 149 -3 -179 -231 30 -95 145 -57 -168 -61 -118 45 161 -71 5 75 224 81 165 101 -209 160 156 -238 -41 -70 179 8 61 233 176 65 -176 -29 -40 240 -222 -199 128 -234 -82 118 184 -51 -198 -140 -148 103 -21 80 -47 242 246 -93 124 -204 -240 -67 123 -80 -64 134 -5 -190 -206 -186 222 166 -30 -196 -105 -200 -248 -156 -129 -63 56 244 -126 -50 -99 -72 -6 50 -203 139 112 -220 -89 92 115 -229 1 98 205 110 171 -225 39 -45 155 66 193 -143 -136 -236 121 60 -237 -4 22 12 -166 -34 -97 168 -158 -218 -18 -177 -35 73 239 200 -127 206 214 -133 192 -31 15 -55 -23 219 -191 -117 -152 100 185 28 -108 -167 194 -131 -145 -233 211 -201 238 -69 109 34 -77 48 -85 136 -171 79 58 188 90 108 25 10 114 -27 113 0 196 -76 69 36 -106 19 -1 -94 -216 -153 199 162 140 49 85 -123 -11 -66 181 197 237 154 -244 -7 67 -223 -162 -187 3 71 38 -247 -101 -120 -113 -48 210 35 -73 231 42 -100 -202 47 -138 -207 -195 248 51 195 -15 173 68 198 122 -134 -155 72 63 4 94 245 182 -68 17 247 23 -13 126 -26 -178 -235 158 -91 -75 137 -157 143 -90 -37 -92 190 54 142 119 -83 -81 20 -119 -114 -52 -102 -194 -228 91 83 191 163 -54 148 169 -36 133 -58 -16 11 86 -147 -161 -20 64 -79 -24 -175 14 117 27 -96 249 -221 84 212 -210 180 202 -62 74 217 150 -132 -189 -17 -104 52 -9 57 -110 -213 -130 78 183 -146 172 -185 -19 -53 40 151 -182 147 -135 235 -115 -172 215 -183 -22 -150 29 -188 106 221 -25 -59 -250 144 232 203 21 -43 129 -112 -239 -193 -174 -10 53 -232 55 -224 -122 227 -144 116 120 -181 -84 153 -46 -245 37 -208 223 -164 111 -124 204 -227 -49 -14 -65 -8 9 -42 209 -38 -154 16 -211 226 -214 -87 186 -192 -111 152 33 41 178 -165 216 138 132 76 -56 131 228 -215 -217 170 -88 -103 230 -242 -243 -241 77 18 -180 -163 -139 24 -28 164 88 167 127 -219 -205 -116 207 159 -173 
TEST 106 ARG:-15 -119 -108 53 152 -54 183 103 114 249 -180 -117 -237 26 31 -234 -41 115 -177 -215 -103 -120 -106 -28 -241 15 159 156 180 -129 213 133 -68 -212 118 36 -61 -18 48 70 192 -88 -172 244 78 190 135 225 -195 -66 -170 64 -186 93 11 10 247 -194 129 -131 -143 -121 2 -150 -149 62 63 212 218 -125 -173 204 -168 208 201 -152 87 -83 -8 -20 -145 112 -95 134 -42 81 58 175 -244 -160 -202 97 13 -240 -118 -176 111 234 161 -154 -220 -127 240 -122 -29 22 -230 -110 -197 120 101 30 44 -1 162 -13 -233 -225 -243 140 241 215 28 -71 169 -81 -98 -136 168 -235 -35 -205 52 -112 127 -85 177 -183 217 -77 -166 -147 242 -86 -76 -53 110 -73 -216 -10 126 188 -246 -206 -64 -16 -99 164 -130 24 248 -226 -135 141 18 32 -24 187 155 -36 216 -138 -104 -148 185 174 207 55 196 23 83 -57 237 -248 56 -192 233 -94 -30 -39 142 -139 -159 109 -204 67 86 -151 132 131 -156 -210 151 6 -109 51 -97 -92 -91 -34 229 -78 -89 -185 -114 9 -174 138 -245 5 -22 3 -189 -72 -33 95 4 200 -175 -163 -107 -169 182 -249 -32 -164 -161 214 220 -46 -228 148 -45 119 199 -178 -27 -236 -47 77 -38 107 153 94 124 143 191 -60 -207 38 232 85 19 49 -190 116 -48 105 171 72 117 144 157 69 60 -43 -12 -90 202 16 -116 179 42 66 227 91 245 -6 198 195 137 -217 149 184 136 210 -133 41 -55 -184 139 99 -203 -232 -238 8 221 -153 -25 125 -187 158 181 -200 235 -70 14 173 145 178 -198 -123 -59 7 186 -52 59 205 -142 27 47 29 -227 -229 172 -218 -221 150 189 -224 21 226 82 -14 165 130 -231 -26 -105 239 -115 211 45 -75 222 -87 -181 73 -4 61 75 -11 -56 104 65 76 -213 54 -247 -158 68 -3 -2 -63 -126 -93 108 89 -223 50 43 92 231 -132 -222 96 -67 1 -219 -128 -23 -214 33 128 34 -124 -84 40 243 -141 -31 88 0 236 -100 -191 98 -49 -157 228 121 -182 -162 -239 -50 194 57 122 -211 -165 154 193 224 -101 -96 -167 25 106 238 147 146 203 -40 -201 -188 166 74 -17 -111 -146 246 20 223 -69 84 -19 -80 206 39 37 -250 209 17 -171 230 -9 79 12 46 -58 -209 -7 -144 -196 -242 -134 -21 -37 176 123 -102 -62 102 -82 100 -179 71 90 -51 163 -155 197 167 -5 -65 -208 80 -113 -199 113 -79 219 -44 160 -193 -140 35 170 -137 -74 
TEST 107 ARG:-166 154 -161 6 166 -104 -111 248 -110 -233 -52 167 -42 200 219 225 48 161 -79 97 -12 172 232 -24 -235 144 -122 -9 -87 -191 36 182 -220 -228 67 18 205 176 3 70 -238 -187 39 -113 119 -2 -134 -209 -247 -188 78 226 -28 243 84 20 68 44 -63 -250 -81 162 -95 -36 -105 134 221 98 113 -201 63 151 106 147 -183 249 82 -227 -179 88 228 202 -125 -157 24 -126 187 -114 -182 -169 -162 -176 -180 189 -78 -37 109 -54 -66 -155 175 73 138 -194 126 -102 19 -140 -22 -240 43 -92 141 102 -20 177 62 -217 7 -189 168 76 -141 -72 150 186 -219 -108 230 42 -144 -207 185 47 -138 -21 -192 -8 194 107 53 0 21 111 118 140 -133 153 46 237 -130 -19 125 -137 -156 216 101 223 -171 -145 -197 92 8 -41 -103 -214 124 155 85 201 -84 180 -136 -26 149 131 -7 163 -236 -89 -164 -56 -123 -158 -142 -1 -57 -181 -77 -30 26 83 -53 -96 34 -6 -239 137 -177 -242 -73 -184 -175 145 -99 -196 -68 -31 193 28 22 -230 -107 239 195 192 66 -120 54 -174 235 61 -132 -115 -74 116 75 136 -232 -146 -60 181 58 -11 198 -109 -97 215 45 -4 -148 240 60 -159 10 -106 -40 -143 -55 159 234 99 -225 -16 12 -129 37 -65 -17 33 -119 -69 -100 -139 64 128 -59 -50 110 -39 94 -80 -168 222 208 -204 -244 -149 72 -10 -71 -90 117 123 2 -246 112 -124 196 -82 244 87 -58 207 -248 -112 -223 93 -150 69 188 -3 191 -47 -128 -153 4 146 17 -29 74 199 -88 -83 -211 -23 -13 115 104 105 245 5 -205 -51 65 -222 229 197 13 -241 23 -163 238 -229 25 81 -224 152 169 213 -203 -25 1 173 -154 171 120 -215 164 79 241 -200 51 170 203 35 -86 -38 -70 -33 224 227 -14 -75 -170 -76 190 -178 156 -221 174 -131 41 -32 -210 103 233 57 -152 -118 -18 16 -165 246 160 -116 100 142 49 -213 -135 -67 130 59 29 -172 -212 -127 -101 9 122 -216 212 114 165 -93 -48 38 157 -64 -5 -27 86 -43 -49 56 -249 -147 -121 90 135 -186 50 218 132 -61 236 15 -15 11 143 129 247 31 206 127 -206 -245 139 209 108 -226 30 -193 220 179 -218 231 -45 -234 -190 210 -202 214 211 -117 52 -98 14 -198 -208 -167 -237 -185 -35 -160 -91 -44 32 27 96 -195 91 -151 148 -34 184 158 55 204 133 -173 217 -62 -85 89 121 -199 -46 -231 242 183 -94 178 -243 77 40 80 95 71 
TEST 108 ARG:-75 -13 -191 -8 232 -45 -50 92 166 -20 -113 190 49 -215 -9 236 -142 -197 200 121 -240 -151 -38 103 144 70 223 149 -223 -211 -114 -233 30 -18 63 202 159 -39 91 44 -203 -156 -55 117 95 -107 5 -201 -110 108 113 218 -182 90 158 80 -91 -54 65 211 -16 -152 27 119 -205 -10 -14 -250 -161 -128 -196 -60 -243 -23 175 -67 164 127 35 83 -98 -94 -78 -235 104 -227 170 178 39 135 -93 15 -145 94 -116 -2 88 -22 -214 228 -69 125 -111 87 21 -171 -61 74 161 -48 -184 172 14 -11 234 -193 132 176 249 8 191 7 216 -178 -185 -147 151 -19 38 11 128 26 162 -200 23 -183 -144 45 189 229 16 -12 -159 -122 169 -237 -76 97 -119 -15 68 235 213 -146 181 210 101 -82 233 185 -136 -121 -26 -164 194 156 231 -202 131 207 -166 -105 143 -129 79 -249 96 141 111 -176 37 -65 110 72 99 -46 53 -34 -68 -64 118 -123 -58 140 -59 -222 -21 112 230 -174 -32 -96 -167 -17 -141 126 59 100 85 -157 1 243 242 -28 -154 -52 -225 129 -219 217 -106 -44 -217 67 238 -72 -130 78 -234 -204 139 -236 167 41 212 -170 227 186 -63 -101 -62 -239 89 66 -135 -245 -198 55 43 -41 -160 124 -218 6 -155 76 64 -88 22 -228 -103 146 237 -102 197 182 -210 204 -232 147 219 -231 -224 150 -168 77 -118 209 0 71 -33 -80 20 -40 -216 -24 51 -1 244 -99 58 -89 -57 -117 -221 -226 62 -87 93 -244 -242 136 -97 86 -220 4 -158 123 183 19 12 245 133 -188 195 239 -173 105 -229 -138 31 130 225 -169 -189 -175 -7 -51 115 122 -79 171 208 -25 84 -230 69 3 -187 177 -163 32 50 -181 -162 -104 160 -42 -108 -209 -84 240 -83 -134 -56 -81 -29 145 -248 -247 24 -71 -137 -192 -92 -109 -95 199 192 224 -47 221 180 173 215 -115 -212 174 -241 106 -195 -148 248 81 73 18 -153 198 -143 -124 -238 -180 153 -5 102 25 -140 -85 -43 13 214 -37 61 -179 -133 142 152 -36 -35 184 -66 -74 203 246 34 120 36 98 -172 220 -206 206 168 155 157 -112 -207 -165 -100 247 222 163 -199 54 -125 56 -77 -30 154 137 -90 2 -132 -194 -208 9 187 107 -86 10 179 60 148 -120 201 -31 -49 -131 226 17 28 40 -70 116 42 -139 -246 -186 -6 109 -3 -127 196 241 57 47 -4 52 29 46 138 -190 -149 -150 -126 -53 48 205 134 -177 114 -213 165 75 188 193 82 -73 -27 33 
TEST 109 ARG:-41 -181 -77 -19 167 -186 71 -109 107 -112 -160 211 -107 -57 32 52 182 2 118 246 -47 84 -240 171 -74 206 -142 213 230 42 -250 -139 -220 -201 -199 -216 -173 -10 -80 115 -242 185 195 45 65 31 -213 -175 212 165 -145 -233 228 -228 -230 -69 220 113 15 126 122 -104 -244 140 18 14 -235 -125 -12 -204 92 -177 169 -119 -25 -28 131 -151 -134 -184 183 37 -172 -3 -166 101 -113 7 -39 -9 61 -103 -182 114 -149 -161 123 160 -193 -62 -122 -171 245 207 29 -148 -87 227 -167 132 23 35 -162 190 43 56 120 159 -33 -97 -221 -67 91 124 67 -194 -46 -14 -236 -29 102 51 210 151 181 -146 -55 -153 157 -43 10 -70 -4 150 189 199 -138 -243 235 142 225 95 166 -90 139 -150 128 -108 25 94 12 -64 -40 161 -52 154 232 -192 41 -141 -15 163 -206 -82 8 -180 111 88 -2 -118 -178 216 -117 -24 244 184 -98 -21 40 -225 -124 -131 197 -130 -210 -26 242 -189 149 -30 177 -247 -49 -196 110 203 -27 -111 47 21 -123 219 24 209 -63 186 233 60 -34 -50 -174 -94 158 -32 -13 85 -115 78 223 215 -44 -200 119 -85 201 34 172 -152 -65 -1 13 -36 194 -81 -176 178 -127 108 89 -137 38 191 80 4 -165 -79 36 64 -237 -133 127 -121 -84 156 116 81 -48 129 -88 -59 -191 -226 -73 76 218 238 109 -185 -205 20 -241 16 162 -126 90 152 -168 -5 49 -218 134 -248 -95 -188 -68 72 -101 -156 11 100 217 -187 214 74 125 -96 236 -143 188 82 -203 -20 -6 73 -239 192 121 175 136 104 -86 145 -212 148 59 -246 239 -66 17 70 -92 -207 198 -91 62 205 -224 -154 -219 0 202 -232 153 22 193 241 179 19 112 226 -93 -61 46 -163 -83 -164 -45 -234 -214 83 -89 -60 -179 -209 -208 187 -249 -16 137 229 -245 33 -7 138 164 -51 53 -37 -170 133 66 -169 5 -11 249 -106 63 248 -140 168 77 -190 1 155 224 -22 -217 -54 58 79 -211 -23 222 -35 103 -215 234 39 -144 -53 -105 86 -71 28 -231 247 -198 240 -116 105 130 96 -227 50 87 55 -223 170 208 -100 173 -158 200 243 -56 237 -155 57 99 -99 98 -159 135 -42 9 27 -222 3 6 -229 -197 75 146 68 143 174 180 -238 -147 -202 -31 221 69 -110 -78 204 231 -136 97 -75 -76 -102 176 117 -132 -157 26 196 48 -18 -38 -195 -183 147 106 -128 30 93 141 54 -114 -129 -72 -58 -135 144 44 -17 -120 -8 
TEST 110 ARG:163 206 -62 -11 -239 -30 45 -94 7 -83 20 194 238 186 161 40 -22 -64 179 207 213 -51 -185 -115 -26 93 63 56 111 70 52 102 -135 -250 221 159 230 -230 -204 -49 75 -226 87 10 -143 -216 49 -78 176 -131 203 -13 -1 48 -219 -228 -2 -161 -200 -29 201 -52 -244 -208 -190 -95 -61 170 -238 -188 -213 191 187 -15 -186 107 -209 -177 -227 108 -169 67 -96 118 -125 171 -174 -134 -55 -39 13 35 -109 -80 92 -81 -187 150 135 28 -165 158 11 168 -108 -170 47 245 104 -194 46 -164 -31 -152 74 -163 249 59 -245 -189 -71 91 -102 18 142 77 132 -225 246 50 204 139 197 -211 112 113 174 -46 -196 -76 215 164 -36 212 130 144 149 9 -191 85 -179 54 190 62 -105 -206 167 100 232 -195 148 0 -90 -37 -229 24 2 97 80 -75 235 25 199 -220 38 81 -232 -155 -126 -45 -237 243 57 -153 -100 -27 84 165 -85 247 -182 58 -145 182 208 -8 124 146 -33 -5 -147 192 43 -243 -86 153 141 -101 -123 226 83 214 -180 106 -234 33 -183 122 -146 143 98 -150 193 89 -114 137 -207 64 -21 216 19 -113 237 6 -7 -142 -42 109 -43 -162 -140 -116 60 -171 -40 -97 -84 -130 236 -48 31 151 105 110 -205 -58 -168 30 160 189 -20 1 -235 242 -9 -132 173 233 227 219 37 217 88 218 -136 184 248 -247 -3 -63 -203 125 -107 14 -32 -60 78 -149 152 68 157 185 -120 -217 -159 4 -241 228 117 -233 29 34 66 123 -141 -53 72 90 231 -127 -106 -198 119 126 101 96 39 -214 229 -222 -28 128 -181 145 -121 -192 -91 71 225 -221 -119 -73 -156 -69 166 -68 55 210 -17 -246 69 -176 -6 41 244 -148 127 169 209 23 12 120 53 73 211 -197 -74 -99 147 -249 21 -128 -44 95 134 177 -93 -72 -41 154 -215 220 -193 -138 16 188 -178 -158 180 65 -173 -210 -112 -139 -184 -87 -79 175 -57 103 -35 -70 -144 82 76 -89 94 8 -18 -88 -202 183 -65 -56 -98 181 222 200 -129 136 -199 -151 -14 -240 -124 5 -19 -137 178 99 -118 205 129 156 -224 -25 -24 -34 -67 -175 196 22 202 -201 -212 114 -172 -16 44 115 138 -104 -38 -218 -236 -77 234 -54 172 -157 -82 162 -117 224 17 -50 32 116 36 51 -23 -122 61 86 121 -160 198 -166 -92 -167 240 -59 -133 -242 195 26 27 241 -12 133 79 -110 3 -4 239 -111 155 -248 -47 -10 42 -223 140 -231 -66 131 223 -103 -154 15 
TEST 111 ARG:155 -127 81 193 -116 23 -57 173 -21 -184 54 16 148 178 -15 -227 -103 -14 243 40 -58 187 177 -76 195 -226 49 -108 -101 -245 -84 -236 94 234 -96 201 -121 -70 -216 -30 194 135 55 -166 -17 -234 22 108 -211 91 -149 -148 154 -162 -163 142 132 37 129 214 66 244 -13 -124 -203 -204 99 105 -68 -188 169 86 192 -85 -31 209 -131 -167 -56 -18 15 -5 -37 63 -89 -156 -218 -50 211 189 226 -11 212 185 147 -59 181 237 -26 -46 152 183 -138 127 227 -53 -72 83 145 -178 -120 144 -128 128 113 111 -190 -79 18 -99 -220 85 -91 151 -195 245 -249 190 -192 -115 -193 -196 230 -51 58 175 140 -248 -141 36 62 231 163 171 248 238 -238 -235 213 42 -125 218 5 64 -209 11 109 -221 -38 75 72 -100 -41 -136 31 78 -223 -210 60 -88 52 -27 -231 -114 153 -7 -29 137 120 -243 -229 196 200 -92 246 -160 -105 -232 9 241 77 -4 141 150 -157 210 -117 118 -12 170 29 165 188 59 -82 -179 168 -154 87 21 -153 249 -107 -194 -24 45 53 70 -207 -205 -113 47 133 -32 103 -230 -237 50 174 -43 -202 -8 -159 -95 -151 -47 80 107 -33 96 -133 38 -126 -69 7 -140 119 88 -63 -81 -6 -20 -55 -93 -182 41 12 69 -228 25 -197 -201 44 -75 -9 143 208 157 166 146 97 -42 -48 71 51 20 167 -147 -222 -118 -60 -247 -161 3 139 159 182 2 -165 -71 136 112 -74 68 76 172 -146 197 -239 46 130 -219 -73 -61 90 -200 -189 180 -244 -110 43 13 156 -25 65 -98 -187 -242 -250 74 -213 95 -172 -183 122 -112 -22 93 -145 -241 179 199 -36 -39 1 138 202 -102 -142 205 149 198 -34 164 82 30 225 106 48 121 191 124 235 98 -174 -65 -181 -97 -169 184 232 28 -35 -90 -191 228 104 -246 92 126 10 -54 35 204 -186 -104 -130 -170 -78 -143 34 -77 -106 217 57 -67 186 -62 -111 242 -177 -28 -66 -155 219 -132 -83 -134 206 224 -3 221 117 -64 -168 79 -52 223 239 -214 -86 -150 -152 -109 -240 -217 161 -144 -139 -16 -180 -208 176 101 27 215 4 207 110 32 -135 26 -233 -199 116 -137 -119 -45 24 -185 -158 -175 -206 0 56 222 8 -171 -212 -87 115 -19 -122 -44 -2 -198 73 114 -176 162 14 -49 236 -164 203 233 229 -173 39 240 -23 100 131 216 160 220 -80 -123 67 247 102 123 158 -94 -225 17 19 -224 89 -40 33 -215 125 61 -1 134 -129 6 -10 84 
TEST 112 ARG:-36 -142 -170 -52 27 -45 10 -231 66 -193 -108 220 -35 174 226 -25 -8 147 -51 72 208 -95 135 217 -153 -6 -2 123 203 -111 50 8 181 -37 -169 -116 -162 -223 -105 136 -96 71 125 229 -47 47 -98 81 155 159 -109 228 36 82 52 -67 237 -246 -220 -18 249 -16 -106 -210 161 39 164 -196 205 -71 -204 223 -20 -192 -31 46 -73 146 -225 202 129 16 -166 4 127 176 -17 134 180 206 -43 -184 -66 29 -11 -107 -69 232 -138 7 -29 -234 124 -240 -119 -126 -104 126 -238 -206 -70 -46 -40 -118 -228 140 -80 -143 -226 103 96 106 137 119 128 -123 -86 -215 1 -171 -211 -30 -190 -92 -250 -179 -167 238 210 -56 -139 234 99 -49 -218 231 162 -176 92 216 -55 -77 56 70 -61 201 225 -181 -203 212 -122 -121 -165 -15 242 196 -68 105 -224 -74 91 -22 6 221 -157 246 172 244 112 190 42 23 35 122 175 -140 115 -76 90 -189 11 -178 -150 -91 95 -26 -53 -222 189 -110 26 145 9 5 22 -155 -152 74 -90 -7 -125 108 143 204 -132 -10 -227 156 98 -158 171 63 247 109 -249 -229 192 187 -195 37 158 -33 -156 -100 62 -65 -134 -199 17 -24 102 24 -113 48 -205 -133 -127 168 245 186 157 194 33 -194 111 51 73 -60 76 197 -177 69 -130 -88 -175 150 -112 -201 191 44 -85 -93 43 -145 -79 179 -213 -149 -94 18 -188 -135 -214 -182 -207 236 200 -198 64 -147 14 224 -99 117 121 -9 60 218 -120 -41 -247 -1 -14 87 131 58 -185 -87 -84 84 152 215 185 21 139 173 79 240 133 -197 214 -219 166 -103 -160 -12 61 -159 132 53 -59 -186 163 -27 116 199 -241 248 -62 233 68 -115 -180 97 57 67 -64 0 -3 -191 -102 142 93 59 2 -148 45 -245 13 219 110 94 -34 198 -81 -5 -141 -173 -97 20 -101 -212 -89 113 -129 55 -183 75 178 -154 101 114 -164 149 -136 -44 100 -128 230 -32 239 30 31 -82 -42 241 -144 -58 -124 -117 83 169 80 -39 151 -187 130 -237 77 -151 -168 28 19 -114 25 -161 32 -216 65 193 -221 195 40 207 104 -202 -209 153 182 154 148 -38 3 -200 85 -242 15 78 138 -163 177 167 -174 165 -232 209 222 144 -248 -131 12 -4 -137 -19 184 -217 -230 -146 86 -72 -172 107 -208 213 34 41 -23 49 -21 141 -28 160 -235 118 -244 235 188 227 183 -239 54 -233 88 243 -83 -75 -63 -13 -57 38 120 211 -243 89 170 -48 -50 -54 -236 -78 
TEST 113 ARG:73 77 59 94 192 -209 -159 -210 -184 -161 86 -60 100 180 -4 -1 -79 161 -128 204 11 43 198 143 197 -212 149 -208 -69 208 -193 -135 129 224 -75 -234 194 242 3 -139 -56 -70 -33 -232 -3 -175 79 27 29 -109 125 -205 -98 -81 -115 112 -121 127 26 -142 -47 -105 -165 63 -239 249 122 -221 -197 -46 -196 227 -170 -222 183 -86 55 -245 -157 16 -146 -226 195 -240 -133 -119 -160 226 51 103 -229 106 67 39 170 -99 -108 5 239 213 126 132 146 245 116 178 130 36 -132 105 18 228 -44 -31 -80 139 189 -59 -52 56 107 20 -174 -154 -117 15 177 238 -10 -241 -35 175 -138 214 57 221 -65 -38 -92 247 -66 -179 64 -147 -120 114 9 -177 222 85 -42 -26 -2 -186 102 113 -37 -148 231 -11 30 152 -39 211 -58 -126 -57 -114 141 -203 -16 -118 237 -8 215 -198 104 184 -141 -22 -244 205 -168 -173 -54 -130 -134 -103 140 -172 -84 160 191 -171 -176 156 -21 -223 -182 -64 -125 61 12 34 48 -61 69 -164 -78 -50 -17 136 -194 -217 -192 47 151 -111 190 -183 218 199 248 235 217 46 -63 -185 -127 -199 -136 19 -49 -216 -235 -188 240 -230 181 -7 230 202 -76 108 -250 -51 101 -211 -190 223 65 -12 90 71 241 -215 157 138 148 -74 155 44 150 -116 54 -55 159 31 -97 45 -36 -220 -91 -153 229 92 21 -201 58 128 98 -95 -29 210 176 119 145 163 -77 236 -14 -156 2 179 -214 -224 -34 118 -131 182 -202 -32 -140 220 78 121 -87 168 97 -20 -180 -225 171 165 -236 219 -93 -102 -23 -25 35 206 -13 -169 -219 193 88 -100 -162 62 -187 -163 -101 0 109 -189 -231 -18 134 120 -110 186 33 196 201 174 117 -113 93 -68 14 -40 232 -24 246 -155 169 216 -237 70 144 164 75 -53 25 -62 -227 -248 -124 -149 40 -166 -82 -72 -143 -96 234 203 -45 -123 89 173 7 81 72 -213 53 -122 84 37 74 17 -218 68 233 -158 -6 200 -152 244 -181 -242 -27 -151 -206 24 243 13 50 6 41 -150 -207 -243 66 -129 -145 187 -107 -228 -28 158 22 225 115 96 -94 60 172 -249 -191 -73 76 80 -137 23 -204 -67 38 32 49 -43 188 -89 133 8 -9 -238 131 110 42 87 -167 -200 209 153 82 -88 212 -195 123 124 4 -247 -104 -85 -5 -48 28 162 167 166 154 -178 207 -233 52 135 185 -106 10 -144 -246 -71 147 142 83 91 -90 137 1 -112 -15 -19 111 99 -41 -30 95 -83 
TEST 114 ARG:-188 29 -175 236 156 89 -17 -83 44 -170 -179 -199 -232 -53 -89 2 -95 68 208 235 -249 -29 128 24 -121 7 101 -68 -124 -7 87 -176 180 176 186 122 243 83 9 -97 -164 138 27 182 211 15 214 212 185 -224 -135 135 -1 -21 -142 -210 45 -115 197 -172 219 -242 165 -119 42 -42 239 184 169 -71 -198 249 170 -114 92 -157 -233 215 -67 38 -41 -49 69 -31 -129 -192 37 227 25 234 -238 -13 210 192 -193 242 -196 -195 6 -239 -102 -109 -98 46 49 -104 200 -227 -231 -117 56 8 -155 80 -181 -76 -107 -110 14 174 -177 -62 -167 -191 60 -152 12 -35 -108 -178 -72 146 90 95 132 -159 72 36 19 61 -91 -205 -203 -128 4 -75 48 -12 -44 -18 173 177 202 204 187 35 -51 -82 -33 118 106 -14 -55 -81 179 160 82 -120 94 116 245 -103 -79 20 64 93 -39 107 -93 -189 246 -8 -208 23 -138 -26 190 -187 -183 -34 -229 13 216 43 28 5 -36 58 241 63 -211 -47 77 166 -126 228 0 167 78 -66 -201 -228 -74 88 -132 198 209 229 -154 -111 218 -140 225 53 26 125 -40 -73 17 223 85 -87 213 158 -106 205 -160 152 139 -78 -163 147 -151 98 75 -221 233 149 112 -5 -215 171 79 -244 178 -237 163 123 111 -123 73 136 108 -194 -16 196 -241 172 51 -43 22 -185 203 143 -173 -216 238 -46 -171 134 207 -50 -148 -143 126 188 142 -197 -207 -156 -25 -130 -212 -11 -60 -19 -94 -153 62 52 193 105 115 -206 -184 161 -80 -158 -209 84 -24 -85 -222 119 159 230 -190 -92 117 141 39 175 11 100 -84 34 -22 194 -88 120 54 86 -223 -57 -127 -139 -125 -70 -28 -131 -219 231 153 -240 -137 -169 40 -101 -52 81 10 -45 -150 -56 110 124 91 -136 222 144 -20 104 99 -180 -90 189 18 -6 206 -225 154 137 -99 -204 -4 -65 157 121 221 -122 -9 -230 226 151 -118 -23 -146 199 162 130 248 -213 -64 -15 55 127 -48 71 191 97 96 59 33 -162 -236 164 -147 244 -174 102 -63 -38 -161 -69 -245 57 150 224 -96 -168 -243 -59 109 -182 -27 -149 -200 1 21 232 -234 217 30 41 -145 148 247 -3 -58 -134 70 -32 129 -144 131 -226 -112 -246 -218 47 114 -10 -37 3 -100 -166 76 -220 201 -105 -250 -217 67 -61 -2 -116 -113 -86 181 -54 74 50 66 195 -165 240 31 103 220 183 -186 16 145 -202 65 113 237 -214 -30 155 -235 -133 32 -248 -77 -247 133 140 -141 168 
TEST 115 ARG:237 104 -5 248 13 35 73 -149 7 66 203 17 -129 -180 74 -91 -218 168 -230 167 123 -207 -155 -38 -157 -161 147 78 133 161 -33 -111 -173 46 -31 179 -7 -64 -138 229 99 201 134 -93 -16 228 -60 -3 -67 155 47 -11 171 -238 -74 190 128 -201 71 -249 145 -4 140 -222 -72 87 176 97 -184 -97 165 150 -15 157 -190 -200 184 112 50 -101 -152 -176 -28 -211 -130 -134 -171 72 59 240 210 118 -156 -23 -219 -145 -223 27 53 54 -9 127 -105 -235 -44 122 -1 45 -224 -185 211 129 178 173 193 163 -194 8 -179 109 48 -193 -131 114 -80 241 26 230 200 -236 -160 -82 182 -188 -208 57 -52 -168 -159 -210 -65 217 194 222 234 -163 39 88 125 -94 245 75 -133 -50 76 -146 -140 -250 138 -13 238 82 -127 21 -242 68 40 67 -206 11 117 -35 189 -108 160 -241 137 231 -90 -45 144 -112 -216 -174 121 20 12 192 151 -123 -78 244 -228 -68 -54 220 111 -19 29 249 216 -167 -141 124 142 -154 -40 3 -166 18 -172 -98 -143 -169 -183 -109 -121 -58 205 -225 -181 159 -85 -115 41 246 -124 162 -99 -221 -30 -100 218 -63 -135 -88 89 -175 136 154 -118 -212 0 65 -189 152 -213 95 61 -244 102 60 96 -122 -186 51 -197 44 77 219 -202 135 -20 -239 -73 -198 204 223 120 -132 79 16 -17 -79 196 -240 -21 183 85 131 43 -144 -162 -128 93 215 -204 -247 62 146 149 -106 84 -195 90 37 236 -61 34 15 197 33 -86 -113 -226 -214 -104 23 -158 58 -125 42 24 187 -27 5 103 233 -126 14 56 -37 225 -12 110 247 83 -231 101 209 -137 188 119 221 -6 -69 -107 -229 -53 -18 -2 130 -147 -178 169 132 80 -234 -8 64 19 -36 180 -39 143 208 -22 113 -217 -110 -89 49 -191 -232 -70 -205 -95 232 -199 -49 -46 -150 227 -245 148 214 -153 6 -164 -243 174 -116 175 243 94 242 55 158 31 2 166 -29 115 -48 -136 105 -182 -120 170 32 139 100 -103 -142 213 206 98 63 -233 177 -71 -114 22 -59 -34 -248 -165 69 -81 10 195 -57 -187 -32 81 -177 -119 -75 -24 181 -246 -192 -170 224 -42 141 4 207 -77 -237 -196 -76 36 239 52 191 -14 -151 -51 92 -83 -209 198 91 -215 186 -56 172 -227 199 -66 -10 226 -26 -43 38 -87 -62 -117 126 107 185 106 -102 116 -47 30 -92 70 -139 -84 202 28 212 164 -220 1 -25 -55 -41 9 108 -96 -148 -203 153 156 86 235 25 
TEST 116 ARG:-210 -68 -27 -117 12 -196 -120 -10 108 247 -219 -45 -141 -211 -67 127 -126 -179 168 -152 -134 7 -233 188 -221 -52 -17 75 -245 -213 44 -19 145 215 -132 173 -163 -77 141 18 -175 -209 63 34 -224 223 41 241 -140 99 -178 -188 -147 -157 79 105 166 224 104 -12 245 -76 -206 76 39 -81 211 -231 214 -239 56 27 -222 -31 -23 196 -83 -191 183 -220 -11 65 29 -6 78 -177 170 -94 -43 38 151 -44 147 -182 -35 43 49 209 -176 30 -205 197 -49 -223 216 90 91 -226 -50 106 139 -237 33 -73 134 54 -72 -60 93 111 -53 125 124 102 195 -7 -54 -173 72 -228 163 -187 46 238 142 119 -218 -229 137 -184 -234 -89 120 178 15 165 67 152 -197 133 -113 -144 112 -216 128 221 -13 -235 -21 -15 -40 19 110 -186 116 234 131 182 -2 154 83 115 -161 -112 17 -183 -92 -198 -242 51 228 227 25 -64 174 171 184 32 230 -46 -47 -167 28 -172 175 -166 -101 -207 -36 -79 237 -148 -241 60 -58 159 -185 -82 -24 -238 -85 -181 -4 -247 -51 -192 -129 -38 -106 201 66 -30 92 98 172 -80 -137 185 -14 21 80 164 167 -109 -230 -110 -74 14 -97 -236 -171 68 217 -34 204 199 132 -130 -194 -202 -37 150 156 94 -104 -232 -103 74 59 42 246 62 206 186 212 187 -119 -146 191 -116 239 140 -5 222 155 -195 -78 -118 -162 -32 70 146 96 97 50 -145 -142 -42 -204 121 -168 -48 36 -62 -217 -65 -190 0 229 161 -212 235 86 -160 157 208 45 126 243 -61 64 -125 -240 77 3 162 -39 205 101 169 177 176 69 -208 13 2 16 100 189 -96 123 -26 -122 -249 -215 -28 113 -59 107 -246 114 52 244 -159 136 31 179 -143 89 -9 213 -100 220 -71 -155 -136 144 242 -225 -250 135 -243 -123 -57 218 61 -87 81 202 -153 -135 194 160 48 -138 -70 -66 181 -90 -88 -193 84 232 -25 233 -164 -180 -115 -200 85 130 -149 58 158 -20 -114 203 -165 35 -107 4 73 -128 71 -174 153 109 149 -244 22 26 -3 -75 -95 -169 5 57 117 148 -108 -1 248 198 6 95 -105 10 -98 -121 180 -84 -18 219 -8 -124 192 210 -199 -93 103 24 -102 55 8 240 -227 122 11 53 193 -33 -133 -158 -214 -139 226 1 231 -22 143 -91 -170 236 -131 37 -55 -150 23 -156 -189 -86 -151 -56 47 -41 82 -16 118 -111 -63 -99 -154 87 249 -201 -203 225 9 40 138 200 20 207 -248 88 -69 190 -29 -127 129 
TEST 117 ARG:56 -41 108 -107 -58 -78 66 225 154 123 -74 -120 -25 42 -170 -205 -190 96 214 212 -201 80 -1 88 192 92 185 151 97 -56 245 -245 -94 -26 201 221 142 134 213 115 -162 138 -106 -64 81 70 18 132 7 11 -75 4 -124 82 111 248 -116 -19 242 -171 -23 64 -65 -90 198 78 -9 110 236 61 49 -39 215 55 -138 181 26 183 33 -103 -53 -12 -151 226 -150 195 135 109 240 48 170 -152 -22 -32 -4 -21 161 -42 207 -114 100 9 122 -194 217 21 34 -16 -77 197 146 32 239 130 -96 -229 -133 172 57 -134 69 -177 -241 116 178 -225 -112 223 -220 -126 -113 241 171 87 -136 211 -27 -159 -179 244 -48 -204 -158 -59 -17 -250 59 -176 -184 -3 139 -185 63 -207 190 93 54 -174 -60 -221 -239 15 220 -35 17 193 86 143 -14 73 137 43 27 91 14 -237 31 194 210 -82 157 -50 -104 -140 -236 128 243 -206 -228 -2 -129 89 65 249 -95 228 50 -145 -29 -169 120 -68 -224 -45 235 -139 62 -175 175 182 -31 -115 136 133 76 13 -38 25 -73 -128 99 167 12 94 174 -197 -118 -85 246 -246 -157 60 186 106 -235 -55 -144 204 -203 216 -108 -54 -164 -137 -36 -155 79 -40 24 -181 166 -98 -61 205 -76 219 147 199 224 -141 184 -232 -248 22 16 30 169 -28 0 155 159 162 -30 -46 85 -167 -192 191 84 -86 -230 -63 203 119 -172 -168 10 20 131 -186 234 -231 156 227 -6 44 -242 -218 209 -99 -212 -210 233 -209 -173 -196 -249 -47 68 -247 -89 -215 105 -44 6 -88 112 28 -143 -84 40 -33 35 163 -135 -111 -165 95 -200 173 23 37 -101 177 -180 150 -233 -5 90 202 -100 -131 140 -216 -222 -119 19 -97 145 107 222 -70 -93 144 -160 117 -37 -243 129 164 160 118 -80 -110 75 -62 126 36 208 -13 -34 179 -24 124 -87 51 -153 -147 53 121 83 -219 5 -183 -213 247 176 -154 -71 45 -163 -11 196 47 -238 67 188 -69 -102 -20 149 -72 39 77 237 -198 229 -49 -189 52 29 168 -234 -178 104 152 74 -214 -127 -66 200 238 -125 -193 2 231 -156 -117 -211 -195 -187 206 232 58 72 141 101 -79 114 41 -217 230 -166 -83 8 127 98 -123 -182 165 113 -7 -191 -244 218 -105 -52 180 -122 125 -67 -227 189 148 46 71 -146 -240 -51 -8 -149 -92 -226 -161 -202 -18 3 153 -57 -132 102 -121 38 -223 187 -142 -91 -188 -43 -148 -208 -199 -130 103 -81 158 -109 -15 1 -10 
TEST 118 ARG:149 -60 144 -75 204 -139 25 175 104 -162 -174 -160 -148 -136 -240 -207 -14 -50 141 -26 -161 1 -215 55 -108 -85 35 -9 134 -48 -62 76 -76 -127 -93 215 29 -214 -184 78 -111 179 239 71 72 162 173 227 131 243 8 -142 115 231 82 -79 74 -95 98 -137 -156 103 18 -211 168 63 -86 172 -122 228 -167 83 -210 -219 143 -101 -241 195 12 176 -123 56 -124 188 -193 169 158 45 -225 -103 197 31 -2 -128 200 -87 121 165 2 -1 210 91 89 -223 -33 110 -149 247 -54 156 -217 -90 229 54 61 146 -70 249 68 -189 80 7 -120 -155 70 106 -4 -206 -12 201 65 184 -125 -17 -197 102 113 -94 -147 88 -91 -16 181 -190 -131 148 187 -237 -183 17 6 48 182 44 186 142 37 -176 -129 -203 77 79 -81 -52 39 -250 51 16 -64 -249 15 -173 28 196 73 233 245 -198 153 81 -96 66 -216 174 126 50 226 118 -140 154 -25 218 139 157 64 -66 151 -82 137 108 224 -23 190 101 194 136 185 -15 19 -73 62 -234 -224 -89 -209 211 -191 42 86 -130 -196 248 -110 41 123 -37 -180 -141 -109 -199 10 -24 -84 237 222 -247 -231 -88 -21 236 -135 -154 -177 -116 -238 -107 -41 140 -11 -134 -6 238 -150 75 -165 -132 160 -181 234 155 24 223 -20 -192 -97 -212 -80 40 -121 -169 212 38 -213 -51 163 -163 -248 -99 57 217 -63 52 26 -45 69 -22 -47 202 111 232 27 150 -36 -57 -159 -68 221 216 135 208 93 -105 130 -42 -58 -5 177 100 -38 -49 -244 34 11 127 241 -143 13 21 242 -144 -43 117 -113 -222 94 -27 191 53 -172 -220 244 171 -71 -126 145 47 -29 -61 -221 -46 240 -168 -10 189 -204 84 -67 -8 -138 -233 23 -200 225 -13 -114 205 -56 -69 -104 46 -157 -246 -245 -232 -115 -186 -195 198 -59 -194 60 -170 3 109 147 -92 116 -230 -34 -208 -243 219 107 -185 178 -171 -77 -18 114 -74 -179 22 183 220 97 214 246 -175 67 -3 -205 129 -112 9 152 -117 128 -102 -227 -166 -119 -153 193 20 -218 59 203 14 199 105 -28 209 96 -7 4 159 119 230 -65 49 161 213 167 -32 192 125 0 -78 30 95 -19 -39 -72 87 -133 58 -31 -35 -242 120 90 -178 -40 -53 122 -239 36 92 132 -228 43 -106 -152 99 -164 -236 -98 85 -188 -158 133 5 -145 -55 -30 -226 -151 166 -83 -201 33 -235 -229 235 -187 32 -182 170 112 206 -44 138 -100 124 164 180 -202 207 -146 -118 
TEST 119 ARG:-140 -86 -62 -54 -45 206 90 -188 157 -91 -171 -131 10 244 -80 -155 50 40 -215 -22 -37 -144 238 82 231 199 -191 -94 125 158 221 -168 228 218 -174 120 -165 -12 145 -220 -233 147 -85 194 -136 121 207 -64 219 -52 96 -77 159 47 -14 -237 -107 108 -96 18 196 -23 19 -92 94 -200 -121 49 169 -126 -76 208 -79 -235 -55 -50 -151 43 83 186 39 48 227 -40 -118 32 80 230 -69 165 -141 103 63 -84 184 86 66 -230 -116 -229 106 179 -35 -239 1 -248 17 -134 239 -177 249 137 -38 -201 -145 64 -158 201 -95 116 28 181 -180 7 81 89 -157 130 -49 -97 71 -25 -242 123 -181 20 152 -11 144 55 -110 -152 95 -90 -234 -211 233 -73 -57 -245 -4 162 149 205 -75 62 -217 -123 -78 41 -82 -227 243 166 174 77 204 104 -16 236 210 171 -194 97 79 13 -190 30 155 131 193 -99 118 -209 109 -210 -175 54 178 209 -195 -167 78 -192 -108 15 113 74 191 114 65 87 -246 133 -19 -28 -8 161 -137 -106 -213 -199 222 167 -39 -61 -212 140 154 69 -135 -42 -13 -53 -3 151 37 -138 25 53 -178 212 98 -1 -127 177 42 -187 -247 -98 59 -36 -6 -146 148 -67 188 -243 153 -176 132 22 -170 8 -21 -112 192 -100 84 -9 -193 -34 -222 129 248 -153 -163 -236 139 29 -221 26 124 -130 52 138 -46 -20 -143 -122 200 -204 237 85 172 110 27 180 -68 -120 12 -162 232 4 102 -142 -71 -30 21 126 223 92 190 -47 -119 202 -185 150 73 -160 -63 57 -17 -139 -197 115 105 -113 182 -218 -149 197 -56 -89 -214 100 214 -15 -66 34 203 -250 16 160 -33 240 -183 -184 36 -88 33 175 216 -115 -232 220 -93 3 -231 -219 -81 143 45 -24 142 -124 -216 -72 72 11 -173 31 -182 168 -109 -207 -132 164 170 -5 195 -87 -58 -133 9 -111 211 61 -31 -179 -29 -44 -244 -103 134 -202 -226 -65 -105 235 136 -172 185 -104 99 -101 246 -83 242 245 229 88 -154 -189 -148 -169 -27 -117 -18 -102 -48 187 -240 111 24 135 -238 -156 -129 -2 146 225 128 -10 224 -159 5 68 60 -150 -70 183 156 6 176 -161 127 -128 -206 -74 38 -225 215 241 35 67 -203 -26 112 173 247 51 23 -249 -147 234 14 56 101 119 -7 -228 -196 163 213 141 -224 76 -43 -164 117 226 -41 -166 -205 -32 46 -198 -125 -208 93 107 0 -223 -241 75 198 44 -59 2 189 -186 -51 -114 122 70 217 -60 58 91 
TEST 120 ARG:-91 248 -103 -139 -94 237 86 161 13 195 -50 -111 53 175 -172 8 64 197 -62 -191 -16 -177 78 96 126 245 -201 -243 115 -53 72 11 -22 -197 -29 -244 147 -13 -83 172 225 -216 91 15 -9 199 -47 -239 -118 231 16 -224 -184 -44 -131 -202 139 146 -183 157 130 76 -165 -145 -61 152 -250 156 135 -56 -130 101 51 -152 -59 246 -95 -137 -188 174 -204 -19 -41 234 -247 -81 105 -199 -129 144 84 -17 30 184 124 192 -189 38 169 -85 227 -32 143 232 -87 92 77 191 -97 -215 -142 -108 148 136 -70 83 166 202 89 74 137 185 -18 155 -110 171 54 -153 -203 -14 -194 -74 -160 -192 140 -181 -229 -209 1 -242 -107 -161 80 44 -34 -99 -119 207 222 40 -238 -240 238 -159 121 244 -176 27 -15 206 -35 -30 93 6 -2 -211 -226 36 122 -208 -82 87 52 98 -69 -144 -223 31 167 -147 221 163 142 90 21 -248 243 61 12 239 -27 117 123 109 69 -158 -180 -173 -198 141 17 10 88 68 43 145 187 2 -179 -20 -133 85 -48 -21 235 49 -135 212 129 -136 -66 120 -54 228 119 82 -210 -67 60 -78 241 -219 -207 -228 -25 193 -138 46 70 113 -156 159 -10 58 -123 196 97 -92 39 -155 -124 34 -246 -60 -164 63 -6 -140 -150 -64 204 -72 -93 -149 -217 57 -112 7 73 -33 127 114 177 -68 25 -116 23 -187 -115 35 -174 -128 -167 -162 26 214 -77 209 59 79 138 111 198 170 -230 -1 249 -12 -7 -106 217 -169 -73 14 -120 48 -117 -227 189 66 -127 -171 226 233 -214 -36 81 19 -45 -4 213 -104 -218 216 -193 106 -38 -43 -186 -225 75 -148 47 56 104 -75 134 116 -122 99 45 -196 -185 37 3 230 -182 -231 -212 -206 -11 201 -86 -65 -57 65 183 32 -143 149 125 33 180 -63 190 154 -51 153 -3 112 188 229 203 208 -241 -42 20 107 162 41 -233 -39 -100 -105 94 -121 62 -146 132 168 -234 181 173 -125 131 -90 223 158 9 240 164 71 -96 103 -163 -101 165 -5 24 -237 -28 42 -157 218 0 29 -220 -58 242 -55 -151 219 -134 110 -221 -166 67 -235 224 22 133 -154 -222 -195 -178 -80 -52 -71 186 -168 -40 -88 -232 -141 210 -37 -249 -84 18 -113 179 -76 55 194 50 -23 176 247 200 -126 -46 5 -24 -213 -190 211 205 215 108 -175 -31 178 151 -109 150 -102 -79 -205 -132 -236 -26 182 95 128 -98 236 28 220 102 -49 -200 -114 -170 -245 4 -8 160 -89 118 100 
TEST 121 ARG:-228 203 -36 189 148 -161 -25 138 -247 66 38 45 124 37 221 240 27 -201 231 163 116 21 -188 -154 18 -193 -43 35 33 -183 143 99 -129 5 227 -198 -34 -233 -84 -29 46 -169 169 -8 200 244 -163 115 69 -194 -157 -67 -230 -241 -15 238 -146 2 -42 -39 -165 204 -138 43 -182 84 -12 -132 -37 -50 154 -133 -246 176 179 -111 59 -70 -125 216 -211 -95 -152 -89 -75 226 183 -143 178 237 157 -136 80 -41 202 -87 -156 16 190 -166 -205 141 -14 -171 60 -31 -27 77 144 194 -187 52 3 215 198 113 -6 234 -162 61 -33 242 64 121 49 75 191 76 135 -28 -220 217 -73 85 -47 136 120 -224 173 -59 -53 104 7 129 6 -79 140 -19 -100 -116 -180 -22 -3 146 -1 246 88 100 -196 -5 -102 15 31 197 -46 110 -32 70 164 -243 0 -185 -214 13 192 29 142 -108 199 53 -63 126 -223 180 54 -54 -101 -160 -170 -69 171 -186 -250 24 -10 -74 208 -134 -144 41 224 223 122 -80 -149 -94 149 -195 -123 101 168 -4 -83 -126 72 10 -77 159 -168 241 -232 36 -117 -148 187 47 165 139 -119 -20 96 -26 17 14 -229 -202 -192 123 98 9 30 56 -11 -236 137 -85 147 71 -55 114 236 -235 -164 -245 19 243 -231 -35 81 125 196 93 -167 -215 132 -226 151 -145 -199 167 -99 74 -78 -225 158 -112 133 -18 -127 219 -130 -118 -106 -141 92 185 -181 -124 -216 222 -114 207 65 209 -90 -238 -49 -219 -115 233 108 -131 245 -38 -58 -86 155 -7 -52 -227 -249 -159 78 -179 50 214 39 73 -147 -13 -244 -121 161 -248 34 -221 -21 97 -71 -139 -110 -62 212 118 63 -9 -240 206 -222 -2 -217 128 105 195 86 26 -237 57 -200 11 249 -107 -68 201 150 -177 247 172 -175 32 -206 177 153 112 -60 -176 162 -137 -64 -76 -122 -207 103 48 8 -212 -155 -151 -96 213 181 -17 174 188 111 -45 -128 -16 235 166 -204 94 12 -98 -135 -57 230 186 193 218 205 -72 220 20 90 211 58 -213 -48 225 -65 -93 -234 119 -92 28 -142 -44 -66 228 51 117 79 89 -174 62 -203 -81 -109 156 -104 55 -51 -56 107 239 160 127 -209 25 -24 -242 22 82 102 131 -120 23 -158 248 152 109 134 -239 130 -218 -197 -103 -178 68 91 -40 1 -172 175 182 -23 -173 95 106 44 -82 40 -150 -208 4 -190 -140 -210 -91 -189 145 -105 229 184 -184 210 83 -113 -97 67 87 -61 -88 232 42 170 -191 -153 -30 
TEST 122 ARG:203 -245 110 -89 137 -5 -200 226 -151 215 -186 -142 -14 210 87 26 -224 1 72 25 37 105 -193 -221 164 8 62 -16 -166 82 32 -187 213 65 60 -211 29 -38 111 193 206 156 20 -104 -162 131 119 -50 -46 -8 99 -122 49 96 144 230 245 -17 -222 74 -66 40 -231 67 212 51 -70 235 -144 -145 -49 73 194 -148 133 231 -19 -56 108 -214 188 216 -91 -217 191 -42 -209 4 -174 183 243 -201 -116 -235 97 159 -81 179 -33 -84 172 -182 -197 -124 -165 -152 93 -229 -128 19 155 -154 -185 166 -87 5 141 -24 -226 196 -62 -77 -202 63 -78 -68 244 -210 88 224 174 149 192 -115 89 -118 -149 -230 -112 -198 -57 -243 42 -94 -71 15 14 -167 -183 -53 221 195 109 -141 11 121 -43 134 -132 86 -136 -99 106 165 -27 -181 -65 -75 211 148 237 -111 77 -58 -69 -96 -36 -172 -31 -28 241 -242 -191 84 -123 -188 22 -60 247 94 7 -233 207 -39 17 13 -64 45 -1 -54 -250 -88 249 136 71 -225 76 -234 56 12 -212 -158 169 75 79 135 -59 70 -156 186 41 -190 -168 162 91 -32 -10 -236 218 -25 -208 187 55 -98 -163 -85 54 104 -26 -135 -23 0 -159 44 35 -37 -157 -169 -30 -237 115 24 -13 198 233 -45 158 177 -241 -239 -173 175 -179 -12 167 58 -40 -204 -216 46 -203 107 -147 39 125 -137 -126 -192 138 100 118 202 -227 143 130 -35 208 -215 52 102 -133 132 101 53 236 161 -7 -218 9 30 78 95 66 -247 -79 -20 157 154 -109 113 -121 222 228 -86 -108 103 -95 -63 151 6 147 209 -130 -140 -139 -125 163 -48 -34 -97 170 239 34 -41 -196 176 -155 -52 184 -55 152 -170 127 27 205 129 -194 238 -2 -171 -114 116 146 68 -76 21 -195 18 -22 200 -9 -240 145 242 33 120 214 -51 -175 -180 -110 -47 57 160 248 -117 -228 47 23 16 185 128 -178 28 201 -113 -150 -143 234 85 168 -103 -219 140 181 -3 -244 31 -6 -119 -29 171 -15 -73 64 -129 -106 -4 117 -18 173 -146 -61 3 -102 114 220 225 36 92 204 182 -138 -90 178 189 -246 -213 -72 -207 142 -127 38 61 -232 -176 180 50 -177 -11 150 -206 -107 -131 197 199 81 -220 232 -205 -67 227 -74 -248 -21 -92 90 2 246 139 -105 112 -120 219 -153 122 126 -189 -134 59 -100 124 123 190 10 229 -199 -249 223 -82 -160 -164 -80 -223 -93 80 217 -161 -238 -44 43 240 98 83 -101 69 -184 153 48 -83 
TEST 123 ARG:-106 -45 198 213 -99 202 149 210 196 -153 120 201 176 -113 -154 207 -88 17 -43 -235 146 -19 -138 -57 -224 -5 -37 -24 224 -29 237 -68 186 -39 183 -126 -2 1 -90 -16 147 42 -3 154 52 191 -170 138 159 169 83 56 -111 -190 -4 -241 -149 67 -209 -132 -169 15 -213 82 221 -116 109 228 203 239 -226 105 90 -94 18 194 -188 -50 106 -17 93 -100 126 150 245 26 -231 141 -239 3 -80 11 233 129 -31 -131 229 -107 -110 248 204 -238 -249 -206 132 130 241 123 95 -175 65 64 -125 -65 28 -150 -44 53 94 63 40 -236 -176 -212 160 -186 -201 72 34 -152 -93 -26 62 -166 4 -242 -233 -71 -121 -187 222 110 -133 -165 54 -41 -20 -232 -97 200 -157 -46 29 -136 -22 89 133 -216 193 47 -32 59 -6 226 -35 145 108 -134 220 73 128 79 225 -98 -124 -191 -155 181 156 45 74 -12 -108 -117 219 234 -13 20 71 -86 87 60 172 30 -40 -229 -67 140 -246 23 5 103 -79 -221 -87 242 -96 88 171 -183 -217 230 107 -128 -225 187 -82 -214 155 -91 -38 -141 112 -15 50 -208 167 240 46 -78 -196 -49 75 -119 12 117 -204 -198 -76 212 85 98 238 -7 16 -53 22 180 -103 43 -23 -210 -84 80 -54 247 184 -48 231 -102 161 -147 236 -118 175 -139 -172 -215 -73 -51 -202 151 -168 -81 -200 35 158 -174 -178 -145 -27 -223 122 134 177 -64 -243 189 -240 206 -129 91 96 -137 -55 190 244 48 -25 -123 153 76 -173 -161 -61 25 -109 -75 142 37 -14 168 137 -140 -184 -203 197 -162 58 119 -60 8 -77 -105 14 -36 -192 114 162 -148 0 33 -195 217 -144 195 223 215 10 81 -182 -74 66 2 124 -193 101 41 185 157 -159 100 -207 27 246 68 208 70 -120 -197 152 163 116 78 57 -142 -34 77 -199 -247 102 -47 99 104 -163 227 -219 7 118 86 135 -115 -30 -9 36 136 -160 -66 -237 143 -10 -151 -8 -33 173 24 125 -143 235 249 -28 -245 -171 232 -11 -220 165 -92 84 -104 97 -72 144 -69 174 -95 121 -180 51 -244 111 -234 182 209 131 211 38 -228 178 -179 166 -194 -135 -230 218 -1 -89 -222 -130 205 49 55 -218 113 -127 -177 -156 44 92 21 170 -18 -164 -85 -112 -146 164 69 9 179 -185 -52 216 148 139 -83 115 32 -70 -181 39 127 -211 214 -167 -227 -42 -101 -248 -189 6 -58 -114 13 31 -122 -21 -205 192 -56 -63 -250 188 -59 19 -62 -158 243 199 61 
TEST 124 ARG:-214 -144 -97 -8 -135 225 74 170 -111 135 -118 -123 228 1 -47 195 -210 -238 -68 -104 -201 17 223 -45 -203 -165 133 66 128 73 -172 -149 -181 203 205 -117 116 -51 -107 124 -66 -91 24 217 -232 -84 22 143 -197 152 -209 -154 -138 76 -100 230 -128 -189 -74 9 -139 20 54 -180 27 30 -166 93 -3 -195 -202 -155 123 -207 5 -227 111 -12 215 -79 40 204 241 -93 62 -243 99 42 103 64 -80 79 188 -4 208 171 18 -184 248 244 213 -89 -131 50 71 242 216 4 -7 89 -53 206 163 -20 -177 -217 -205 0 -130 224 55 118 -242 -200 21 -219 -39 -52 183 -160 -64 198 38 -222 151 92 209 70 -37 -10 150 65 -85 56 -196 -178 167 160 249 -126 -237 -27 11 -29 95 -215 86 -137 -32 186 110 202 197 -106 -36 -41 191 -225 81 -30 -81 108 -14 -171 158 -75 212 -192 -101 161 -86 -61 -186 -157 97 69 -23 184 141 16 -82 -168 239 -140 -145 185 238 -15 -55 -220 189 3 -223 -31 -58 -9 -147 -194 -233 146 -188 -230 -99 109 -71 46 126 190 -174 98 -132 -182 -59 232 10 -162 157 77 -179 25 8 36 -199 2 -43 -208 -11 178 52 120 180 -239 138 -50 -231 233 -211 102 -249 131 -221 -229 -19 130 -245 234 -21 -69 -94 136 83 -54 100 101 113 -108 -38 107 -164 29 159 -25 211 218 -70 -235 -110 181 -153 -124 72 -125 -60 -56 -109 164 -78 59 -46 -49 -28 -136 182 -98 -2 -169 -65 -103 -234 154 221 147 -42 236 -212 -63 -105 227 80 -102 -115 90 104 14 -129 94 -244 34 -83 -48 187 172 226 162 41 -18 78 7 75 156 43 -151 -156 -216 -33 88 -226 53 -120 -90 58 139 106 31 214 222 -198 -119 148 51 15 -73 48 -92 6 153 -152 -5 -167 192 -150 -87 35 -176 155 63 -228 28 -40 96 -148 173 -95 -96 26 -13 12 82 247 -247 -183 246 85 149 -163 -173 49 127 177 13 165 44 91 -44 -62 210 229 68 -240 231 39 -22 240 134 219 19 -77 -241 -24 -114 200 -1 169 121 207 -190 -248 -141 23 115 175 194 237 60 245 -250 87 -116 117 -134 -6 32 129 -236 84 122 201 -76 47 166 -185 -121 -170 -72 179 140 220 105 -158 -113 137 -26 196 37 -159 -34 235 142 -112 -175 -16 -57 -218 199 -67 125 114 -142 -224 119 -213 45 -246 168 174 33 61 -187 -161 -35 -88 -204 -122 176 -206 -193 193 144 243 -127 -146 57 -133 -17 112 -143 132 145 67 -191 
TEST 125 ARG:-174 57 121 216 -128 -201 163 160 -186 154 -179 -66 -139 -123 -62 -216 240 218 -171 98 234 120 -215 245 -197 49 172 177 13 -50 -41 -132 -65 -106 -101 -79 18 -140 109 193 -143 -72 102 142 -173 -213 -37 112 231 -232 71 -59 -130 -180 115 -250 85 -126 -227 40 -103 70 182 63 -98 -33 66 67 -205 217 -97 58 -51 -160 15 -176 -136 -34 -35 132 39 -23 0 -222 197 -206 -30 -210 -223 162 51 -28 -153 187 -92 148 157 1 122 69 -64 -114 153 76 -100 107 81 199 156 -85 21 -117 211 -60 -155 108 -241 141 -208 -141 248 -135 -211 174 124 -202 -7 -29 47 -195 -154 42 165 -76 228 119 68 -226 -93 -188 -147 239 -169 -110 -193 -214 237 -74 -13 137 195 145 97 223 196 173 83 192 191 -107 -168 -12 -172 38 -9 3 77 9 -42 117 150 -22 -185 -131 65 19 96 -167 -170 -67 72 100 221 -109 20 147 94 134 135 -163 220 103 114 105 8 101 -78 -125 24 82 230 34 35 45 -38 155 -77 -152 233 75 178 159 23 129 130 200 183 16 151 -6 78 -127 -4 -119 -111 208 88 219 -244 -40 123 50 133 -17 -233 41 179 -115 62 22 -1 106 -49 -80 201 -148 -26 126 -99 -87 181 -134 -108 -122 -18 -14 -88 -191 -189 -56 127 215 -95 -83 118 -81 -161 -236 166 -192 176 -10 89 26 -75 -224 -235 -228 -200 -116 43 17 -231 -187 4 -44 -118 -102 -61 31 -15 -156 167 87 125 116 93 -218 -166 25 -238 194 190 -247 -196 91 -54 -124 170 204 144 -11 213 -73 113 -39 131 207 -8 -204 44 -21 -19 198 222 111 -52 -237 -194 210 -121 90 104 -175 46 203 138 -57 -183 -190 235 -70 -249 92 -234 202 12 -45 -120 -43 139 243 -86 -137 29 -221 -198 186 110 86 37 61 -3 53 -5 247 74 226 249 5 -150 99 184 149 56 52 -84 168 30 143 -142 -96 27 -146 -239 188 -2 -31 -53 -149 206 205 -181 55 209 -133 158 -112 -105 -162 -225 -212 -113 60 -71 -90 236 164 180 152 212 95 28 -240 -158 -159 80 -46 10 -89 -82 136 -157 238 229 -138 -217 161 185 -144 7 -199 -220 -36 59 214 54 6 169 14 33 -165 224 -248 -151 -209 -177 244 -229 32 -25 -48 -245 -207 -182 146 -24 84 -68 227 -94 -242 189 -164 79 -47 -219 -129 -55 -178 175 -145 -91 -69 -243 242 -58 36 232 -230 140 -32 -27 -203 171 241 -63 225 2 246 -246 -104 48 -184 64 -16 73 -20 128 11 
TEST 126 ARG:224 81 66 -111 -170 69 -202 130 -25 -21 16 86 -172 13 -226 -139 -238 -240 -39 242 -24 -206 -41 137 33 -153 -76 229 189 70 92 144 -175 163 233 -31 -225 196 -78 155 150 -18 -37 -33 -125 103 39 -1 -32 -220 160 -40 -233 19 112 -134 145 -161 -58 -23 3 -12 147 -193 -3 151 -131 -55 117 61 35 138 -113 154 56 -198 -191 84 -203 -103 -229 179 17 -88 -218 41 209 -234 182 197 1 171 106 -99 90 101 -118 55 172 223 -71 107 234 5 -109 -17 -186 -107 -10 125 -97 -224 30 -147 -6 -151 -128 40 -92 192 83 -187 -90 231 211 225 -239 108 7 -204 -53 132 -208 190 -156 -171 -215 -188 139 11 -56 -73 -116 -11 73 -249 -60 -22 -183 -222 29 -146 -245 10 -104 -101 -192 123 -160 -85 240 -95 -120 -167 238 -195 -74 152 142 201 148 -133 222 -77 191 67 68 215 193 -47 -247 187 -210 194 207 -230 185 149 32 104 114 36 102 -100 -168 75 -126 178 249 91 243 176 -86 241 87 -182 49 -38 18 161 71 -174 -110 -209 -196 110 53 177 153 42 -132 -166 214 20 -173 105 93 227 -241 -123 88 236 245 -42 -127 246 22 60 -142 -157 89 237 -124 -26 169 -14 156 220 -115 118 59 -48 -137 -216 -27 219 45 115 -64 -194 54 134 -135 15 -28 199 14 239 -83 78 -199 -57 -141 48 -176 -164 -7 -181 141 31 -145 226 95 6 -82 -46 -148 157 -165 248 -154 -197 228 99 -177 -213 235 -129 175 -5 -158 166 -84 -91 43 204 167 -89 -68 82 -119 26 244 -114 -242 -221 -30 -44 97 119 -169 94 217 -102 96 216 -98 -189 181 24 -106 57 -155 -184 206 62 121 -121 -2 -20 168 44 74 -75 128 164 -214 -36 -207 200 72 136 0 -35 -248 184 188 47 -152 -159 198 -63 205 -201 -81 -228 -243 34 208 -236 98 9 12 37 -50 -61 -13 -190 -52 -205 -29 -108 173 -94 25 27 -45 -227 38 -144 143 52 -16 170 -79 -70 -62 174 -130 -59 -93 -140 -65 -200 158 -96 -67 -143 232 -66 85 51 -51 -149 122 28 8 -4 76 -217 -54 -15 218 46 58 -185 111 -223 210 -162 80 -105 -250 186 2 230 212 221 65 23 -138 116 159 -19 -219 -179 77 109 64 124 -80 63 195 -136 -150 -72 165 135 79 129 -49 -246 162 21 203 140 213 -212 247 127 -122 -178 50 -163 -43 131 4 120 180 -8 113 -231 -112 183 -180 126 -117 133 -237 -244 -69 -235 146 -211 202 -87 -34 -232 -9 100 
TEST 127 ARG:51 -1 69 -33 188 -247 203 -222 -156 172 -142 216 -128 107 -186 -118 183 148 -88 -50 -206 101 145 36 152 -146 50 -36 134 -231 182 -132 -239 95 120 15 64 244 -46 174 -137 -167 -19 155 79 -23 -44 137 -243 -163 -135 125 87 210 -201 143 55 110 61 -27 23 86 -236 52 -79 21 93 -220 -119 194 -228 24 -26 -176 -169 -16 -229 -171 98 -71 -3 43 -87 -125 -205 -64 -134 -160 -210 31 -107 -199 -29 2 236 149 238 -153 168 -28 146 118 -147 47 217 -192 -144 127 -109 129 -122 -225 -185 88 -150 -53 154 78 227 73 -63 204 -99 -139 -40 159 59 -219 241 63 208 -209 80 162 -76 -30 -232 -70 -215 229 186 147 -230 -101 89 -182 -57 -235 226 -208 -84 222 240 231 -41 242 -127 228 200 103 235 3 97 195 4 -86 30 60 121 -123 0 246 189 169 -237 -24 18 25 11 -52 -78 131 175 132 -204 -168 233 -114 -203 215 -244 -10 -216 -133 171 -197 230 -56 -25 29 -94 -31 33 -21 245 -104 -154 -98 -170 -179 -108 -177 -194 -60 100 -106 -207 83 -126 99 218 39 81 -131 198 -202 237 41 106 -20 116 -159 58 247 77 113 -43 -92 -67 104 -121 74 76 6 -115 164 -187 56 -151 170 -17 243 191 82 193 214 -68 249 22 102 -233 -65 68 -32 150 133 94 14 -7 -15 223 -200 -72 212 -113 -140 -62 8 157 -66 91 141 128 75 185 -74 17 67 -249 173 54 160 213 211 -96 -162 140 -5 197 -54 -111 -191 -14 27 -143 184 126 -42 -223 -102 -11 45 -157 -80 -180 -90 53 -190 -165 181 166 -161 90 84 10 -250 -130 -45 139 112 92 62 -97 19 -117 -73 -234 -211 40 -141 -248 -138 -212 -8 -35 -218 -196 176 -110 115 177 234 163 105 -48 232 -13 -129 42 -89 -77 72 225 9 -240 -158 201 -221 -173 -238 -217 124 -18 109 -124 38 117 70 -164 207 -242 161 114 -241 44 -112 122 199 239 119 -189 196 5 -184 -4 111 165 -174 46 -246 66 1 -61 187 20 -213 -181 219 205 -183 -136 224 158 -195 -49 -37 209 206 -214 -47 -58 144 -95 180 -59 -178 -12 -105 -34 153 248 -39 -82 -2 151 202 156 96 13 -245 -38 179 37 142 -152 -227 32 -93 190 -103 16 -81 -188 -226 -75 -83 48 -172 192 -198 49 -193 135 -224 35 167 -55 -100 -120 -91 -9 -6 -166 85 -175 -22 220 -145 -149 34 138 108 -155 12 -116 -85 7 -69 71 130 -148 178 123 136 221 28 65 26 57 -51 
TEST 128 ARG:-52 -232 -34 -22 -178 -170 68 -39 -241 -177 221 -20 -173 -148 -15 245 -87 -31 -7 9 -70 20 -200 81 141 234 -109 -93 -198 145 -205 -243 84 -65 -150 121 71 -100 -67 -172 -107 209 -180 24 242 -42 124 -29 -60 17 153 160 25 -137 -133 -105 -85 -102 159 -206 183 50 -182 188 22 -89 52 27 91 185 187 177 -49 -4 -2 -37 196 33 -158 38 -13 46 -117 7 -204 112 -125 -207 213 -53 190 184 120 149 226 -8 -72 191 -114 0 244 236 212 44 -96 -210 -193 155 -216 99 -130 36 51 -18 231 -68 235 -221 -11 164 -146 -213 127 105 -179 -82 224 136 220 -156 -138 -58 -244 -201 39 43 -228 143 77 -195 -97 -154 15 -140 -119 -110 -80 16 -142 -191 -132 -163 144 65 12 -26 157 -51 -112 -237 114 158 -161 108 172 -12 -94 115 249 -229 -108 -77 79 210 180 -9 -78 -192 131 214 147 -5 37 18 -222 203 -143 -129 67 -55 -19 -66 72 239 -106 -249 -86 229 28 -115 -27 -202 -217 100 -62 -203 -238 -242 66 248 -99 -190 61 134 -118 42 -44 -175 104 -160 -250 -28 202 -30 -194 162 238 102 -101 -218 148 125 186 -183 35 195 93 4 211 -224 78 -189 179 -174 208 -135 126 -120 89 -167 -220 -176 1 -151 -111 197 47 90 -169 103 -168 -75 142 -10 -208 97 139 178 88 -212 123 69 150 86 227 171 -141 95 -91 -95 130 205 -46 -36 -121 175 -38 -48 -234 -166 -149 194 31 -155 -16 -162 94 -233 -45 217 -41 2 83 -157 133 168 59 -43 152 119 228 -103 -145 32 204 -235 75 -196 -214 30 -123 -128 70 -6 -245 5 -122 34 -3 -88 -187 122 -104 116 218 -185 -81 -76 -25 -113 137 240 54 -92 199 233 -139 21 -134 192 207 3 -223 101 163 -159 82 -227 135 -153 73 -64 -165 -199 -57 -83 -56 110 -186 219 -225 118 48 -21 74 106 167 176 222 -184 -230 -248 26 -209 151 41 -226 154 -90 76 215 -147 109 161 169 -136 -14 -61 -63 55 225 -240 -73 -211 49 223 11 -32 -188 -1 -79 166 241 243 128 23 63 -24 129 230 -231 -116 -59 200 85 174 -239 64 14 13 -246 232 138 -215 201 29 8 156 237 146 -171 -35 -69 80 -219 -247 -40 98 -71 -33 111 182 -131 53 60 92 -50 -126 206 132 113 87 -164 19 10 198 40 246 58 -124 -84 96 170 -236 165 -23 57 -47 247 189 117 -127 -144 -98 140 45 56 -17 -74 -54 -197 107 216 173 -181 62 193 6 181 -152 
TEST 129 ARG:-129 155 41 56 -218 240 2 57 -23 70 225 45 -16 119 -219 77 -183 -147 34 175 35 43 18 143 69 116 -18 50 -229 -128 8 230 -118 204 151 244 -225 -246 -73 248 64 3 -237 -243 -110 -172 -146 -245 58 182 128 -238 172 54 209 139 179 -210 100 197 -61 -57 -196 -148 -190 -239 -15 103 -160 223 131 65 -164 137 -163 74 -182 145 -102 -6 185 -134 -166 188 -220 -37 220 -120 -79 -217 24 -108 23 -249 218 -156 -22 90 -189 -130 -209 22 164 -205 32 -41 -19 -188 -247 53 -13 -66 -203 -114 241 215 -216 171 -149 -233 -124 -101 -56 -228 63 192 136 -174 11 228 -31 226 -96 -235 27 -3 -45 -177 -50 120 -227 -106 -138 -44 -127 -9 174 49 -200 -224 -153 247 -71 -169 162 -168 -223 227 198 148 -117 76 201 -14 92 44 189 154 -175 219 134 -53 -58 -141 -24 -198 81 -244 -122 -211 38 -213 -74 -144 -121 -125 21 169 61 160 -126 75 16 31 -64 -159 -173 83 159 -105 231 138 -180 -62 15 -33 -77 229 -197 158 -115 89 -116 149 -104 -103 -17 -70 -68 98 19 -202 91 102 87 122 111 -241 -111 173 -10 157 88 -48 142 -131 199 -143 -195 101 165 -54 232 -215 -181 202 -162 -133 39 -165 200 -136 -78 -109 -248 178 243 78 28 93 86 238 -186 -192 -191 -60 -97 211 1 146 108 -72 -135 -82 -158 -151 135 109 133 33 117 -55 193 107 168 29 -236 -52 212 239 59 187 -161 -98 95 5 -85 114 -226 37 -20 -113 68 112 -8 125 -167 80 -5 36 -25 -35 -132 20 -194 -43 -152 167 190 -139 203 6 -93 221 -29 -40 106 214 71 -42 -221 -76 -59 -69 -2 -170 126 -75 207 208 216 -185 -30 67 85 217 -171 -88 124 127 180 -92 66 7 147 82 -142 -1 205 42 140 51 -137 104 -157 156 196 73 -32 222 46 213 12 -63 -86 9 -176 -193 72 130 -240 170 4 25 235 -27 177 236 -119 176 -179 191 14 224 249 -83 -51 97 163 -208 161 -140 246 233 141 194 99 -155 -222 237 -107 118 -212 96 -84 40 132 -95 245 30 -80 121 -250 94 -81 -231 26 242 183 184 -123 -187 195 -89 -242 -65 10 -46 -26 48 -178 210 84 -100 52 153 -204 115 -90 -234 -206 -112 -94 166 60 62 -36 47 -87 -91 -4 110 -184 -49 -232 150 -11 105 -99 -28 -12 55 -38 13 -47 129 -201 -150 -199 144 -207 -214 152 -7 -145 -67 -154 79 -34 186 17 113 206 0 123 -21 181 234 -230 -39 
TEST 130 ARG:93 -230 -104 -51 -37 42 -233 -133 37 -225 -201 68 -190 183 -103 172 1 -36 -61 236 -150 157 -3 80 -5 -128 -156 154 119 -78 241 212 50 -135 170 -211 -164 8 195 199 -54 -8 -148 -79 58 155 77 -179 -243 224 32 -96 -40 -205 -100 207 -226 88 -191 -16 160 -152 27 217 245 -86 86 194 -236 56 243 -52 62 53 131 -149 -175 -141 -177 -173 -11 -165 82 -41 162 54 -198 -60 122 12 -27 -208 140 225 -144 48 223 -181 -76 92 -129 51 23 124 -217 158 232 237 227 94 242 198 -89 -70 -91 226 128 249 244 210 90 98 -29 17 -12 -93 -167 -42 -116 21 61 -213 228 106 147 -115 -28 234 -124 -188 -242 168 163 184 -23 -220 -56 -200 89 -159 60 81 -20 -118 -140 129 -10 248 44 152 -59 -219 87 191 -2 189 59 115 10 146 121 72 26 169 108 139 -13 180 -193 -121 -4 135 13 -39 -206 -46 40 161 178 -196 214 -62 -182 120 83 -50 123 -34 -6 141 -117 -67 247 -90 -247 -72 -113 -207 233 -7 76 -125 -186 -227 -14 -26 165 -187 192 -168 171 -112 -228 134 -80 -155 0 3 220 175 -142 43 -48 176 -171 2 188 -22 143 -192 -106 -130 6 202 -105 -25 114 -111 -137 -183 18 138 156 46 231 -224 -136 22 -250 145 190 132 -194 221 136 111 5 137 -9 63 -169 239 9 -234 246 14 49 -126 -203 -160 -209 164 102 -210 -134 149 -17 24 -82 69 52 78 -240 203 177 -237 238 127 65 229 142 -218 64 -107 -33 109 -15 235 -19 -49 -123 -197 99 35 -119 20 29 -120 71 197 211 -229 34 208 -147 215 -24 105 -244 -94 25 -110 -127 -97 73 107 -132 -185 -154 218 204 30 -139 84 -68 -109 205 16 67 159 113 -153 -158 -166 -163 -151 74 55 -95 125 47 85 -43 200 -84 -232 -199 118 110 -170 -239 -53 133 39 -77 33 186 -184 -35 38 -44 45 201 -231 31 -131 -212 -32 -174 174 11 -102 -69 151 230 130 96 -189 148 -18 -161 91 -92 -222 196 -71 -176 -45 206 -101 -31 15 -214 75 -74 117 112 -195 -114 -122 -65 144 166 -216 -81 -73 -98 209 240 -235 -145 -99 100 36 -162 -143 153 -238 -85 -83 104 116 19 -75 -178 41 167 222 -241 7 181 -248 -215 101 -64 173 -108 126 -221 -138 150 97 57 -30 -87 -157 -88 -1 -202 -63 -66 193 -246 179 -223 -47 213 -38 -245 66 -57 182 95 4 187 -58 185 216 -249 -172 70 103 219 -55 -146 79 28 -180 -21 -204 
TEST 131 ARG:-43 -56 186 -115 -29 67 -51 35 -209 16 78 86 52 -145 -216 -39 -18 -72 37 51 158 5 -148 57 29 -142 46 -202 41 141 219 -65 -96 -247 -207 -93 -189 161 -194 160 50 147 -59 231 -163 -34 -193 249 -80 14 230 122 15 85 114 -27 -245 -5 -40 -35 -204 72 21 148 -111 241 -212 -229 196 76 220 149 164 -206 -10 201 7 176 -197 -28 -84 235 139 56 58 168 111 -117 -241 159 169 -50 -159 -139 -2 184 43 -128 -124 -213 -183 60 -101 123 189 -24 -103 -38 135 246 -222 237 -129 197 -227 -69 96 -42 245 193 -94 30 143 -235 -167 109 142 13 31 -71 152 191 -248 137 -48 153 -46 -53 174 -102 131 -192 -17 -250 -97 -160 75 -130 225 -134 -105 71 172 -67 136 -149 194 22 81 -98 -77 18 150 151 216 -240 -68 214 -26 -198 -218 -239 77 248 -79 -47 8 -120 -221 177 -44 126 -58 128 -158 180 -123 213 205 -88 1 -200 146 -146 239 -36 204 187 -236 -121 63 138 -195 218 124 -166 -191 -208 91 129 -169 -55 -4 93 221 130 140 -8 84 110 -86 -41 -49 144 92 -225 4 -125 34 -37 -201 -60 -249 226 66 36 -1 24 106 102 53 -177 208 190 -109 240 -161 -190 48 198 42 74 90 145 -184 -214 210 -151 -106 -13 17 134 47 112 157 -81 -246 -78 -181 -187 229 -33 49 222 -143 40 -171 -196 2 -22 167 65 -140 -87 -57 -108 -144 -234 55 -138 -243 38 100 26 -188 -155 -14 20 115 -238 133 192 -52 243 202 -70 79 33 68 -90 -99 207 -215 88 170 227 234 209 -176 -232 62 -231 -228 -9 -203 113 -75 -141 166 32 155 -11 -233 39 69 98 97 -174 61 -12 104 182 -92 -6 121 -63 25 -185 -23 -175 185 -31 28 -61 -20 -64 -131 -220 101 236 212 -205 -76 -135 87 -244 105 206 233 -127 242 103 120 -21 -242 232 156 -112 99 11 -147 -45 163 -89 -16 118 -114 0 -30 23 228 -165 -156 -162 -230 -173 -126 200 223 -62 3 224 -110 -136 247 -164 27 -179 -32 -122 -100 195 59 215 117 19 175 -113 165 -172 -186 -133 -223 -180 -226 45 -74 171 -224 127 -217 -91 95 -153 -66 -178 44 162 154 -199 -85 244 203 -168 82 132 119 -25 54 -211 -150 73 -119 -73 199 12 94 -237 80 -152 -182 -137 188 -107 107 179 89 -15 -82 178 -132 -154 -95 183 181 -170 -7 238 -210 125 70 -19 108 -104 6 -116 64 211 9 -83 83 10 -219 -118 -157 116 173 -3 217 -54 
TEST 132 ARG:-19 182 -141 -1 -195 -11 -137 -69 -120 227 233 39 -193 46 -124 138 87 116 -80 166 80 96 -174 -194 229 52 40 -156 -88 193 -238 213 106 -250 74 95 -235 226 -43 -132 184 41 -168 -79 231 64 -239 -167 -115 -233 -248 -38 175 81 204 200 -84 -146 3 -246 -191 -66 -2 -135 237 172 -178 191 0 -50 -127 -208 58 -49 -157 194 -222 -33 171 83 67 -25 4 8 -211 86 -192 131 -109 -77 215 124 113 206 -42 -136 34 -103 -48 -145 -98 68 216 118 109 63 -221 17 160 242 65 -94 241 92 70 -226 -220 186 121 91 -117 54 -95 208 156 -83 -41 -35 212 -138 -153 49 192 23 85 202 243 71 18 -29 -181 -230 12 13 -131 47 -186 207 203 135 198 -30 -46 16 -147 -90 -121 -122 -85 -78 84 -159 104 48 209 -126 -53 -183 117 10 -104 77 25 76 73 2 232 51 170 59 225 205 151 -151 -82 197 199 240 119 -7 179 -119 -106 136 -97 112 29 -202 -15 181 69 89 -182 201 24 -93 -74 -45 -60 108 -215 -4 -61 143 -229 -110 148 -199 105 -179 -9 146 -10 -149 161 6 126 176 -28 150 183 -212 -162 -112 26 36 165 -63 222 5 137 -140 -236 102 107 -3 128 224 78 -37 217 -20 42 -142 -133 -102 -107 -111 -231 -148 99 211 -198 -68 127 -166 -205 -44 -34 187 -70 14 -101 174 -65 32 247 221 43 246 -249 -27 -217 249 35 90 -17 37 -81 129 -170 195 -114 141 -188 -225 -190 169 28 -22 -158 -51 -55 111 -76 125 7 -18 93 147 -152 -218 -23 -86 -216 -31 -180 -14 130 -21 134 -200 133 -184 -187 -36 -245 -96 -214 101 44 -240 97 -118 185 -75 -113 -89 -189 22 -123 -100 1 -16 -26 -209 21 -228 142 -67 153 88 238 -204 55 -172 219 -130 -196 159 -54 56 -72 38 -24 248 -87 244 230 114 214 60 -99 27 -154 -242 220 50 -139 236 110 157 -219 -64 79 -8 -105 -143 140 72 -56 163 -155 218 -173 210 178 -116 -6 -129 -134 -207 -71 103 123 15 120 57 122 234 20 -201 149 -169 -163 11 152 -243 -223 139 239 180 154 -150 -185 98 -52 9 188 -171 162 -92 62 -165 228 33 -241 -12 75 245 66 196 61 -244 -5 155 -62 -176 19 -39 189 -59 223 -32 115 -128 -175 132 -210 144 -40 -247 -206 -224 158 -177 -125 -213 -58 177 -108 -164 -227 164 94 53 31 -203 -13 -73 190 -47 -237 -232 168 -57 -91 235 100 145 -160 167 82 -234 -197 -161 173 30 -144 45 
TEST 133 ARG:-174 192 -144 23 5 -78 98 -240 -134 66 -122 -95 68 -35 198 -103 -239 129 175 -171 39 42 176 -132 101 145 168 190 174 26 -167 9 -52 35 72 83 -91 139 -203 -157 90 149 32 -45 -235 -211 -185 -15 -66 18 -53 -82 -233 96 71 245 227 36 30 106 215 95 158 -115 -21 183 10 -229 189 185 -81 137 -97 85 -210 -228 -152 -105 -166 155 54 -18 88 135 -148 -188 178 142 -70 74 -236 -51 206 208 117 -245 -131 -199 173 -32 -126 -24 -163 -142 -244 202 -87 152 -249 -194 -120 99 108 -102 -133 73 -101 -127 -217 -37 169 84 -154 184 128 -202 -243 -139 -141 -76 118 219 93 -216 86 248 -201 -112 234 241 171 148 162 -221 -104 -2 182 159 -213 78 102 -160 100 -5 -129 237 121 91 -138 -205 -232 -121 92 -86 -34 17 -176 51 -63 -227 62 77 221 -56 231 -27 130 -184 249 154 -26 180 -128 199 -14 -125 -42 -180 -197 133 37 -8 -84 226 122 27 131 -30 -57 222 244 -204 -234 238 -247 -109 -62 214 115 -140 127 11 105 -12 -123 -71 134 -88 -116 58 52 218 247 41 -226 57 -156 -39 123 7 217 236 -72 -47 150 -31 -183 -170 207 47 194 203 -135 38 -219 -146 109 212 181 20 235 -224 160 50 24 164 61 104 228 55 186 143 -17 124 -59 177 60 144 -107 -74 132 -49 -1 -190 -117 2 157 -16 44 151 12 -29 -67 220 224 0 -248 -231 -3 -155 -212 80 -36 -151 188 196 125 230 -161 13 -40 -83 -6 216 165 119 -230 89 146 19 -214 197 114 69 141 147 33 195 153 -196 113 -92 -179 136 -25 -94 -165 -218 -187 -38 -178 -28 -198 213 -242 -193 45 -99 246 107 -4 -61 82 223 -159 29 -136 -93 94 -164 15 -222 1 -238 193 103 -55 -69 -209 53 140 138 -110 -153 28 166 -246 67 -9 -208 -68 3 22 8 -189 81 21 -130 -200 -23 -225 -114 -162 -96 211 -75 -58 -90 225 -206 200 40 -13 76 -169 179 79 -150 170 -237 111 -48 -11 63 -50 -241 -168 -124 -85 -111 110 172 87 -19 -207 -145 233 -143 -7 65 -220 187 -41 -192 -73 -172 -22 56 -177 14 -46 -80 167 232 239 210 49 240 -108 -89 -119 46 120 -44 -147 70 -215 31 229 -79 -158 97 191 126 4 163 -191 16 34 -33 -223 -106 242 43 -60 112 201 243 156 -43 -181 75 -175 -186 -10 205 -118 6 -195 204 116 -54 -113 -149 -173 -137 209 -20 -98 25 -77 64 48 -182 -65 -64 -100 -250 59 161 
TEST 134 ARG:-199 -104 -209 -67 50 -101 105 -54 -83 44 -234 128 234 212 -37 -114 -33 -38 236 95 94 145 -233 -42 58 209 165 157 -69 238 17 -55 -66 -19 30 -17 -35 -219 101 -148 -82 210 14 -24 -221 41 25 -171 149 -72 -12 -158 107 -205 129 23 -131 26 133 182 37 78 215 211 46 223 11 193 135 142 -34 -57 20 175 121 -223 -59 -163 153 -7 38 42 73 -218 -65 43 205 -123 113 -174 -181 8 -120 -121 9 158 221 242 51 -155 151 137 -110 -169 66 116 237 127 -208 -53 120 204 -196 232 -136 33 -47 -237 183 -179 -20 173 -167 -91 -119 -77 -168 -118 36 -70 -160 -200 -249 13 -89 -36 220 70 -25 -45 -225 169 -191 -2 -130 55 -240 -217 123 -115 -239 19 3 -97 45 -49 -61 243 85 -21 -135 5 31 -43 109 -112 -145 80 -117 93 110 -226 174 -13 -188 -206 134 -80 -95 226 83 -187 -193 103 15 -204 -245 185 -232 -52 -132 119 -176 117 -134 74 196 124 77 192 213 16 201 -108 130 -177 -137 -6 -73 -74 49 104 -172 -161 -194 118 187 68 -149 164 86 195 -26 108 -76 -142 7 -236 -157 -88 57 -116 -15 244 -78 21 88 200 1 -14 231 131 -109 67 168 170 -139 -51 61 -144 -190 161 -3 -210 -202 -60 177 24 222 69 245 197 -1 -250 -93 -231 59 -4 -192 150 -128 125 62 198 246 75 240 89 -220 203 148 -228 -10 52 100 -198 191 -133 -186 178 -16 98 248 -48 -189 140 -211 29 6 -184 -151 -153 206 189 -31 -242 126 34 -129 -68 -122 10 106 -84 40 -29 247 97 -247 -40 -248 163 138 -140 -230 -138 -124 -90 -11 -178 102 -96 81 60 -32 -98 214 202 -203 229 63 -28 -127 -207 156 -162 -99 -244 12 235 -62 -102 152 155 199 228 225 -173 35 -75 -238 -150 132 72 -126 53 219 -92 -63 54 136 47 96 166 179 143 2 154 176 -141 -159 -39 -197 56 87 -213 -5 -87 186 -27 239 111 -185 -56 -154 -111 181 91 146 180 218 139 22 -107 -216 0 114 227 -44 216 79 -23 230 144 -180 217 -64 4 -41 82 -212 -79 -125 160 224 188 -175 -106 -183 167 -22 -71 -165 -227 241 -164 -170 90 208 -246 -100 162 249 141 99 -30 -241 -46 -156 -86 -182 48 190 -229 233 -103 -85 -105 122 -8 -214 28 32 -81 -146 -224 84 147 -215 18 115 -9 92 39 71 171 -147 194 64 -243 76 -201 -152 65 -235 -94 -18 -166 159 -143 112 -113 -195 184 27 -50 172 207 -222 -58 
TEST 135 ARG:-194 -247 -198 -151 -1 78 -240 161 223 230 155 5 -45 -95 193 -60 -120 -130 27 -241 -14 99 -9 222 -72 -147 82 100 -5 -208 187 62 -155 85 -36 -77 -223 -33 -67 224 207 10 175 -205 -167 64 218 139 -224 101 -19 -157 -231 110 4 -102 18 9 162 67 212 -250 30 8 -243 -129 243 -50 159 158 138 95 -174 -142 -164 -26 53 170 -234 -158 44 -235 153 -98 -159 24 32 6 -59 137 216 247 231 174 125 91 236 -217 -184 -94 49 56 -4 -218 -140 196 -35 -99 191 147 215 -113 46 -88 143 -179 12 120 93 179 118 221 -178 -191 168 167 -127 -24 -192 -219 -168 42 119 -30 -42 -90 -134 -80 -13 -197 -188 -172 104 34 -239 152 132 163 -175 203 -44 171 -212 156 -105 240 -103 97 -170 -125 229 130 109 -145 -207 178 -173 31 -236 -112 220 -55 -122 -183 -34 157 242 131 235 7 33 -149 -110 -176 21 -248 -65 -76 -57 225 57 -228 -3 -201 -118 40 15 -123 -135 59 121 98 89 -75 200 -32 245 -27 -100 -229 -96 48 239 -144 -85 -48 -82 148 -237 -69 -193 -56 140 -87 -161 -47 197 88 45 146 84 145 241 -29 -246 3 -153 -93 -106 246 -119 124 -41 149 -23 181 50 2 58 -166 -209 -43 -211 -202 -109 -186 86 205 -180 -91 63 -162 -97 112 -232 -54 -199 -58 199 83 65 150 -185 102 -49 -121 -89 -206 136 219 208 26 71 198 116 -70 234 70 -64 214 129 -204 -200 -52 -141 244 -111 180 213 23 -74 28 52 39 -131 -2 38 77 87 68 -53 248 172 206 -171 135 -133 -190 90 126 -220 36 189 165 51 -116 127 -138 22 144 -84 43 -226 -148 249 29 -181 80 -79 -10 -222 233 -187 -7 -196 177 134 -15 -25 -189 -165 -136 25 201 -238 195 69 -245 -249 -81 -73 79 -22 -21 182 211 188 -68 -11 72 232 -114 66 184 164 -244 186 -227 227 103 -132 -182 -242 92 47 -128 -156 217 -126 202 133 76 74 -169 122 -195 -61 54 -104 114 -225 -152 -139 113 204 226 -31 -146 183 190 -216 96 185 14 -213 -154 -37 160 61 55 -137 37 -63 -86 107 -62 -107 -210 0 13 -117 41 -143 -177 -17 -215 -71 81 -108 151 -230 1 -203 17 -28 123 -66 194 210 -92 -20 19 -6 106 -115 60 -78 238 173 141 -46 115 75 111 -16 -51 -221 -150 16 94 -233 176 35 -8 209 237 108 -124 117 73 -12 -40 142 192 -214 -18 -38 11 228 169 -83 105 -101 -163 166 20 -160 128 -39 154 
TEST 136 ARG:-216 -186 -15 -153 134 -22 -152 -104 -78 1 55 81 -8 247 -105 -64 -98 -111 232 -25 -84 -197 -26 -220 -160 182 -213 -102 -106 -196 -159 94 179 -55 -208 83 -187 73 64 -144 -49 -194 215 -63 17 8 -50 -27 -148 -135 12 -151 -201 -157 89 -228 113 -203 -1 243 124 -60 82 -225 -175 -100 -167 -172 -95 -232 -6 -169 -118 105 -195 96 77 -221 239 88 -70 -18 197 216 47 -57 21 -7 137 92 209 -236 110 213 46 211 84 -233 -247 -129 -133 193 192 228 43 -10 -182 -202 -97 -235 108 188 -127 14 -71 -161 180 -168 -112 212 44 102 32 135 70 119 95 -11 170 233 122 -154 61 240 -183 158 -77 168 149 121 202 236 -107 187 -224 -128 171 34 141 235 -178 112 57 227 -88 27 -219 -131 52 115 223 -143 -204 26 -176 199 65 -250 -130 -222 -44 238 16 231 -36 146 -115 54 -231 -16 62 -110 143 206 -38 -170 -41 51 -4 66 48 186 -147 -242 5 -238 -30 234 201 30 -198 -37 53 -142 131 -212 79 125 -73 -75 177 -141 -126 -74 42 -5 50 -199 -246 138 -80 -166 -91 -94 164 128 132 200 7 -20 151 225 85 144 -114 237 39 -140 190 -185 147 -190 249 41 15 156 103 114 145 -123 -184 59 161 25 181 173 -162 68 76 -179 87 194 104 45 241 244 204 69 109 -117 -85 217 37 133 159 86 -241 -124 -43 107 -243 -17 207 123 24 71 242 -66 -206 90 60 198 148 -181 -33 101 -200 226 248 -211 -24 -180 -69 -96 -32 -230 178 -99 -14 -116 203 -21 111 11 -245 67 -155 208 -150 98 91 174 -89 29 40 185 -193 -108 152 165 -53 -188 -125 -31 -214 -67 -101 -121 -132 -205 -13 126 -134 162 191 -23 -119 -145 -3 -189 -19 100 129 -165 -244 10 -109 -9 -136 -248 183 -156 -52 224 -47 23 -93 -174 150 166 195 -146 210 18 -34 -2 -48 118 -227 -113 31 142 99 -58 -149 -103 -218 163 22 106 205 -226 28 117 13 220 -210 -229 36 3 246 -122 56 -234 93 -120 230 58 74 -51 -46 222 -215 20 -83 -192 -177 75 219 -164 120 245 139 -39 -68 -79 157 136 -56 -138 -207 154 -28 -54 -76 184 176 6 -249 78 189 160 72 -45 -92 196 -40 -171 -72 -191 19 -209 -42 127 -137 38 -223 175 -12 153 -62 155 63 -237 -90 221 -65 4 167 214 -29 9 -86 35 229 -81 -173 -82 0 140 -35 116 33 130 49 -217 172 -87 -59 97 2 -139 -158 218 80 -239 -61 169 -240 -163 
TEST 137 ARG:103 -65 -221 162 155 157 181 139 -94 229 18 -177 -102 -206 -75 212 -191 -42 -43 -185 51 119 -149 61 185 -61 -205 28 226 -86 99 239 -156 124 41 -188 -186 15 -173 -80 187 122 249 6 -147 159 -194 -76 89 40 26 134 70 127 -54 -31 -184 114 64 1 -84 -123 195 -85 -148 -122 69 -183 179 -220 -14 233 -114 149 -117 88 217 -202 80 135 4 -195 161 -168 160 -229 -201 -217 -68 -242 186 173 238 151 -27 208 -109 219 22 -212 32 11 244 -163 -99 -18 25 -58 12 -216 232 16 128 110 -214 -37 -198 -158 31 57 45 -179 204 -241 240 153 -248 -139 -124 201 24 84 -10 -226 -223 -12 -199 -154 218 -121 -239 82 23 230 -38 184 -16 228 -128 143 96 -105 202 -67 67 210 -249 -125 3 -231 77 -20 142 107 -17 148 2 20 5 -181 141 235 58 177 94 -169 -89 -243 118 120 83 -26 -126 189 209 -106 -19 130 -135 192 178 -171 -237 -176 190 -167 -193 -157 -57 125 -228 -235 133 79 116 97 -187 33 136 102 44 -234 72 246 75 -240 -41 -189 -4 48 -15 -180 -170 9 -11 -60 -137 -161 207 -25 -152 -96 -70 -8 -204 182 109 188 -51 -127 -227 -40 140 47 -178 -34 -21 -103 183 -88 221 -98 206 -115 216 42 -245 -64 60 247 65 -87 245 -112 108 -138 -62 -95 -244 -93 95 152 -78 -29 -222 -92 56 248 -56 -22 165 -247 -59 194 132 -213 227 30 -47 -238 -77 138 -111 -79 -45 10 -35 147 74 158 -159 121 -36 -120 -116 -133 -172 -165 14 -131 220 180 90 -48 66 -140 -44 166 -63 150 -207 211 137 98 -97 199 -52 46 -108 -155 175 -101 191 213 -232 -32 -219 -2 34 -110 170 -55 -210 167 197 -218 222 -69 21 -119 27 63 171 163 -3 55 -28 -208 -153 100 -83 193 242 115 164 -30 104 -81 -136 176 126 -107 -142 169 -164 62 73 7 174 129 225 87 205 101 131 -145 -73 112 -211 -66 -49 13 -203 -100 43 91 -236 214 215 81 8 -197 -5 -71 -33 -143 198 -104 -130 -225 86 -162 144 -246 234 224 49 -209 -132 36 85 146 -72 -174 156 78 52 -151 0 -146 -24 50 106 -215 243 203 -190 59 35 -82 241 -50 -150 54 71 -250 -90 145 -7 237 117 200 196 68 123 93 -46 231 -141 37 -118 -200 111 168 -74 -144 76 -160 223 -1 -134 92 -13 17 -129 -9 -192 -175 -224 236 154 53 -182 -91 -166 113 -196 -53 105 -113 -6 19 -39 38 -23 -230 172 39 -233 29 
TEST 138 ARG:-210 -165 182 -176 86 -50 -149 -35 -42 58 -31 -204 198 -82 159 -129 212 -90 151 199 54 -161 121 -51 -208 -140 -186 -85 33 191 -135 -184 196 120 -76 17 -125 -55 -36 111 -5 -159 203 135 232 -29 155 44 15 -3 -233 -153 106 -174 -194 110 -14 101 -241 -92 19 79 122 -216 152 -123 -168 112 132 -158 10 -162 216 -65 55 109 -23 -13 -61 -112 -226 -178 66 99 200 -95 134 162 -185 -245 -102 184 -124 188 113 29 -222 -152 -60 170 -53 -156 78 190 -101 21 -211 141 244 -18 -64 218 145 -97 242 -127 -68 2 -195 60 32 -122 -232 57 -8 -54 -228 -113 -1 -138 73 205 108 136 -107 -155 -130 -134 -150 -27 -209 -56 -80 -114 95 176 -126 197 222 -118 -67 -224 9 92 103 -214 -74 65 56 128 -213 -117 45 -238 -94 -96 69 -57 189 -212 -151 217 -38 -180 180 -192 5 75 -105 123 61 223 -164 -32 83 149 -119 220 -246 -22 -142 153 53 142 210 107 -220 -89 24 -69 249 -207 238 208 97 247 -225 246 178 7 -30 204 -169 -33 70 -181 -66 -132 175 -12 -104 230 126 -244 -172 46 -139 -37 -20 89 215 239 237 245 -46 13 -136 -166 36 167 144 157 -157 -39 -221 27 248 -202 28 -240 209 14 -41 143 -40 -103 22 -78 -45 96 84 -2 -197 206 228 37 194 -160 -201 -227 31 51 -110 50 117 -250 -9 -200 -239 -47 -58 74 139 -131 -249 183 -99 129 47 -170 -144 1 0 40 234 4 42 -28 -141 -237 225 -81 -188 173 233 -120 -230 -198 23 -199 -175 211 227 -242 241 -73 -217 -79 221 12 102 116 160 52 147 -17 187 146 -106 -171 -234 88 -52 -236 94 172 -146 -49 226 16 124 -84 100 231 -111 140 -75 26 -59 68 34 85 -190 38 192 41 243 179 235 -121 104 18 193 -83 177 131 81 -10 67 35 6 64 240 3 -191 -205 -173 -77 -133 -189 25 165 127 -108 -16 -148 224 87 -7 186 82 -88 -218 -177 -215 -48 -19 -179 164 -44 174 236 148 90 91 -21 62 -34 49 133 195 -26 -72 -87 -4 63 -116 154 -247 115 -206 -154 -128 166 -145 -196 -62 -91 -115 -93 163 -182 156 -248 71 -86 161 -219 80 -147 -229 -223 -43 202 -24 -193 -25 119 181 185 130 -187 59 214 219 169 -70 150 30 -15 77 -235 -71 158 213 125 48 138 93 207 11 114 20 -11 98 -137 8 -98 76 -183 105 229 39 -243 43 -63 -100 171 -109 -203 168 118 201 137 -6 72 -167 -143 -163 -231 
TEST 139 ARG:23 124 215 -206 122 -178 24 -220 -93 -172 106 25 -147 233 -77 188 -212 206 67 102 229 -230 -74 35 183 235 -223 -118 -46 -131 -66 171 -12 182 -35 245 -200 218 6 28 -203 -72 -67 -30 232 -9 -207 127 -179 143 -114 243 -91 83 175 -69 -241 -185 200 -158 -136 148 -140 -21 68 -83 89 -141 105 -26 -122 -201 -202 97 -2 -14 31 -177 -235 151 -64 78 147 -33 -144 -75 177 8 -98 179 248 -38 -78 212 71 150 109 30 181 53 116 -197 140 170 -242 49 51 101 -120 -63 94 131 113 130 112 22 246 125 -156 87 -171 -155 -11 -215 -49 -143 14 -16 -224 -84 -183 204 96 -97 -157 193 135 -89 208 -32 -150 -39 1 -41 -221 -233 -129 84 93 60 219 -190 152 176 -68 -111 -47 69 -227 217 -50 -152 46 -130 139 -109 -145 154 153 -126 -22 55 -153 -199 -96 -128 -240 -110 -88 -17 247 160 -44 -92 -232 -59 9 91 241 26 -123 18 114 -211 -167 201 -76 195 228 -10 -226 37 -247 12 -56 -182 -43 -8 42 207 -4 2 32 -25 146 149 -194 249 -250 -217 145 -213 115 -73 56 172 59 -214 -139 61 -100 -175 29 -189 196 184 -65 -105 63 88 189 187 52 169 -57 -101 132 141 74 -18 19 -55 -246 -1 -112 -180 15 242 197 -34 -132 237 117 225 166 95 -48 155 62 -205 107 203 -135 -169 -162 156 5 227 -19 86 120 -225 -161 168 73 77 -134 -163 -234 -236 -192 66 244 41 -7 75 -117 158 -81 34 -29 72 39 214 54 -160 -108 -116 128 162 11 202 220 -3 -228 81 -166 198 234 57 103 -237 -79 136 165 190 47 -173 -170 119 58 240 -31 111 82 -42 121 45 -6 -82 167 27 -13 159 174 -115 -184 199 -209 224 -119 138 -94 -102 -51 -23 33 -90 133 76 211 -193 65 -36 -196 -61 -62 221 20 210 -60 -125 194 0 4 -70 -191 213 -99 -204 -195 92 186 238 64 21 -58 205 -159 -113 -45 -243 -186 13 -154 -24 -27 70 144 -53 239 85 -229 -142 43 134 -218 17 36 -149 -106 137 118 126 -54 -103 -151 -86 -249 178 -40 123 231 -138 16 -107 7 -210 -20 -5 -239 129 -15 -52 223 -198 50 -176 -71 90 -231 -174 40 191 -238 79 -137 173 3 80 -80 185 99 209 44 108 163 -188 -181 -148 -146 -208 104 230 100 -165 110 -121 -127 -124 -219 161 -37 -168 -187 48 38 -245 164 142 222 180 -164 157 192 -133 -248 216 -28 -216 236 -222 226 -104 -87 10 -85 -95 -244 98 
TEST 140 ARG:-89 126 -26 -67 67 199 94 -216 26 -77 -124 -57 208 -7 249 82 216 -226 -248 35 -14 -11 70 159 -190 131 -196 -247 24 -159 -239 -47 129 138 188 220 -39 -17 -153 -236 45 -207 12 -208 114 56 193 -121 55 182 -75 42 -211 -33 229 -233 -44 23 167 -140 62 -28 -232 175 153 -13 196 -87 -151 -191 -227 63 -107 -71 150 -149 130 5 -230 3 -225 165 -158 -108 100 -218 -172 -229 -243 246 -241 -63 -27 154 64 133 -141 -3 -202 53 -90 142 83 -137 240 -24 110 32 -110 200 107 -237 -41 -194 79 7 161 86 57 -234 -201 135 -123 172 13 -104 180 61 -48 -34 -118 -173 -142 184 -56 -244 201 -134 40 14 228 221 44 -38 144 89 -249 -163 214 151 -213 -217 66 -168 -91 -113 -70 27 -52 222 31 -184 10 158 99 -62 -192 -242 -20 212 9 69 155 -81 -240 202 22 -66 -50 -235 -6 -162 -59 84 -203 157 -42 34 -128 113 134 -200 244 121 98 -2 37 -179 -92 25 -19 -133 -30 -120 -1 115 -37 6 149 -220 248 140 -167 -125 -155 -72 -49 18 235 -73 -206 195 191 29 -116 -94 -46 127 233 227 68 -29 -15 92 -21 -78 -111 132 241 38 164 -165 128 209 -136 185 72 169 90 41 -18 -117 -160 8 109 47 112 -181 -93 -109 -222 -101 77 -182 11 -132 60 -85 49 137 236 -127 187 -97 -150 2 183 76 75 139 17 46 -23 197 232 -145 36 237 91 -16 173 166 105 247 59 -161 101 -40 234 -103 30 -166 50 -246 194 74 174 218 -193 -83 -228 -210 -76 -31 -79 87 15 4 -126 -146 178 1 93 -204 171 0 177 162 -105 -35 118 -74 96 -187 243 -122 163 -188 145 -99 78 -231 33 120 238 -143 245 122 215 -186 -157 219 80 230 -12 95 -164 152 203 -106 -69 -61 211 28 119 205 52 -171 186 189 -95 111 116 207 -209 16 -178 -180 -82 43 -205 -152 -214 103 231 -64 -55 -223 217 81 198 -189 97 -147 -135 -219 48 -221 -177 143 104 58 21 -199 204 170 -175 -68 148 -4 -250 -100 -183 226 224 -224 181 -32 -102 -144 242 -80 -43 210 -195 -212 -5 -238 -10 106 124 73 39 71 -9 206 -148 -154 225 -198 -114 -174 -185 192 147 -176 -96 190 -169 117 136 -51 19 54 179 -84 -245 -119 160 123 213 -115 -131 -98 108 51 -86 239 -25 -138 125 -88 141 88 -197 -58 -139 20 -215 -45 65 -156 -60 -112 223 102 -130 -65 -170 -36 -129 176 -8 -54 85 -53 168 -22 146 156 
TEST 141 ARG:200 139 64 171 -33 -218 -56 -147 -207 -232 110 -215 159 76 157 -97 -125 103 -95 -36 241 -7 32 143 -249 134 106 42 80 -10 210 -65 -28 -149 -188 -67 242 145 195 -84 21 83 -175 -168 17 -66 221 36 70 61 -31 26 113 105 -21 226 79 100 -171 84 -71 -122 -108 136 -124 -113 214 -191 -193 -203 184 227 120 -141 5 -86 55 116 211 121 148 236 -181 -106 -178 67 219 -222 -47 212 -184 178 -250 -85 239 162 -158 215 22 -59 -144 199 -112 -239 144 165 -204 234 -127 -117 -1 131 -200 126 108 -121 -44 169 247 -192 -228 232 -119 14 0 124 -238 47 249 102 48 40 -27 -180 -101 97 -22 -167 -220 -61 69 46 50 56 -221 -99 37 -225 -116 142 65 191 172 -18 179 -48 -73 -201 -96 -248 -118 161 190 -58 -132 -63 -140 -60 180 -70 -137 9 223 -9 220 -114 112 95 -6 -195 197 -40 -189 -155 92 74 -227 62 -104 141 114 -208 101 -2 -217 20 -64 16 -136 -49 -165 -156 -236 146 174 -77 -223 204 -160 -234 -41 -172 -243 230 -170 -176 -150 109 13 1 -100 -8 41 -183 182 173 -30 -81 -39 166 -129 6 224 -224 51 206 -94 85 -169 176 -143 -13 203 23 25 107 152 183 -82 -24 202 -235 3 149 -241 99 -186 27 -244 -206 207 188 -247 52 -212 -42 54 158 237 -88 -216 -69 177 -75 -74 167 -12 -105 -151 187 -62 111 -93 -3 -26 75 15 -53 -123 185 96 33 -210 -242 -148 132 -135 155 60 -19 231 -34 -51 -134 -20 44 -23 156 -89 -214 -174 163 63 154 -83 91 -219 8 90 -163 217 29 78 82 -103 122 -79 -152 -54 81 137 238 225 198 -126 38 -190 130 194 193 196 117 222 12 153 -109 -43 245 -179 -80 -76 7 -68 -209 160 73 181 43 24 233 -46 -182 -246 68 -87 235 118 71 -213 -237 228 11 138 -240 35 -72 89 125 -230 140 45 127 -4 243 -32 28 133 164 240 218 -35 -50 119 208 -245 -55 -57 -199 -194 -15 -14 -139 93 -78 -130 -37 -90 4 123 66 34 216 -38 -102 30 -25 -91 135 246 59 151 -185 -107 -146 -5 -115 170 -17 192 87 86 -128 -159 189 -177 -154 -202 209 -98 -52 229 248 19 -131 -198 201 -142 129 -145 -187 168 -45 49 -197 77 53 205 72 88 115 -110 -162 -157 186 2 -133 -164 -120 128 -11 31 58 175 -231 150 -196 94 -166 -229 -211 -205 -161 -233 -153 213 98 147 -226 -111 -29 -16 57 104 -138 -92 -173 10 18 244 39 
TEST 142 ARG:108 -164 -57 -59 77 -238 199 119 44 -110 149 -186 -77 78 -11 202 210 -10 162 156 -5 -106 -68 -228 14 115 -35 -105 92 -65 -124 21 -199 3 131 -64 36 -66 -108 -144 -72 -40 243 -89 118 -219 -102 84 71 9 40 52 88 -112 -180 -29 -211 65 -201 -98 -225 -217 -235 87 117 39 161 60 -141 -136 23 114 -94 74 231 170 56 15 174 204 -147 -34 -96 -248 -237 -88 -17 125 -222 247 146 182 -148 93 31 -247 -221 61 188 236 113 -44 157 150 18 -25 -75 7 -152 -249 70 17 -209 -52 -26 144 -6 -214 -92 0 -8 -250 -191 -169 -69 235 -195 -12 11 19 -70 -31 24 20 155 -183 -184 -140 -138 59 50 -162 185 28 207 26 128 208 -123 -22 -215 148 239 220 134 -56 94 -33 -236 -111 -213 -137 57 -166 -165 -27 249 212 129 -121 -84 -156 214 227 187 209 51 46 -14 -224 25 -171 195 -196 80 -175 -104 90 -16 -117 -223 -91 16 130 -103 245 69 63 48 4 -198 181 35 -245 232 -216 -241 -159 101 103 -21 183 169 -23 -74 194 217 215 141 -93 -86 140 -2 -60 -41 124 32 -79 -18 147 -47 -100 121 -122 -118 -109 223 229 102 203 -189 81 47 201 127 -1 82 1 67 -154 -71 163 45 159 -39 -42 -135 -240 -232 -87 -151 -107 248 222 89 126 -194 -205 -206 2 116 178 -167 43 42 85 -182 27 132 -161 -185 219 135 -210 -170 -83 -46 237 175 -119 168 160 176 184 -20 -134 -131 -226 164 -190 158 -220 -95 142 34 -243 91 111 -181 -234 -114 213 37 196 -62 193 29 -231 -129 -19 123 -203 -142 72 151 244 54 12 -32 -28 109 -163 233 -38 -208 -246 225 96 171 -73 172 192 -179 -200 58 38 -58 -139 -24 -244 13 -143 -155 -101 226 241 -218 22 -229 -230 145 -90 -7 -55 98 -54 -168 75 -150 6 197 211 -81 -187 177 76 -239 10 -116 165 -63 198 -80 -160 -82 -45 -207 -15 -99 86 104 -49 228 138 -227 143 -174 -120 230 180 242 -242 5 153 79 -3 167 122 -204 133 179 66 100 -76 -78 -85 -30 -178 -126 -132 -4 216 -125 33 -193 120 206 186 152 62 -53 41 95 224 191 112 -97 83 106 -158 139 -61 -51 218 205 -13 -43 -177 190 221 -153 -145 200 -9 105 -50 -113 -202 -48 30 -149 53 -115 -146 68 73 -212 136 -173 49 154 -67 -233 246 189 8 64 -188 -127 99 -192 -176 -37 110 -128 -130 -197 -133 -36 166 107 -157 -172 173 137 238 55 240 234 97 
TEST 143 ARG:-166 -119 -51 167 122 -171 -48 -156 -151 -170 58 206 192 -164 -17 -145 178 -61 70 104 215 -58 -97 -215 -74 234 80 -208 -214 -201 220 118 -13 -236 41 48 -35 -60 -135 115 -233 214 65 46 193 -165 -192 -234 -228 227 200 96 112 -206 -94 -59 -195 -179 -69 62 123 -31 188 66 -33 -110 53 -72 82 -226 -139 183 -180 216 197 -101 -121 -56 -128 -225 185 -246 -207 69 108 -245 125 241 -34 -188 -158 158 -53 190 166 -83 245 -239 203 -120 -248 176 -221 -2 -66 -222 169 -162 14 -49 137 31 -163 -98 179 28 -88 -81 134 -161 -160 -199 -3 -193 207 244 32 -210 -15 76 156 -250 -198 -73 -89 -173 141 226 106 -157 150 75 171 201 -55 -126 126 29 20 -190 -79 -87 168 124 54 102 1 -75 111 24 -191 143 151 -182 195 73 247 -108 -167 -129 42 240 222 56 -136 12 86 -227 140 -118 130 232 59 60 -189 92 -50 -26 154 186 187 -5 -10 -100 -147 -23 21 98 153 -39 39 -159 13 204 -67 105 209 -216 -130 103 199 -54 87 116 -247 212 -116 107 121 -187 -90 -211 -152 236 49 -82 235 157 175 -231 -41 145 -85 72 -131 -196 -149 194 -243 182 -205 -24 -42 37 -86 229 -22 47 -1 0 -29 79 -70 -14 -99 -38 -213 210 -8 218 242 -168 27 22 -113 173 113 -177 -144 -150 205 -92 -127 -138 164 84 94 -176 208 93 -37 128 90 217 155 89 -134 -96 -102 -47 71 33 -9 -65 228 172 4 142 -103 -43 -123 5 248 138 -52 -20 -240 -16 -105 7 196 -224 -154 -143 -137 230 51 -242 19 101 77 100 -107 -244 -19 198 -106 221 -68 -117 184 -229 -62 -132 -232 -78 -185 136 68 165 211 181 -209 -178 233 202 -181 -91 67 -241 -76 -194 114 -186 -133 2 161 -175 -95 -36 11 163 85 -25 -197 -45 -115 -114 45 6 -148 162 55 -80 81 -155 225 159 149 238 -84 8 -172 74 -71 36 9 16 177 243 -112 139 191 99 -57 57 63 -238 44 160 152 -223 170 -125 -28 110 -169 189 -184 127 246 97 -235 237 -140 40 148 61 17 -203 -142 -40 -63 -174 -219 64 -32 -104 10 52 -27 -30 91 -77 132 15 146 -202 144 30 231 -44 83 43 239 147 133 -230 18 -122 213 -109 -200 -12 -249 180 23 249 -7 -146 -6 -111 35 95 78 219 109 -124 120 -237 88 -220 -212 25 -11 -46 119 -183 224 -21 223 -217 -4 135 -141 50 -204 -93 131 38 -218 34 -153 117 174 26 -18 129 3 -64 
TEST 144 ARG:-202 -110 155 113 -121 -187 -144 191 -233 126 187 -127 150 -175 -162 -13 -249 -94 28 2 36 -3 188 -212 88 -172 -142 -73 212 -153 51 194 -35 -17 219 -174 -149 185 81 -111 85 -95 -184 -126 34 222 -145 -179 -244 115 201 38 -19 30 -193 112 215 209 -139 -93 -11 11 143 -231 -31 -237 -46 -159 -106 134 -107 -245 -5 95 244 121 -12 -116 -234 70 16 -76 -15 108 127 21 202 -218 -38 37 93 -61 0 -150 -140 -176 217 -8 -198 152 1 195 -180 75 241 -7 -203 198 -118 130 -131 247 6 -147 -120 -100 -10 -32 40 166 161 -197 223 94 -169 169 238 -36 111 50 -33 186 44 -47 -182 58 42 -91 -213 210 47 103 -29 114 190 23 -86 -190 181 63 156 102 164 26 245 -188 -133 -69 -104 -43 -30 56 -247 -101 -191 66 -177 117 -108 208 17 20 -1 133 4 91 72 221 168 -59 220 -225 -88 5 205 -66 179 65 172 96 -196 -205 -6 128 -224 176 -160 -109 248 33 109 -152 -105 213 10 18 142 -210 -41 -98 -63 -134 52 -44 -221 141 -117 -199 -82 46 -154 -211 -85 204 -200 -226 -50 -206 -28 -122 -220 231 54 160 -216 -250 230 -75 -240 146 -40 196 -27 -34 92 59 -24 -14 97 197 -56 -64 98 -192 237 -223 203 -242 35 148 159 22 14 100 15 80 233 104 174 -158 183 129 173 242 84 -74 154 -54 -119 19 -217 216 -65 69 62 -183 8 9 105 -68 118 -90 -22 -60 -215 -161 236 192 -170 234 170 67 167 -113 -99 49 78 68 -209 -84 -80 -114 -227 -238 139 -132 151 -49 -248 110 -78 -173 45 -39 -53 -81 182 -166 -219 -208 -185 227 -20 64 71 239 -171 -181 32 -45 -151 199 -135 -222 60 -102 90 -51 -77 138 243 3 193 106 249 -194 119 -128 -178 -201 -79 86 -168 -58 -230 -123 -229 116 226 -92 125 -155 -156 61 -72 -165 -195 -70 136 -4 -129 -189 153 -83 -157 73 107 -204 77 137 240 -2 79 -25 83 131 -241 -207 -125 -21 -37 -52 -239 145 225 -16 89 218 163 -96 132 144 120 41 74 87 140 53 -146 229 -214 -136 -18 246 -97 -89 -167 -137 -163 -42 -164 211 57 178 31 25 180 7 -48 27 -243 232 24 -228 -232 -67 -57 228 135 -115 12 157 124 76 177 99 -141 165 184 175 -71 158 43 -235 171 -9 -23 -62 39 224 147 207 -236 -112 -186 -26 55 122 -148 -55 -103 189 101 13 -87 48 29 235 -138 -246 82 162 214 149 -124 123 -130 200 -143 206 
TEST 145 ARG:-181 174 -105 -13 -17 112 170 17 -114 188 196 176 -144 -241 -217 241 -118 11 -175 8 30 95 126 -177 108 202 156 98 6 136 231 68 -59 -94 177 217 44 29 -231 204 -167 -28 18 -154 -115 -132 190 37 100 -52 159 -205 -103 -120 148 24 207 -12 -50 42 -143 171 13 245 -1 19 236 -98 86 178 -60 -248 -126 -188 -43 121 -234 -173 28 248 16 -192 185 -222 -31 -141 -195 -102 45 209 125 -108 -16 -158 -225 -139 93 128 164 -180 -163 14 -160 -49 -239 -125 -209 -48 -122 169 113 179 50 -176 -229 181 225 124 -84 -219 -109 186 47 -135 -193 -5 -20 12 -151 40 -4 52 -159 205 -184 240 69 -189 120 203 -39 -161 216 -150 191 -240 54 149 -235 -113 -224 5 -186 -30 226 157 214 218 26 -57 -87 239 111 -64 76 -86 -44 -76 57 238 144 -3 -129 43 189 90 -156 246 183 168 140 210 117 21 243 138 -238 -200 -117 220 67 133 -194 -95 -45 224 -183 -36 78 132 -97 -182 20 36 116 7 -148 154 -121 23 -23 182 65 -191 -99 104 27 146 -243 194 -9 -93 58 -81 -134 25 -220 96 -208 -63 -111 4 103 38 -197 -74 81 -133 -211 83 -79 244 -100 -123 -203 -51 200 -247 228 223 167 35 -210 -15 48 151 119 199 -212 -82 -249 -124 22 32 106 162 -26 -166 -56 34 -112 79 122 51 -221 77 -85 -14 -119 60 -21 152 -6 206 56 197 172 -168 131 109 230 -146 102 -73 -226 -53 198 -7 -62 -91 -54 -32 -131 187 129 -38 53 -179 -155 -190 -33 173 180 0 -162 -242 -72 2 71 -245 -2 163 110 -78 195 -116 -236 -96 161 -68 3 -130 63 -101 -27 85 -230 84 -233 114 153 -71 75 219 -145 -19 -89 -80 -61 -35 130 49 -41 -171 80 222 -244 -58 -37 -127 -11 59 184 237 46 -92 70 137 -88 -90 -213 147 101 141 -237 72 -202 1 15 99 -201 135 89 -136 94 -106 91 74 -25 -69 -204 150 192 -34 160 158 134 -153 221 -137 -223 -152 41 97 -218 -198 61 9 31 -70 -170 -67 175 -169 64 -228 -207 -149 211 87 215 235 123 155 -142 234 115 -187 242 -29 -140 233 145 -55 -185 249 193 142 -110 -47 208 -196 127 -77 -24 -214 -246 -174 -65 -147 33 212 -232 10 -40 88 -178 -216 -250 82 39 118 73 -172 -138 247 -104 227 -18 -206 -227 166 165 229 -107 -42 -157 139 143 92 107 -165 -66 232 55 -128 -215 -46 105 201 62 -10 66 -199 -83 -75 -164 213 -22 -8 
TEST 146 ARG:-66 -240 56 83 199 -200 -130 175 -20 179 -247 241 -12 -188 -225 -104 -185 -134 -221 -61 40 -41 -107 42 -24 -162 161 -77 -42 210 -167 188 88 201 178 171 -214 122 -171 184 -195 215 24 86 -238 33 180 -76 -204 -207 -219 -141 -237 -248 133 237 -222 147 -206 -68 -53 157 -179 -44 -96 217 236 80 -106 -198 -70 11 -30 -174 -155 -217 -91 -160 10 120 -126 -157 -78 -8 -82 159 -4 81 -190 1 -165 -209 117 205 97 47 -72 119 -6 203 148 -97 211 -114 -112 -154 -92 -245 125 -199 -103 98 -226 9 -50 110 32 28 -64 163 -26 -123 35 -196 -138 45 96 -31 -144 44 -250 187 156 55 -197 222 34 -169 -187 -113 146 -28 -125 149 -57 -17 -213 219 22 -95 -246 235 -133 189 -34 -233 167 50 111 12 71 214 145 -54 103 220 141 243 53 155 138 -29 212 -208 -121 99 49 -131 -216 -90 186 -210 -120 232 195 69 -173 -11 -128 -166 -15 136 38 213 -235 209 151 135 231 -201 -159 -183 -211 -1 85 -16 106 200 -69 -243 -80 -21 -177 169 -52 70 -35 -212 126 -109 190 -58 -232 95 -9 -146 84 -98 -180 18 19 244 127 -83 198 154 -71 113 -161 218 204 66 3 -116 17 -48 164 74 168 140 29 233 20 130 -186 -86 82 -182 -67 162 -202 -145 -111 153 225 -129 -227 172 -193 57 -163 -132 -51 -178 -102 -43 64 224 37 59 228 25 223 94 54 76 -23 -172 -36 7 43 152 185 229 2 165 -62 142 192 -84 -137 -168 108 -140 240 129 -89 -73 60 39 193 -203 221 -135 -56 -220 -40 242 -2 -139 238 6 170 234 26 31 -39 -105 -184 194 -175 -194 -142 -100 245 13 -224 -170 101 182 23 -151 -234 -60 124 -87 27 -38 -223 5 -147 -176 -10 -110 -79 131 121 144 174 116 -153 93 72 62 123 14 -18 139 -124 132 227 102 91 -3 202 128 -189 158 -152 181 -205 -236 68 -229 8 107 -37 4 -241 67 -156 -63 48 -22 -192 -119 216 -7 0 -136 -5 134 90 -242 191 249 -118 21 -158 73 92 -32 207 208 247 -85 -55 115 137 77 79 -81 -25 -74 41 177 -94 -228 206 239 -239 -14 105 -150 -59 -127 -191 248 -143 -231 65 112 52 143 -244 -49 36 100 51 46 -215 -117 -27 -181 30 -218 61 173 109 197 -46 -65 -99 114 226 -19 -149 -75 246 63 -101 166 78 150 196 87 -45 -88 230 -33 -249 58 -13 -108 -148 183 104 118 -122 -47 -93 176 -230 75 160 -115 -164 89 16 15 
TEST 147 ARG:-189 47 -84 184 17 -250 235 -112 -233 223 36 77 207 204 202 -164 131 -36 -21 -193 238 244 62 -147 102 -67 231 84 105 196 132 -100 24 -17 240 -44 -89 35 218 -70 -124 -93 -229 -167 -197 -72 98 -129 -74 -227 249 -106 -60 -173 -198 -153 60 140 -105 161 -14 54 149 103 181 -232 144 -108 225 88 -33 203 185 -188 148 14 -22 159 31 99 229 -215 126 -238 -85 -249 33 -49 -80 224 211 -110 20 -176 -41 158 219 -63 -52 114 -47 11 64 188 151 -123 245 -102 213 -117 -203 -34 232 228 -64 170 -68 133 -137 -175 107 157 -162 127 -126 -135 45 -77 162 67 -136 -184 135 -32 -237 109 168 173 -217 -218 155 -239 189 199 -201 -220 122 38 95 -155 -148 -130 21 76 1 -119 -29 241 -69 -242 -226 -161 197 209 -73 22 7 -244 100 -7 -30 44 -95 125 220 166 -160 -88 -1 171 -19 25 -16 -177 190 237 18 215 -224 75 -9 27 221 217 233 -104 -114 -13 177 59 -235 -149 -91 -111 -185 -190 163 129 206 -245 96 120 112 -96 -209 32 -183 -142 227 37 156 145 -23 178 -243 82 160 -26 -225 -54 -15 124 -115 -158 186 40 153 141 -223 -120 175 -246 50 -43 246 -27 -195 -240 -56 -166 152 119 -196 30 165 28 -66 -38 146 -39 -83 81 -231 -78 83 130 -131 56 -194 49 19 -170 -4 136 -116 -202 53 -248 87 -192 -213 226 -186 147 29 -179 176 -146 -159 -221 110 -174 23 -107 -216 -24 106 -118 -103 191 48 66 -132 8 174 210 55 94 187 63 -145 -211 118 80 192 -99 101 -53 -101 154 -200 -97 -113 9 -156 -199 46 26 -87 -169 -79 34 -133 208 194 6 -61 -204 70 -230 205 216 -98 79 214 -152 -37 117 -125 93 -121 -207 104 -12 15 -55 -25 -109 -206 -75 -134 -2 121 -18 180 3 0 247 52 10 -236 200 -35 -45 123 -180 -5 242 74 115 243 139 -90 -171 -92 -62 172 -6 -228 134 143 -144 236 -172 183 -157 -128 61 -187 69 -46 116 16 85 111 68 65 -71 -28 72 234 222 137 -141 41 -82 57 89 -59 -222 -76 -3 248 -178 -11 -150 -139 -210 -138 108 -20 92 73 12 113 179 13 -143 -140 78 -31 -65 193 -127 86 39 4 -163 -234 167 -86 169 -40 51 -94 -81 -122 90 -182 182 -247 198 -10 195 -42 142 128 -165 -212 71 2 138 -214 -168 212 -58 -191 91 -219 230 97 -57 5 239 -48 -50 -208 42 -205 -241 58 201 164 150 -181 -154 -8 43 -151 -51 
TEST 148 ARG:-201 -158 -184 -248 -33 -27 -53 -242 67 -82 -191 -226 -167 49 84 -178 144 -190 -146 52 -67 -94 186 85 -249 126 -93 103 -102 232 28 -110 -179 -46 -63 69 -151 -17 77 -234 -137 246 217 245 -113 63 -240 -211 170 206 187 234 -185 225 -100 161 -150 -225 235 -101 75 93 -65 -129 -239 46 148 -235 -45 -68 190 94 238 111 175 -126 -83 178 -50 -193 129 105 66 14 30 -244 -172 -64 -155 -3 205 73 242 -16 -71 -175 -216 10 152 -161 2 -232 159 139 57 221 199 -142 -170 -114 35 -92 -128 -243 47 -13 118 193 -200 -105 81 -23 9 -49 156 -180 -7 -121 -247 -118 -238 -123 -104 -5 224 131 -194 -218 87 97 -119 137 37 -37 -159 -212 102 -135 -210 -187 -78 -221 -29 229 201 88 -177 198 -81 -162 140 -12 -196 -116 -87 210 -39 82 200 -188 -197 54 -2 184 -20 120 151 -209 -51 24 -42 183 -107 124 -154 -103 -195 -220 -213 -163 -241 -152 62 20 29 96 -174 -11 202 239 -99 233 -171 -72 -131 -222 45 -145 247 173 50 68 104 196 61 40 -60 167 70 -58 -56 155 108 25 -207 141 90 -18 -182 11 -41 -73 130 194 116 -25 176 158 203 -148 215 -75 -245 -208 95 182 76 -88 163 249 -80 -199 110 32 34 -141 -77 181 -224 -14 8 -26 -156 -147 -236 185 23 121 91 -230 237 128 117 -223 38 115 213 -89 5 -125 80 17 99 -246 -153 -198 -34 -165 26 195 -30 143 78 -229 1 227 180 -43 114 3 212 -192 214 -237 -98 243 -117 -61 -122 -44 -176 122 132 169 -205 -21 177 -86 219 7 123 216 -74 -108 -48 98 -4 41 -173 172 -202 53 64 -1 208 -59 218 19 -55 165 -40 89 86 71 -79 -111 142 244 -96 -10 -227 -183 -115 248 -35 236 168 56 -76 -31 101 -189 -38 -228 204 166 157 -203 146 -69 -136 -219 -112 0 241 -139 -22 -138 -181 -217 153 -214 -134 -206 -28 -215 -32 -144 125 207 -84 -85 -90 -164 -15 -97 51 -70 145 -231 211 -186 72 -106 188 223 27 59 13 4 106 -8 65 150 -95 -19 222 92 171 240 -6 -120 60 127 -149 -66 22 -91 21 135 15 138 33 179 164 174 231 43 83 -169 -168 -133 -204 -127 48 -250 189 136 230 -36 -109 134 -130 209 -160 36 100 74 -233 109 12 160 -143 226 -166 133 154 149 -47 -54 31 39 42 197 112 55 16 58 44 -9 -124 228 192 191 -62 147 6 162 -52 119 -140 18 107 79 -24 220 -132 -57 -157 113 
TEST 149 ARG:225 209 -128 -183 -74 -186 -196 47 -81 -24 -163 -14 -73 -184 113 112 238 -249 -9 -107 -134 164 237 -194 240 -162 -234 -217 -86 -142 145 10 126 183 77 143 4 217 8 -4 -169 76 101 -56 -166 83 -17 175 -33 -62 -159 0 -125 -13 -50 157 18 181 78 227 -138 -118 -18 -188 -135 -94 -143 -5 -78 -57 -101 -66 40 223 -146 -170 -38 -225 -199 -178 -123 49 -113 -195 -82 -237 87 248 -174 -180 213 -1 172 -19 -104 -133 150 236 -223 161 -67 -49 -140 44 -70 -137 -197 165 65 -158 -59 -87 -32 249 -155 188 19 -96 39 -105 -47 162 -26 191 80 64 -202 140 -242 -110 176 197 -129 -39 -79 6 -11 84 -106 -48 144 -167 -76 -224 -147 133 -45 232 -192 241 178 148 -54 -21 208 226 180 -122 -114 94 -145 -247 -193 2 12 -44 50 203 186 -30 -80 -41 -119 216 -27 72 85 -182 91 212 128 62 95 151 -243 46 -222 173 -90 -72 204 -42 153 -141 25 -238 107 -31 -15 119 118 57 -68 158 -98 221 -218 -244 -12 235 187 -175 -43 124 -109 196 -248 52 166 -36 182 89 -102 138 -92 -95 202 103 -120 -150 69 74 67 -97 55 211 234 60 -3 71 -51 205 11 108 -156 -89 -88 184 206 122 21 7 68 90 53 242 245 169 195 59 -226 -37 93 -115 -124 -230 -168 193 82 3 167 177 210 -28 231 132 163 9 -231 -153 38 135 131 -103 -111 -154 125 -216 14 -61 -241 54 96 -40 -75 98 243 115 73 33 -46 229 127 -126 -160 20 -201 110 75 219 141 -203 201 147 37 -22 230 -227 1 179 159 58 239 -213 -2 -176 -29 -65 63 32 -71 -200 31 130 88 -60 24 86 -64 -85 -212 -16 168 41 -93 146 111 156 -164 79 -116 -232 104 114 -211 -99 129 92 -205 -228 142 -34 121 22 -236 222 -161 171 -117 -233 247 26 -148 233 36 134 -130 -23 35 -6 -209 -239 -220 -121 -91 -53 -35 -84 160 -208 -214 136 -108 -210 -151 -179 51 192 -131 228 152 -149 123 43 215 149 13 -177 -152 99 -221 42 190 70 -144 100 -245 -250 -55 105 199 244 56 -191 -204 17 185 23 106 -219 28 116 -190 200 97 -215 120 194 -173 -83 117 -172 61 34 -100 -187 -157 -185 207 -171 224 66 155 -136 -8 -10 -63 15 -189 109 -240 -52 -165 189 139 -206 198 -58 170 246 81 45 -7 -246 48 220 -181 -235 102 30 16 -132 -20 -198 -112 27 154 -139 -229 214 29 218 137 -207 -127 174 -69 5 -25 -77 
TEST 150 ARG:-114 38 160 36 89 -9 110 143 17 -48 24 202 -117 -218 29 123 -183 44 -241 199 236 -77 -51 -217 234 217 228 194 -91 61 -93 -143 -66 189 231 -181 106 15 56 -28 114 53 -196 26 94 57 -230 137 -96 -90 -194 113 153 -223 -76 156 -80 212 -192 32 -115 220 -29 2 196 154 -156 -124 108 93 -208 214 -205 -189 -228 70 -158 86 127 128 -83 174 187 -164 -193 -237 -21 -151 23 157 132 178 246 -214 -60 207 -222 -81 162 243 -59 71 -154 -38 43 -121 -160 142 -126 247 -68 -235 244 -125 233 -16 209 185 84 4 39 -144 92 226 -105 129 -142 97 -42 95 -236 215 79 166 -57 37 -209 -120 -106 77 -231 82 -238 140 5 238 -249 -49 10 46 -233 183 -136 -19 112 -33 -157 28 -102 -132 21 -3 -43 12 176 139 224 68 125 136 121 -109 -119 -155 -179 182 173 -6 -58 184 -239 -55 -167 34 98 -129 -152 51 -127 30 211 -101 179 -97 -197 -30 235 -104 172 -220 -163 -13 -61 -246 -1 144 58 -146 170 -140 -216 41 -118 -229 -113 -244 180 100 -22 -35 45 59 -7 -70 230 -171 -248 205 74 -25 1 -173 -73 -116 167 104 118 40 120 -24 206 -44 -161 -10 249 -26 -247 101 -12 146 107 -69 19 -4 -207 42 -87 -172 -107 33 248 72 227 -72 87 208 6 -165 -169 -128 -34 -166 -184 171 -54 103 181 52 -176 -137 190 -64 237 -86 191 14 -99 80 -175 242 -187 -122 225 -41 -75 16 13 -94 -210 55 54 67 48 111 147 201 -71 -199 163 9 47 -211 135 164 -219 204 0 -131 -250 -149 -240 -78 49 -213 90 -243 165 -18 -11 239 3 -224 50 169 20 138 -226 -147 -202 62 131 -206 -47 188 -203 31 -67 -108 -190 222 241 78 -32 65 -174 -52 210 91 -186 -225 -153 22 -168 -162 203 -150 18 -8 -133 -201 -242 141 161 -191 76 -130 25 -177 -111 35 175 117 -79 -100 200 -31 88 -134 151 -36 -14 122 -63 -103 -2 -227 -89 -215 -182 223 75 145 193 -20 -188 152 229 177 119 -185 186 83 158 -110 -50 126 85 216 -139 -123 -53 -180 -112 -200 -85 8 148 198 27 -234 124 -45 219 -88 11 159 168 -15 -198 155 116 96 -84 -148 -212 -56 99 -17 7 -141 197 -195 69 -46 -232 195 192 102 -65 -170 -145 -135 -245 -178 -138 218 221 240 150 -37 -82 -5 73 134 60 149 64 81 115 245 -62 -39 -221 66 109 -98 -23 130 -40 -74 63 -92 213 -27 232 -204 133 -159 105 -95 
TEST 151 ARG:181 -6 189 24 27 6 137 -87 -56 3 -146 -234 248 20 -7 -184 -162 -51 -16 236 -65 -115 -74 110 32 134 34 183 -196 31 -18 -226 -117 166 -195 145 198 180 164 -93 -10 209 -200 30 68 0 -207 -13 224 -171 -205 208 -201 -176 216 -63 -170 -129 210 155 85 -29 -58 154 -216 2 116 58 -235 136 -247 142 -143 122 -36 -1 184 -118 -224 -197 -114 204 -237 112 -188 147 -72 190 -61 220 8 18 -24 222 -142 101 246 143 -99 46 -20 -35 17 176 94 175 -236 12 169 -57 -246 -22 -228 158 90 25 240 -218 -148 39 -169 83 244 -119 -116 206 10 -183 -227 -189 -77 69 219 -181 123 -31 -223 231 11 159 -204 -190 239 15 -113 81 201 -249 163 48 -180 -145 52 -32 -95 -33 -110 127 16 -30 167 227 144 -59 -179 88 -186 14 -126 -125 148 41 -154 107 37 104 109 -155 241 -66 84 173 165 245 96 -144 21 -165 50 -141 217 -250 86 42 74 -11 -229 202 129 185 -44 194 -174 -238 -41 64 -173 121 82 -203 -90 -243 -239 215 -175 -198 -231 160 -78 171 -232 35 223 -187 156 -241 -52 226 225 -211 -64 89 13 -147 229 102 77 247 59 242 -2 -217 -42 -49 172 -81 71 -106 7 153 138 -209 125 -210 105 111 -133 -75 53 120 108 205 87 55 -233 -100 117 -23 -166 -178 -89 -46 -121 -240 -120 135 179 23 -27 -215 -127 -85 -185 -68 -69 -25 -139 196 186 146 -55 243 -244 -193 5 -157 -45 -40 182 67 -50 -245 -248 61 174 36 -158 -21 -191 -8 199 132 33 -43 -123 -37 218 188 -150 -192 -202 47 -26 149 106 -73 -71 -92 -152 54 -161 -122 -104 -82 40 237 -182 72 178 -38 57 98 238 -167 192 -111 60 -151 56 80 -124 -80 -5 170 62 -54 -101 -172 -39 -107 29 -168 -208 193 211 212 75 -86 200 213 195 4 124 -230 -159 -135 -136 -164 -199 91 -53 -225 -130 -76 93 151 235 -91 1 -220 -138 78 49 -213 177 -206 79 -48 22 26 230 141 113 103 9 43 232 -12 -84 -88 131 233 92 130 65 -34 152 -134 126 76 -70 -108 -62 -79 95 118 -177 221 -103 -4 -109 -194 139 -212 100 -153 97 -132 -140 -3 -19 203 -222 168 119 197 162 45 -128 -9 73 -156 -242 -221 -83 187 -60 -102 157 161 228 115 214 -137 -131 66 -47 63 150 -98 38 140 -149 249 128 114 -105 207 -97 -15 19 -160 -214 234 -219 99 -67 44 -112 191 -94 -96 28 -163 51 -28 -17 70 133 -14 
TEST 152 ARG:-148 220 49 -43 -9 104 -48 -46 14 -176 65 -31 41 249 13 -199 141 -97 -145 -50 -45 -10 122 -137 -55 140 133 -208 -241 81 71 63 -41 29 114 67 2 218 20 172 -190 -87 -40 106 -90 230 -75 -81 -180 11 -134 -89 30 207 184 155 -51 6 156 -202 248 145 -220 244 -217 225 58 -236 4 -27 68 108 165 -238 -25 -19 116 -20 86 85 -164 -166 -1 64 -102 -26 51 224 93 -192 47 128 -21 196 -245 -127 159 -103 107 120 -228 -221 62 166 -71 -146 78 -170 15 143 178 -128 -204 42 -124 199 84 -215 3 -64 201 146 -86 -207 -115 -70 102 -92 23 -210 -79 10 21 -131 -82 144 209 -6 18 -247 -232 -106 163 -214 -162 243 83 -224 115 137 229 16 -195 -16 131 75 105 -233 -219 215 -22 -209 -121 -24 -222 -12 -140 231 -185 31 -98 -174 -139 36 227 -152 -150 -178 -154 74 -28 142 28 130 167 -29 136 211 8 33 171 -157 -136 -56 -165 112 7 9 43 180 -69 -111 -132 174 -120 82 -200 -130 -17 -84 191 139 -49 -104 212 60 -34 157 46 -52 -161 44 -77 -149 -88 117 -218 -39 103 -243 25 234 -248 -59 -129 -2 173 39 228 -99 193 237 91 147 -211 219 -47 88 -5 77 121 247 111 59 -193 185 40 17 -173 -74 -80 -226 80 -15 0 -18 -191 190 -250 -156 76 176 -135 177 183 242 -183 161 -107 -249 -168 95 113 -239 52 -158 94 35 170 100 205 118 197 217 110 210 -13 -112 214 -147 -62 -35 125 -237 175 169 53 -225 -188 -179 198 87 -33 233 -100 202 203 -96 246 213 119 -186 -11 221 -187 168 -138 -30 206 -122 -197 -78 -230 160 -212 73 150 194 26 -110 124 5 126 -93 -231 -109 -58 235 -42 -167 232 12 -36 -65 -155 154 -117 19 -189 45 223 -23 -235 153 92 -196 109 -3 -227 186 -203 56 -125 -159 38 158 -101 -61 -108 -85 27 -172 239 164 98 245 -72 -54 -53 -177 55 -73 -223 134 222 50 179 32 79 -44 -206 -181 -4 -153 236 129 -32 24 -114 61 1 -91 -205 192 -143 66 -113 -201 -8 -244 -194 -119 97 -38 216 -126 -242 -171 187 189 127 -37 96 -213 -163 89 149 -60 -57 132 99 -67 -229 -14 188 152 34 238 -144 -68 -105 226 48 -160 195 148 -182 37 204 70 241 200 208 -142 -198 -123 240 -240 181 -151 -95 -94 -116 -246 -7 72 -63 -141 -169 -175 182 -66 138 22 162 -216 135 54 -133 -83 123 -234 57 69 -184 101 -118 151 -76 90 
TEST 153 ARG:-12 1 108 91 -126 -23 -216 -46 -152 -192 18 -213 147 131 -212 -68 -236 -119 123 120 -52 95 -162 -101 176 -246 208 207 4 25 173 50 -49 97 167 -1 -25 243 -173 -140 65 105 -59 101 -19 -4 -170 231 43 -22 -42 140 -87 194 -55 -66 -73 -138 -70 -63 -121 -163 -229 124 203 60 -123 -69 54 -172 234 76 -122 21 201 57 -11 180 -37 -231 100 146 -203 196 0 -186 -93 -20 230 190 137 40 -221 -17 -128 -239 -2 42 -50 -208 -62 -195 225 -137 89 81 198 -244 151 45 -151 246 -180 -78 -7 -136 -27 34 248 -238 -113 8 -228 69 171 247 165 164 118 72 62 -167 193 -169 96 127 44 -53 240 218 -176 -139 14 32 -168 -193 -132 80 -57 -74 -21 197 191 28 -201 -198 -143 107 -83 -145 241 -134 47 211 -197 239 245 -179 9 -204 -166 -124 -35 175 -245 51 -107 -89 -72 -100 -5 7 -112 -30 210 -118 -109 -230 -64 229 121 110 -18 -127 41 130 -241 -14 86 71 -75 -61 56 23 -248 133 214 -202 61 -95 -65 99 -129 19 2 -237 224 169 163 30 -165 -90 149 141 -225 36 -142 -3 106 49 87 -80 -108 158 115 -148 113 -243 136 238 -115 -157 -249 -178 232 33 -24 184 26 -44 148 235 70 -47 153 -182 84 -86 -34 172 129 150 64 -141 202 88 142 -133 189 -88 179 -41 39 -149 12 -8 168 206 244 -177 38 -125 94 -91 15 -56 177 -15 195 -160 -26 17 112 161 -200 13 11 -219 55 -234 -164 159 79 -33 104 83 119 -97 -82 219 93 -67 -226 -71 -191 111 92 -161 125 200 -175 -207 183 -250 216 181 109 162 -154 -10 53 29 -215 -92 73 -155 74 -184 -158 205 82 3 138 63 -51 6 -150 -190 37 154 27 -31 59 -114 90 -188 -144 -146 -94 199 -105 10 85 -206 -135 160 -81 186 103 -28 -153 66 -106 -16 -194 114 -232 31 -79 -40 122 212 228 -214 -9 117 -187 -240 -242 -38 -102 249 20 217 -32 -130 -43 145 16 -6 -223 135 227 75 -116 68 226 204 157 236 192 -218 -54 -103 5 -210 221 -233 -211 -205 -58 170 128 139 -224 48 -247 -104 178 155 -196 -111 220 -217 185 -220 134 182 -222 24 -29 -209 116 -98 46 126 98 215 -99 78 77 -36 -85 -199 233 -181 52 35 -171 -174 -235 -189 -131 -96 174 156 223 -13 222 132 22 166 209 144 -48 188 152 -183 -77 -45 237 -147 -39 -117 -185 -159 102 -156 -84 -60 143 -110 -227 58 -120 213 242 -76 67 187 
TEST 154 ARG:-5 200 180 -109 -182 0 -174 -166 -232 -185 -34 165 215 -77 227 115 -134 233 47 219 203 89 -157 173 10 -6 -20 31 -95 128 -9 -80 -106 12 -110 -235 9 40 -89 -93 -76 -234 -85 -195 225 -88 -98 -81 184 -190 -213 223 196 -224 -201 109 54 57 -126 -124 -60 134 -244 -237 -211 -43 -138 -250 66 -69 -72 67 -112 -127 26 28 -172 -119 -1 43 171 -111 -161 -131 188 -120 172 -217 197 -197 -67 36 -64 222 -204 34 -31 -221 -136 189 -230 39 -188 -227 -46 -151 19 160 -154 -35 -177 93 192 145 167 204 -33 -226 217 -135 -216 156 149 -56 -74 -191 48 -142 118 193 -203 230 -52 50 249 174 186 -209 56 231 -129 -17 -116 228 205 14 127 146 -41 29 151 -55 245 130 49 30 95 107 88 73 -68 220 -130 -218 18 -220 85 -184 -143 226 102 -94 -150 -57 170 139 212 -247 123 138 59 -169 -63 166 -205 152 -18 81 55 -24 119 45 208 -121 -12 -162 -236 161 -86 16 -105 -115 20 -125 -49 3 -117 11 -32 -183 100 -145 159 -194 -179 -45 98 -199 -229 -113 -242 -167 86 105 97 -128 -187 -91 -16 -186 236 221 22 4 44 213 -14 -219 -210 69 -233 -90 25 51 117 239 242 148 72 -189 -78 -222 80 -48 63 214 -173 -198 -241 5 135 65 -44 -71 -82 -3 133 -96 96 -65 113 -29 129 -175 -160 237 -208 -122 211 209 110 -58 -139 229 99 -23 -28 122 -171 -27 132 136 232 -165 177 -70 60 90 -53 -228 38 198 194 -2 -132 144 -37 -159 94 70 -108 27 191 224 79 77 -79 168 169 91 125 -92 210 -19 -99 -206 -133 -25 -148 195 -164 -11 53 111 -223 23 -7 -10 -8 -100 -181 -73 178 -38 -4 13 -155 112 234 -140 -245 83 -75 32 162 207 75 -61 -39 -22 -36 8 52 246 244 33 116 -123 -103 218 -47 176 2 143 15 -214 -248 241 199 163 -212 35 -62 -225 -26 78 -178 -200 154 84 158 -149 68 -141 -114 -147 -102 42 21 -202 1 -246 -51 140 -192 -101 121 -104 -153 108 206 6 24 164 240 114 -158 -42 -231 120 82 -180 37 -30 92 74 -21 -163 -243 -196 201 -170 -146 -239 175 126 -152 -144 -215 -176 64 238 181 103 202 150 87 -59 -66 41 -13 141 17 76 153 -40 -54 155 157 182 216 106 -249 -207 71 185 -238 -156 7 -118 -137 248 -168 -83 243 124 -87 46 104 131 183 179 -97 -84 235 247 137 58 190 -50 62 -193 142 -107 147 187 101 -15 -240 61 
TEST 155 ARG:55 4 -117 -249 44 112 -23 -61 246 22 238 56 -243 150 99 -155 -185 232 151 -160 220 -228 179 -107 119 195 185 41 241 -100 -204 244 -236 -59 160 17 104 -92 105 198 85 -29 -182 36 -141 -202 -120 -237 -57 -26 -186 -69 9 145 -98 -144 7 -246 20 0 -239 -161 -166 86 -124 -63 2 38 -12 -145 230 -225 -15 120 -179 -156 233 -137 15 153 10 34 16 -85 93 186 -116 -235 -158 219 -123 -20 125 194 -245 39 -195 -214 -174 147 -9 -76 54 -176 -90 -40 139 -194 -93 196 -74 -221 163 -87 -66 66 164 -125 -80 -109 -35 149 170 -30 245 -129 -70 -1 50 67 -108 -86 -199 175 237 77 60 -192 -184 -242 124 213 181 -206 -136 -44 52 70 -159 227 97 -60 162 224 -118 190 216 6 174 -83 200 -178 236 -16 -58 -218 58 25 109 92 88 96 136 204 -101 51 72 94 64 159 -11 -113 -64 205 -164 82 -121 46 -102 207 -110 -152 173 231 33 29 177 26 -153 156 59 122 -133 -49 148 68 -135 135 176 248 -250 155 -162 -56 -97 -3 -205 -147 144 221 137 -65 121 -18 -36 37 42 -198 187 -77 -209 -180 -33 -134 -54 61 40 -45 -238 -216 -2 -201 203 -170 154 -34 223 21 75 -115 -223 168 -22 -42 202 -175 130 146 -188 -24 171 -241 -197 243 107 -169 -219 212 -95 78 -224 -10 -172 182 -231 -6 98 69 -143 -105 -28 53 235 -203 18 -229 19 211 -149 -52 -213 -104 57 172 128 -43 27 133 -91 62 -8 -17 210 8 79 -148 -233 -247 -67 -232 -73 -150 -230 102 45 113 -140 -208 -50 89 -88 -78 -215 87 247 65 -130 -71 -171 -81 -94 -79 32 -37 -173 217 -62 -210 229 -183 -193 222 -211 132 80 180 192 167 -157 -122 -217 -46 242 206 178 -220 3 197 183 249 225 -111 116 5 131 -190 12 191 -248 -51 165 -19 -226 -84 142 -47 157 -106 -165 240 -168 -189 73 43 -244 115 117 13 49 91 127 90 -200 -27 -196 101 -234 189 138 -25 11 -14 209 -177 -5 -151 215 166 208 161 169 84 193 -4 -227 14 158 -187 -127 -41 -82 -21 -191 -138 143 -89 234 30 -72 -207 100 -112 -131 108 103 152 140 74 76 -96 -240 111 81 -132 35 -32 48 114 -53 -212 -114 141 31 -154 -68 -7 83 -222 201 -146 106 218 184 -126 -119 228 226 -181 95 47 -55 1 -128 -163 -39 23 63 -103 -48 -31 214 -38 188 -99 129 199 239 -139 -13 126 -167 -142 24 -75 110 123 134 28 71 118 
TEST 156 ARG:120 52 -51 -244 -130 -89 200 97 5 -36 130 31 -7 -121 -156 209 -80 69 90 -45 -85 53 7 13 -88 82 -30 -165 110 239 195 -186 155 -184 225 65 46 -49 77 247 63 227 -131 171 -93 164 211 3 45 -40 136 -211 59 196 78 126 121 33 93 163 -171 108 8 199 220 -100 -70 -125 -215 162 -173 94 -157 41 -124 -169 -203 -220 -91 21 190 180 30 167 107 230 -134 -227 -163 100 214 -210 -175 18 -79 20 -185 22 -87 -4 105 62 -66 178 2 -33 -24 246 205 87 -55 -5 -60 -164 -202 40 80 -247 -209 -52 -238 -155 -177 217 -37 47 -78 237 -72 135 11 -95 -26 -236 186 67 234 -56 152 -75 -19 28 213 -9 179 101 131 117 -225 -103 99 -176 -230 154 -71 38 102 98 -159 -234 -92 156 83 -69 -90 -170 114 242 139 -67 150 -129 104 192 15 -153 56 -117 -128 89 -46 123 -21 71 231 -73 6 165 124 -217 -143 -174 184 27 -190 -193 -34 223 -123 -138 112 1 -12 91 177 39 -226 -20 -167 238 -96 -11 -102 -222 185 -237 221 -192 116 -54 -223 -111 50 -207 -41 228 249 244 226 34 215 -114 42 68 -239 -205 -64 -116 -224 -18 -231 222 115 -179 -197 -109 -31 181 -144 -243 -39 79 -188 145 204 -53 -241 -107 -1 -16 158 113 -245 -216 122 26 -158 212 -249 -133 49 58 210 -48 -146 128 109 -22 -135 198 -57 76 -97 -42 -178 -140 70 138 36 236 54 57 10 -43 64 86 144 -113 -120 -108 35 -194 -82 -151 245 103 153 -191 -149 -235 -83 137 -27 219 -137 -122 24 157 -232 -148 188 208 132 -2 -246 127 119 129 -50 -204 4 159 106 37 -182 73 -110 -206 172 -219 -242 -127 243 -150 -62 -98 -17 -142 -250 32 248 -115 19 -187 197 -58 74 -147 -84 189 43 151 -13 141 -213 0 146 29 -221 148 -14 -15 134 -248 -38 25 -61 -229 -3 -47 -196 183 170 92 -154 193 241 -180 118 169 48 9 -10 -208 -86 84 133 175 81 182 -218 66 -63 12 -32 235 232 -112 -198 233 -77 201 -126 194 -199 96 85 -141 143 168 -44 176 -132 -28 -68 -160 140 -228 -172 75 44 23 -106 -136 160 202 -74 -105 -76 60 -8 161 -168 -29 -23 51 55 111 224 -166 -81 95 -240 173 72 -201 207 229 88 216 166 -214 -183 -25 -104 -118 -152 -101 -94 14 -139 -99 147 -6 -35 125 -59 -119 174 142 17 61 -200 -189 -181 -162 -145 206 -233 203 149 16 -212 191 240 -65 218 -161 -195 187 
TEST 157 ARG:115 -167 -138 224 -186 -211 25 -49 -206 -19 -71 -191 160 63 145 -208 94 146 -196 -55 185 -90 178 -173 -64 214 -247 244 36 -188 -46 110 -121 4 -80 -115 -213 -238 -98 158 -149 -183 -7 150 -45 48 -170 143 -43 -52 21 -131 38 87 -228 88 233 207 -150 -27 203 106 -22 -82 -37 249 -198 161 -109 -241 179 -74 11 74 134 200 102 122 201 -65 221 64 -112 -225 -15 153 -192 -117 -38 142 132 -140 -23 162 211 232 -81 212 -93 9 -40 97 -41 -96 155 -36 40 61 197 -12 13 -132 -165 -108 -16 73 -176 -18 -209 83 225 -97 57 -83 219 168 189 -155 -87 -126 39 124 34 -63 -249 -205 -219 156 191 108 -79 -24 -134 194 86 103 49 231 -224 -158 72 -246 -203 119 89 215 -230 -25 -135 -162 44 -187 169 101 -11 -28 6 -220 -120 154 -160 -33 7 208 28 -175 80 -174 181 -9 135 -1 70 -61 -48 -151 241 -54 -200 -193 -242 78 60 53 148 -146 -26 42 236 109 228 -245 149 32 116 237 -106 -42 -171 -236 171 -185 147 -212 -67 222 -152 198 -163 85 -153 15 -189 47 75 -122 125 62 -5 -76 43 -39 -159 95 -141 206 -44 -17 -72 -4 170 -125 -148 226 -56 129 -226 -60 -239 243 26 141 -130 33 46 165 -89 56 22 -116 92 91 35 -184 -95 3 -233 5 76 18 -248 90 -99 187 -204 98 176 -66 79 188 66 123 -250 139 230 -161 159 217 -168 -137 127 166 -21 -190 111 -84 -70 1 -127 12 -229 -223 107 82 45 192 202 199 -32 -35 -30 8 -136 -111 -53 183 193 -154 -57 105 174 -214 -217 -139 93 31 24 210 -123 37 -20 -145 -166 67 81 180 248 -124 55 -91 54 100 -156 196 209 -75 138 65 69 151 -102 -177 -107 -118 205 20 -62 104 -88 99 -221 216 172 -6 144 220 152 -29 177 -202 -129 -243 -31 140 -147 235 -78 -92 229 -113 -73 245 -103 0 -114 136 130 157 239 247 2 186 -178 -104 -3 -182 71 113 -85 242 -169 -222 227 -133 195 84 -215 -172 118 51 -119 -13 -10 126 -199 -181 131 -69 213 128 50 77 19 117 41 52 218 -207 112 -51 -195 -232 164 -68 173 -237 -34 -201 120 -179 182 -59 246 163 184 27 -227 137 -142 23 58 -244 114 133 -47 -86 -8 14 -77 167 121 -164 -157 96 -58 -235 -101 238 204 -240 -231 175 240 -180 234 -14 -234 -143 29 -216 68 -94 -50 30 -218 -144 223 -105 16 -110 -128 190 59 -210 -194 17 10 -100 -197 -2 
TEST 158 ARG:-220 186 -243 190 -110 234 215 -172 237 195 -201 -80 15 -149 34 156 122 180 -217 187 175 -244 233 -79 -133 244 4 -68 -241 -156 31 19 106 55 -120 229 249 -218 -19 -57 105 217 102 213 129 91 -2 118 -139 -222 88 26 -208 -186 17 246 -47 -238 48 22 -116 -7 123 -214 -114 93 -5 212 -3 142 148 -239 -52 -99 214 -98 178 -209 176 109 -62 -71 75 -234 159 -85 10 -34 -87 80 -203 -210 -54 63 -70 64 -231 230 -215 -112 185 46 -73 -195 155 -108 -157 2 8 -67 110 -45 -63 -191 -48 16 92 12 -225 -109 -53 -190 144 85 -124 -91 -92 -115 -127 199 -35 -174 82 113 -61 120 150 -138 3 -22 -248 39 -81 -4 147 -145 121 -165 200 -14 -236 30 184 -245 197 -101 157 -224 -56 0 94 146 25 -177 43 -162 168 -179 -107 202 134 -93 -141 -230 60 -60 222 -1 14 137 -237 -76 -227 51 -111 167 -64 37 177 56 73 179 -171 -66 -86 -189 172 181 -212 161 -40 -33 -213 145 -228 -102 42 -216 209 236 188 -13 101 69 -144 47 -84 -12 206 135 -6 -196 149 -180 -103 -97 95 -176 -29 108 -75 -247 -233 -167 -249 78 52 90 -184 -211 231 33 36 240 174 -158 238 128 154 114 -58 227 132 32 -11 225 -192 -39 -206 224 -90 165 -152 216 210 -134 -26 57 -15 1 219 -168 71 232 133 -221 49 -123 -146 143 -148 -30 87 -131 139 170 -219 158 -182 81 68 221 -135 -223 -160 -140 -78 -163 124 100 -159 -37 205 204 218 23 196 58 111 247 -94 -31 54 -207 194 -10 136 50 -204 131 -200 -199 44 -198 65 13 164 141 130 -240 -42 -16 -170 -17 -106 183 -128 -21 -232 -197 -9 -161 226 103 -65 99 162 -28 223 53 -77 61 76 -164 86 117 169 -150 83 -25 -55 20 -88 -246 45 -36 138 228 -151 -153 -43 -118 -96 79 192 182 207 -242 -175 -100 -125 -117 -126 -20 -24 -193 -181 104 171 5 74 9 7 -188 -129 153 -185 243 -69 -50 -143 -137 -32 41 -173 62 241 239 -122 -250 203 -51 140 119 84 -44 -178 -121 189 -104 66 220 98 18 24 160 126 -83 59 173 -41 125 151 21 191 -105 112 -226 -23 107 -82 -187 -166 245 -132 242 -38 -183 -27 211 -89 96 -142 35 38 -119 -194 -155 6 198 -136 193 27 -229 -202 -154 -113 -8 28 -59 89 -72 163 77 -18 115 -147 152 29 67 -169 248 40 72 116 -130 11 -74 -46 166 201 -95 -49 97 70 235 208 -235 127 -205 
TEST 159 ARG:130 -52 -205 6 139 103 180 -19 218 -220 -241 -43 -96 241 7 248 -108 -153 155 -37 213 -7 49 -188 -163 33 -192 169 -91 231 151 76 69 83 8 131 12 -22 187 -197 -152 228 -247 -15 -122 -249 -65 -238 239 235 -53 91 108 -24 25 -51 -68 66 -102 -213 -16 -116 174 -28 -14 204 61 -62 227 122 -49 87 -135 118 173 -74 236 182 39 178 -4 -129 -132 148 60 101 75 -151 -5 243 -126 -156 -144 67 223 -121 84 181 -66 -36 -9 168 -133 51 -143 -203 71 234 -42 -217 -114 -58 201 -88 34 92 -41 -179 171 -142 63 134 54 -189 -146 211 197 215 120 109 0 -20 141 -6 -8 17 -101 9 -124 -105 -140 3 221 175 107 222 46 73 -169 106 42 18 95 165 -100 -237 128 15 203 24 -76 102 -191 209 -44 -3 88 -176 -234 159 14 -170 -219 -71 -81 154 37 157 -202 -147 -34 -148 65 138 121 -67 -138 -25 144 132 208 -211 -106 93 30 -245 195 27 -171 -180 -11 -175 -92 110 149 38 43 -201 -221 90 -103 -228 -45 -230 188 189 186 -118 -79 194 242 245 216 -195 23 -243 89 -113 -193 224 -125 126 117 35 119 82 -55 96 40 -160 135 200 196 48 -21 72 -244 -83 105 41 147 100 1 -210 -31 166 210 -236 -222 -17 -112 -47 -72 129 -204 199 81 -2 99 220 -150 116 -137 152 153 233 -127 -242 156 184 -226 230 -214 158 -82 62 2 -120 -35 -80 -94 28 45 115 29 -178 191 198 -161 205 145 133 -185 -93 -183 -233 -56 22 20 -123 -85 -182 94 10 -231 -218 -154 -224 104 -248 52 -215 16 114 -165 244 -145 249 192 5 -162 240 -104 -216 -109 207 -187 229 193 47 190 219 26 -50 -32 -196 -239 77 167 31 112 -177 -54 -98 202 179 68 -61 -235 172 50 -149 -89 -139 -181 -223 -131 97 217 226 -40 -38 -159 -13 170 125 177 -240 -10 -95 124 -168 113 4 247 -209 -174 -48 -136 -225 -229 -77 -64 164 -12 161 -23 136 44 143 -63 -173 -207 225 -86 -199 -186 -134 -232 -250 74 160 79 163 -194 -59 -90 78 -70 -200 55 -166 140 176 -184 -57 -117 19 32 -164 -190 -212 59 111 -115 -30 -60 150 137 -46 85 -27 -39 185 -157 238 13 -97 -99 237 246 57 80 123 98 -206 -158 70 -33 56 -87 -69 86 -130 -26 64 -73 -107 232 162 -141 -128 -84 -227 -172 -119 -78 -246 214 58 -167 11 -155 -75 -110 -1 127 183 -18 -208 36 -29 53 21 -198 142 146 -111 212 206 
TEST 160 ARG:-97 101 -194 -145 172 -240 -82 69 -44 127 6 -200 29 97 224 -22 192 -161 -30 93 26 -229 -209 -46 -109 207 12 9 -115 143 41 246 -178 22 -160 -31 242 95 203 -187 122 89 112 184 -5 212 78 -206 -13 -162 -56 42 173 -182 187 -40 -34 -25 -235 211 120 235 48 -190 -113 -225 -58 86 -199 -141 -133 -122 -172 -42 237 197 219 223 32 -45 8 200 -248 -61 -231 -62 -33 -147 165 -177 -26 -224 90 -91 195 -105 147 132 115 214 -66 -35 -99 4 -180 -132 179 38 11 62 -184 -150 160 234 -171 -193 -202 -134 15 0 -92 36 34 -143 47 -230 225 -204 -210 241 247 75 -75 102 177 -29 -250 216 70 158 -24 -102 -68 -120 -156 17 -181 206 71 144 176 76 118 107 39 -78 44 -247 87 -127 -220 -76 -77 -233 117 -222 138 -53 233 -70 -16 -2 141 -106 -49 202 -95 99 137 -23 68 239 -17 121 -186 106 -203 -142 60 81 -149 -28 -117 5 140 2 25 -214 19 -73 -137 -221 74 -213 13 100 217 53 85 -89 136 244 167 151 30 -163 64 -59 -146 199 142 -227 -84 205 157 1 154 16 -110 130 113 -176 -94 208 -8 -18 153 166 -170 51 28 -36 -96 -195 -198 105 83 -218 -41 20 193 -10 -72 161 -19 175 -6 189 243 -131 -85 168 67 -174 -208 -246 21 -138 -129 139 240 124 40 181 -108 -43 -51 135 -54 201 -116 236 -98 126 63 -9 -185 -197 -121 -37 159 170 -207 -135 66 -217 79 -151 185 -12 -128 -159 -173 56 -112 221 -123 -88 -93 -38 65 43 196 108 -191 178 194 227 228 -144 7 191 -20 128 -90 -148 84 146 -164 -103 -48 182 -32 -216 248 -211 33 -55 35 -80 88 45 -14 -215 -232 198 -152 -154 -244 -157 -168 -65 -27 -226 -228 -239 -79 -64 152 131 37 -63 -212 -196 -205 215 55 114 10 -189 -236 188 73 -60 -15 18 -223 54 162 133 58 238 230 -125 -100 229 -153 -126 24 -101 61 163 220 -124 171 57 -86 52 -183 -234 -69 91 -188 -67 50 -249 -237 -158 77 3 111 164 129 145 226 -104 -83 -119 245 -139 -118 222 174 116 -114 -11 190 109 96 -155 -238 -1 218 125 27 -71 -81 -165 -140 155 -39 -219 186 -169 -136 -7 134 72 119 -166 -107 148 -4 180 -50 49 104 249 80 204 -3 -175 -241 14 103 -242 -57 -245 231 46 149 -87 -74 82 110 -52 59 156 209 23 -130 150 -21 -243 94 92 213 98 183 31 -192 -167 -201 -179 169 210 123 232 -111 -47 
TEST 161 ARG:-131 216 27 194 117 53 -236 -28 -136 -185 -189 -113 -166 160 -4 -109 80 -229 -92 -209 -88 114 -18 -85 -240 12 -201 236 36 225 2 -87 -178 -11 200 218 231 42 122 144 -217 -246 34 -207 28 -104 -173 228 -112 -249 197 179 -64 -222 -213 -56 195 106 24 -15 77 16 -176 89 -60 -14 -152 -161 178 170 205 -170 -38 213 110 50 -21 -177 171 -230 41 -47 176 165 45 4 105 -221 79 243 35 -12 -98 131 -227 -218 -172 199 202 157 180 -76 43 -134 133 -153 -42 19 -192 -65 244 65 -160 -67 100 6 141 -111 113 223 -231 -100 -169 -6 234 151 -137 84 159 166 -212 -93 3 123 56 212 -50 230 81 -17 187 -78 -103 -202 -57 62 -157 -186 103 156 215 -144 -5 161 224 238 52 232 184 142 -194 -130 -151 -234 -205 63 -62 112 -79 23 229 245 -143 -55 -90 -74 -95 249 -36 -84 -184 -69 -27 130 -187 149 78 136 -248 -37 -242 31 32 73 8 108 125 -167 -25 86 -141 -193 25 -96 -125 91 -198 -22 -146 152 -204 124 -83 -148 -210 66 -203 -24 -31 -233 -197 -154 82 155 93 -126 119 162 -138 237 140 118 -39 -190 -163 138 7 -228 -224 -80 -97 154 -140 188 -34 -162 121 -133 -232 -206 -59 -63 -99 -29 64 101 -49 0 61 57 -188 -116 -150 -107 -241 111 181 96 185 -33 48 -142 -7 -211 46 -106 -171 15 186 -89 -68 183 -86 127 -219 -44 147 246 175 -41 -91 -9 -208 40 -1 -48 -81 -70 -139 207 54 -115 -215 129 30 -147 241 -51 172 143 -77 -220 -110 217 -46 128 -123 -226 198 -159 116 76 59 134 -129 -72 -26 177 97 235 -168 69 214 -182 94 -73 146 87 135 -20 -156 17 196 5 126 99 169 9 233 115 174 -71 55 137 11 -101 102 44 -117 226 -237 -121 37 -245 -8 22 210 -45 85 -120 -40 -180 -32 158 148 192 221 204 21 90 -61 26 104 168 -179 190 -195 239 70 -66 72 173 -135 -174 74 240 163 -94 92 139 209 29 51 -238 -225 -122 206 164 -13 -52 -58 38 39 95 -16 -243 150 153 145 -53 120 -105 167 -19 132 71 -108 -75 -239 -216 68 -244 -181 -199 -165 49 14 -127 18 -128 -196 -43 219 182 227 -175 201 -155 222 33 88 -35 -132 220 208 -158 -10 -118 -164 -223 83 -119 -235 109 -23 -145 -3 13 -102 191 -250 98 67 193 -200 -149 58 248 211 1 -191 -114 107 -247 60 10 -54 -2 20 -82 -124 189 -214 247 -183 242 75 -30 203 47 
TEST 162 ARG:155 -200 89 127 8 213 42 -38 162 -1 51 -103 184 -137 247 -54 -204 -15 -185 -66 230 179 39 216 220 9 -164 -16 36 -163 25 -203 38 -46 -129 22 148 -25 138 193 41 40 49 52 -95 55 113 -3 -62 -237 90 -48 202 243 -56 141 -175 34 -199 -78 175 102 147 212 149 -158 160 -184 -112 -118 201 -28 -128 132 32 -230 -167 190 -171 23 185 -147 171 -52 -19 -151 -205 164 -94 200 -247 -179 69 -2 -239 -57 -104 84 -113 -174 -153 -156 101 169 246 -211 88 -150 110 70 -51 74 208 -75 -166 66 -7 119 -20 -92 -152 -223 35 153 172 -22 114 186 -238 -192 3 167 123 -23 58 -138 122 156 -222 225 -142 -227 -134 -11 151 163 -195 12 165 238 144 -231 219 -41 -208 -111 -217 139 100 91 204 61 27 -210 143 241 177 -160 -196 134 166 15 -27 -42 206 -33 -96 117 -120 -121 -187 218 75 197 -207 -127 -105 237 -6 130 223 1 239 236 50 120 -61 -125 77 -10 64 -43 48 -83 203 71 233 -86 -181 104 -141 146 54 -226 -53 126 152 -170 176 -145 -91 -90 105 129 -209 30 -9 -13 -35 248 -140 191 -176 226 85 -39 231 4 195 -132 -206 -130 192 -55 112 -221 -65 -143 -17 -36 -87 80 194 98 76 -133 -202 131 227 -88 92 -123 -18 -248 -136 182 -40 -177 -190 -250 2 -24 174 -234 -73 37 158 -180 -215 63 103 -119 31 -168 28 244 16 -218 62 -31 -126 178 135 242 137 136 -139 -89 6 234 -29 209 125 232 170 187 -79 10 -154 235 -183 -14 -235 33 19 -201 -232 -216 159 -246 59 221 -60 -144 79 -76 145 -224 0 161 -68 26 -131 -64 207 60 -148 -107 107 180 -110 116 228 -81 95 -149 -50 46 215 -189 -225 222 47 128 -162 199 -108 -122 -12 -135 72 68 -37 183 -72 -58 115 -102 -71 86 196 93 -80 17 -220 -44 -178 87 -82 5 -8 53 214 -212 57 65 205 94 14 -161 -172 -214 189 -85 -240 124 -109 240 -26 97 -169 -219 -245 96 -193 -21 111 -69 -229 78 -45 211 29 -236 -115 188 109 -182 -191 154 -34 -30 -198 20 -116 224 -70 73 -173 133 81 21 -155 -159 -101 118 43 -124 -97 210 44 45 -117 -47 -249 -233 -63 99 106 -99 -84 140 7 157 56 -59 245 -213 -106 -98 -77 -146 -242 18 168 198 173 121 -32 229 -243 13 82 24 67 108 -114 -165 -5 181 -67 -244 -93 142 249 150 -49 -74 -197 83 -157 -228 217 -194 -186 11 -188 -4 -100 -241 
TEST 163 ARG:171 17 -204 51 102 72 -10 -174 162 -1 16 198 105 -124 -228 231 188 0 112 -49 87 -39 92 -142 125 -209 -76 -135 -38 -182 98 248 -107 57 91 -47 244 109 -127 207 -59 149 26 -81 157 124 -110 142 -55 4 103 31 147 -133 126 -86 50 175 7 -230 -33 -233 214 170 58 -46 159 -29 204 211 -203 38 -15 -20 230 -171 212 111 -8 -166 201 14 -231 -95 -194 -71 29 -12 -70 6 45 -147 -210 185 223 -232 3 -211 -16 242 168 -53 -45 -91 -69 158 -178 130 -180 194 84 -48 11 -9 166 -42 -56 70 -158 -148 -239 -169 20 97 73 94 -19 35 -2 -68 86 99 238 200 -140 55 -122 -104 148 -175 -185 -202 227 224 -23 49 -94 246 -83 216 144 -130 -57 154 65 74 90 -162 96 24 47 -137 118 -11 61 209 -116 -222 -28 -85 32 -159 114 245 139 213 -128 -168 131 -235 -244 -145 -144 -229 -165 -103 -206 -200 -136 -54 -240 178 181 -186 -207 -98 34 239 76 -120 -90 59 -223 221 -163 169 191 110 -36 79 -30 -149 -193 -117 208 -50 -51 -192 155 -26 -176 46 163 -102 81 -214 -121 -3 12 177 -74 119 10 85 -118 -22 173 106 151 1 -236 13 -126 -184 -35 18 -37 -18 -61 123 132 33 190 60 -172 138 88 -190 -189 195 -242 63 54 -221 -63 133 64 -62 -160 -24 41 136 -212 -153 -167 220 -157 -52 15 107 117 150 199 23 30 -58 -250 192 115 71 80 -114 2 -111 233 53 -82 -179 -181 -241 232 140 -151 -25 189 237 -141 229 -132 52 -195 -60 113 -84 75 -187 37 -155 -227 -17 -13 104 128 93 68 39 -134 42 -92 -77 -31 -113 -170 -64 -217 205 197 234 -161 -213 247 243 153 186 -32 -246 -65 -224 -146 180 108 -215 226 127 -243 -67 129 67 -93 -4 -237 217 -129 44 -100 -150 -7 -220 249 143 203 -41 141 25 -199 -164 -78 21 -208 -99 -196 -34 -72 -143 -201 116 -44 -73 100 89 122 27 36 -218 -27 -80 202 -88 165 19 120 134 43 -89 152 193 -248 -247 240 -245 -40 183 196 -112 236 156 -125 -219 -108 -154 -225 135 -79 8 -106 174 241 235 -14 -234 69 137 -183 28 -139 78 40 182 -43 164 167 -177 -205 -249 -188 -6 -138 219 -226 145 -75 160 176 -173 215 228 172 56 82 161 -96 -21 -105 62 -115 179 -101 -5 77 121 146 -156 95 22 225 -197 206 -87 -152 -238 -123 48 -131 5 184 101 187 210 -198 83 66 -216 218 9 -191 -119 -97 222 -109 -66 
TEST 164 ARG:80 72 -48 248 -123 -140 193 172 247 238 -175 205 13 -136 -160 10 -16 4 -76 71 162 -10 -221 227 230 -131 -249 -244 79 -172 3 46 -137 101 121 -85 178 90 235 196 -159 231 -219 -6 -64 14 246 82 170 21 242 -130 2 216 188 -212 -234 -166 -202 65 -31 234 59 -107 86 126 134 140 128 236 -231 -119 -224 -29 69 110 -103 206 137 29 -195 9 -229 215 200 146 223 158 -72 -27 -187 11 -243 61 -50 -60 66 -91 -102 233 221 138 166 165 49 136 115 -39 -163 218 107 143 -30 135 145 -66 210 -155 -18 -194 -239 -215 132 15 147 32 112 98 -174 240 -246 -170 -105 -12 169 -222 -134 -93 -157 -110 33 187 -248 -92 -177 94 42 -237 -28 228 -70 70 -223 -9 35 244 -96 -122 -153 77 -182 122 222 -116 -101 -191 105 37 186 225 -217 -41 56 203 161 -108 55 -86 -218 -147 -82 168 -165 -128 7 -210 -42 -193 -148 -133 -19 40 -200 75 -90 -225 179 131 28 201 -56 237 141 78 -127 -189 -95 -22 99 58 -145 -146 -209 245 190 224 -139 176 -152 -186 53 -89 57 106 150 43 -8 213 -83 177 -185 -112 182 -169 -206 174 160 -7 175 -77 -59 125 36 20 220 -164 44 195 73 -142 95 -23 -180 -11 -36 18 30 133 92 12 -69 -55 96 -106 -52 163 -143 -149 -154 -57 198 -183 -13 -54 -45 -78 157 -24 -203 31 47 -207 -44 -35 -88 129 118 85 -198 117 249 -178 -100 89 -213 -167 104 -68 -94 63 212 -181 232 51 109 -15 -201 -151 -46 207 -216 -33 209 60 -38 -113 -158 103 -21 -51 239 -49 91 -75 -87 -40 185 16 -2 -80 -232 -230 -109 -99 144 -71 -176 88 -5 -228 226 -121 202 204 -111 -14 154 -138 -47 -26 108 -235 41 0 76 120 219 25 197 167 153 173 87 -115 97 1 -214 -117 149 142 192 -73 -98 83 208 159 211 189 171 -62 23 139 -240 -241 -247 -65 62 116 -118 -120 152 155 113 183 199 48 39 164 -132 -173 -114 -226 -135 -1 -233 -20 -168 184 -144 81 22 -196 8 -97 64 214 119 123 -245 -124 -67 -211 180 19 -220 -37 156 -141 84 17 26 -53 -58 181 -61 -238 -190 127 -17 -126 -236 45 -4 194 -208 -79 -129 124 38 -161 241 -25 114 -205 -150 -81 243 68 -162 -197 -125 5 -156 52 93 -204 -179 217 148 54 67 -32 -74 111 -171 130 -84 74 6 -63 27 100 -184 -3 -104 229 -43 -192 -199 -188 50 34 102 24 151 -34 -227 -250 191 -242 
TEST 165 ARG:-24 242 118 147 -221 246 -131 158 -247 15 -214 -89 66 -23 -245 -157 -143 127 -86 -190 -12 -166 151 -38 -124 165 164 77 200 88 112 34 -108 -134 178 185 76 174 -91 -144 -19 -207 -228 -126 2 -169 109 -51 202 -236 -185 177 98 -13 -232 -2 -26 102 236 -248 79 -46 -237 160 -158 146 -215 -189 -172 -244 137 -6 -88 -100 33 -162 -65 -67 231 82 5 29 116 -165 161 -156 -35 -102 -211 -135 -210 238 39 -42 234 -201 117 -116 106 218 -187 -184 48 10 -140 -188 130 208 67 -8 12 115 -77 60 144 -230 126 -137 -115 184 133 194 -133 105 38 -103 -33 -195 61 -229 -233 -104 -16 -151 -181 -196 -36 -32 80 167 -85 247 -220 -170 214 -64 249 192 -179 -81 196 -219 16 228 131 -43 -74 -80 -83 -52 43 171 65 -141 145 54 91 58 134 143 -37 224 -177 -171 -79 78 62 176 219 157 -174 110 -40 -128 162 220 -75 -234 -11 -60 -235 181 -227 52 -186 -216 205 -205 -250 49 168 18 -1 -225 -206 199 -132 27 71 -84 120 -61 -10 -114 68 -53 173 215 -191 239 -167 -31 -146 -138 107 150 -208 -7 1 -39 -30 139 125 142 -59 -112 -147 -41 9 19 -173 53 86 -176 -98 166 47 74 -21 -197 -223 83 -76 -109 223 20 124 190 -123 -213 25 -9 -150 244 -62 241 243 13 -209 21 -122 51 -161 -154 37 11 -118 204 104 -163 -160 148 6 -142 -129 170 -72 -238 203 -47 233 179 230 94 100 -242 22 -28 136 87 41 140 17 114 -240 -55 69 183 -3 111 -4 211 -193 -97 -192 -66 -183 -246 -99 210 152 -217 -241 -50 248 8 188 -155 182 -20 -120 -54 -249 216 149 113 -107 -14 -48 44 -130 -95 -105 24 -164 -218 119 -212 -63 189 81 63 -56 169 -198 -5 96 -90 -180 197 235 159 175 232 4 207 90 -113 121 84 -70 -27 7 -200 36 -49 198 155 70 -119 0 -94 213 -96 172 -148 186 201 154 -239 56 -34 64 -44 -203 128 -68 26 89 -226 73 191 187 -29 -106 -73 3 -92 -204 226 45 75 209 -152 -175 -121 195 -182 31 206 95 163 132 -224 99 -222 -57 -199 -15 237 85 227 -153 -45 229 -69 50 30 -231 135 -17 -78 -58 221 -25 -71 28 14 129 141 92 222 -117 93 46 55 40 123 57 -82 -111 138 122 -145 -243 193 -22 -127 -110 -139 153 -136 23 101 -101 59 156 -18 245 42 217 97 108 -149 -87 -202 -93 212 240 -178 72 35 32 180 -194 -168 225 -159 -125 103 
TEST 166 ARG:-52 -104 -32 22 2 107 -165 198 46 118 -162 -42 156 -22 205 -57 -194 154 56 -56 -74 53 -25 15 9 -198 -153 -61 0 234 -51 -144 35 109 -188 41 69 -178 -231 -234 32 78 142 -154 54 18 -204 -201 -236 -169 -96 -121 -120 -170 -224 -155 145 -130 -35 108 141 230 132 17 114 -10 26 196 -222 -77 219 157 -237 -241 -189 -147 -177 113 21 -29 100 -219 -181 -245 199 186 -65 -151 -15 -92 40 -199 48 -18 227 12 110 -26 -191 238 248 76 92 75 -112 86 -5 39 -249 -179 -242 73 -47 155 -78 -140 -240 -14 -126 125 -63 57 -102 179 64 187 36 -45 232 -93 95 -122 83 -246 -238 7 126 235 -4 -193 128 191 38 -91 -108 99 -80 74 -217 -190 -13 192 -85 220 -11 -1 221 213 -113 -182 -205 55 176 160 177 -159 153 185 70 61 239 93 218 -36 89 203 67 -145 247 51 -87 152 -135 13 -46 -110 34 63 -68 -133 222 44 -20 217 242 -141 137 82 -9 -72 -30 241 49 -227 193 124 -50 135 149 6 245 161 243 -210 -16 -183 -138 197 178 -6 122 50 -117 -19 62 -94 -116 194 184 -142 183 133 -34 58 131 43 16 -76 162 -101 -202 120 -82 -149 236 111 8 -69 -27 103 -136 214 -79 226 -21 10 136 -229 104 -146 79 -49 -119 -186 -40 140 -233 -17 150 37 -221 -230 -164 206 175 -148 208 172 -2 -152 190 -232 -166 240 72 -100 224 84 -163 -97 169 3 127 116 211 80 -244 -67 -73 -124 -111 201 168 -125 -66 -109 -128 -134 210 24 31 151 -54 19 -37 -212 228 -129 -172 146 223 59 60 166 209 170 -211 159 47 -247 -161 85 -7 117 106 163 -84 -184 -157 -115 -23 129 -86 -53 180 115 -200 -95 -214 173 66 202 -75 -81 -167 189 -118 1 -41 -185 147 121 249 -28 -64 -71 -250 -197 138 20 188 27 225 101 143 23 -173 207 65 -192 200 231 81 148 -127 -220 -160 33 5 123 229 195 181 -175 30 182 94 -39 11 246 -187 -143 215 25 29 -24 -171 -150 -3 90 28 -105 -58 216 96 -38 -207 233 212 -168 -33 -44 -12 77 -137 -107 -131 -196 -60 -106 119 -99 102 164 204 -176 -123 134 -43 88 91 -239 130 4 -98 139 -139 171 -83 -223 244 144 -174 -203 -62 -158 14 52 -213 -225 -48 97 174 167 -114 237 -132 -59 -218 45 -55 -226 -216 -248 42 68 158 -103 165 -31 71 87 -215 -195 -8 -88 112 -90 -243 98 -206 -156 -235 -228 -89 -180 -70 -208 -209 105 
TEST 167 ARG:128 -154 -136 -166 147 38 -104 -134 29 199 39 -14 168 142 -70 -201 215 -35 153 184 247 202 -89 -228 -99 24 20 -4 -60 -69 49 -74 -31 6 90 22 -84 -177 12 -242 -202 -47 190 -244 -23 211 155 58 -49 163 -220 161 -68 188 16 231 -135 7 -20 19 -46 -239 -140 -77 -66 -195 52 95 36 -17 179 138 -71 -44 226 171 0 225 -248 -73 213 -82 148 -58 -56 60 -231 -13 9 -16 -146 205 -186 160 -112 -92 193 108 -142 74 -133 143 204 187 -175 158 -156 51 87 -170 105 157 98 -40 80 28 -5 -162 -214 -180 -9 -229 232 -7 172 238 -149 67 55 14 144 -161 73 140 196 228 -72 -50 66 -96 -30 209 84 -18 3 -185 -210 121 186 54 13 -43 -157 -114 -93 145 -107 -215 85 65 246 -103 181 -221 -8 -130 -141 -240 62 -109 42 -110 -54 106 -102 -131 -209 75 1 -199 -246 48 -113 -21 212 -160 223 242 233 167 -101 -19 2 131 68 -97 120 220 173 -120 -26 192 25 137 -191 -198 17 34 180 -78 107 133 -34 30 23 162 119 -153 -86 150 189 64 69 -213 4 -127 81 59 -172 -42 -80 -25 185 146 -45 201 -232 99 44 -52 198 200 57 92 -79 10 -98 -144 -41 249 -224 -193 151 -11 170 94 230 -168 -37 -15 -163 -196 235 221 174 -117 -212 194 -226 37 -100 207 176 102 -121 -216 -28 236 135 78 -94 214 -128 104 76 126 -189 -138 11 -179 124 110 -2 -225 -6 -234 -188 -53 125 86 -63 -164 169 224 -106 18 177 -115 115 -87 -159 122 -183 53 -155 114 -250 -36 -95 -237 -64 248 -236 -119 -181 96 27 -33 15 100 97 -204 241 -207 -65 210 -171 159 -143 32 -217 -1 113 61 166 -205 71 40 -241 156 -91 136 141 -85 -203 -223 -235 -182 50 -233 70 -12 203 245 89 -118 -152 5 -139 103 -245 -62 -39 -169 -123 -129 82 63 112 149 -147 130 -151 26 218 182 -178 -76 -192 77 33 240 -148 123 -55 -194 183 35 -219 -145 88 -230 -3 111 -211 -197 83 -126 -61 129 56 -125 -122 -206 116 197 47 -51 93 164 -200 -90 208 243 127 46 134 195 165 -243 91 -227 -208 31 -173 -249 239 222 216 109 206 -10 -32 45 178 -108 -190 -187 -27 -218 101 -105 -29 -132 152 -184 -158 43 227 79 -59 191 117 132 -165 -150 175 8 -238 72 -124 -81 118 244 -222 -22 -48 219 139 -24 -75 237 -116 41 154 21 -57 -174 229 -247 -176 -137 -167 -38 -88 217 -111 234 -67 -83 
TEST 168 ARG:-158 178 -224 -102 -25 166 154 -76 132 101 -121 -53 -213 70 144 110 -48 -199 -105 191 40 3 -116 211 -10 230 124 -219 147 8 78 -118 -86 -231 6 -96 234 -190 -119 -134 -176 248 -192 181 142 173 -202 103 -91 52 -123 -33 42 -205 161 -245 85 222 -16 -234 -211 -45 -92 186 -154 90 -84 185 -83 -230 170 93 130 -106 -120 -124 14 47 51 213 -241 23 92 -131 -20 -18 43 -209 -229 -152 127 65 26 155 -109 -110 -217 195 -228 197 39 223 -132 10 -222 -197 -27 218 82 -244 -64 -114 149 -178 104 45 -248 128 72 241 208 -146 151 -218 237 -103 244 -99 15 63 69 -70 19 -8 -180 204 125 -58 -170 225 -9 -56 -177 -1 67 -162 -46 183 -148 -129 -112 97 202 -108 74 -141 -24 214 -247 246 105 -165 -236 167 55 -189 -72 -203 141 -94 -169 -144 -175 -47 99 60 -149 2 31 -214 25 217 247 -145 140 116 -60 -100 201 -237 -43 -159 -59 120 126 68 -187 192 -67 131 -13 -44 -161 -28 -240 -195 5 -147 111 -179 62 -3 115 242 -138 83 -226 232 -191 28 77 81 11 -52 21 -7 -107 -239 -135 194 -66 -238 171 245 -14 159 -151 216 -81 153 -12 119 32 -63 -104 -249 207 61 44 109 -137 -23 -68 75 -128 -117 146 -115 79 143 -210 -204 152 228 172 -80 9 102 136 -69 -11 236 -75 -37 249 -61 -142 -98 12 76 95 -65 -39 134 -87 239 182 89 16 80 -97 -113 121 57 -167 -95 160 -166 22 46 -77 -6 -246 107 -74 17 -136 41 -78 162 27 -235 199 231 200 59 -4 163 100 168 -172 -155 -133 220 138 184 165 -111 -157 133 -73 -90 18 -40 50 -196 206 198 210 -62 91 -198 -21 4 229 174 -49 -101 -127 -184 169 205 38 -200 -173 13 129 -207 177 -233 -51 -85 88 87 188 -32 49 -130 -227 34 1 -168 -26 84 -193 36 -57 -186 -19 180 238 224 -243 20 37 66 196 -250 -31 94 -42 -215 108 -2 -185 64 150 -206 226 157 227 -221 -79 175 135 71 -188 215 24 193 -71 243 -35 117 53 -93 106 33 189 -122 -5 -125 -156 209 -232 -15 -88 56 -220 190 -174 -150 -30 -208 148 48 123 58 139 -216 -34 -183 -164 176 179 -22 30 -242 -55 164 -181 -225 98 7 -139 -143 114 158 -89 73 -54 -41 233 203 96 187 -38 235 112 -163 -194 -223 122 -29 0 212 -82 -160 -17 113 240 -201 -153 29 -182 145 -212 35 221 -36 118 -126 -171 137 86 219 -140 -50 54 156 
TEST 169 ARG:242 241 -79 -84 6 -152 -96 73 -27 -123 82 -212 96 -83 139 -137 202 -228 65 -176 -94 163 -73 104 206 190 -90 10 63 -222 -28 107 30 240 198 227 91 -111 -11 133 -128 181 117 -121 150 194 193 -107 -45 33 -110 70 224 32 -164 -135 -205 -146 -197 35 214 234 -44 126 216 11 -217 -106 -104 77 -185 52 -86 -95 -75 -189 -26 90 5 108 136 -25 246 170 -50 18 -231 -200 -115 -67 -14 175 0 177 132 72 -220 -19 -142 147 -160 219 119 114 -20 186 56 184 -221 -186 200 -132 36 -215 85 -91 231 87 174 137 -8 -173 -191 209 230 179 -136 113 176 192 66 -88 -33 -147 16 182 -127 92 -240 -246 -55 125 135 -172 249 141 143 161 79 19 -194 -245 3 197 244 -31 -108 81 83 -101 62 -2 243 -3 -179 -150 -247 -230 218 -114 44 -47 43 -250 -116 -198 76 -59 -151 -6 97 101 -43 116 -1 -242 110 -167 -133 -120 -24 -209 -23 105 26 -227 -183 -180 233 -35 239 130 -243 -219 -18 74 142 50 228 -21 -66 129 120 -109 112 48 -74 -29 -7 -171 20 55 157 196 115 225 166 -53 -239 -54 75 -175 -39 210 183 -61 -117 -159 156 201 -97 -130 159 34 138 158 -143 180 -199 57 122 -42 -140 245 215 23 -77 238 155 195 235 -82 223 -89 -233 -248 69 -204 89 17 -46 93 106 84 -40 86 -63 100 -30 49 -187 -56 -157 -192 -36 -178 4 -166 47 -58 -15 -156 211 -57 -225 189 42 221 -65 88 204 -49 -202 -207 45 103 121 -34 25 27 7 68 -163 -125 -92 205 -17 -81 128 164 -201 -174 -149 -181 162 29 -37 -5 247 -13 -62 -229 -85 -69 -60 111 -134 -32 154 71 188 -206 146 22 15 28 123 236 152 151 -51 -162 24 38 59 -237 -78 220 207 185 169 -208 191 -64 -214 -100 102 21 213 -155 -177 -113 67 -234 -216 8 61 -165 -52 13 178 -72 -145 229 160 64 -235 1 -184 -148 -210 134 -70 98 -168 12 -241 -203 -105 -138 -218 -22 -98 212 153 -80 39 -102 -112 94 217 208 -119 -238 -188 -196 167 -141 -226 172 -10 -129 140 -158 -12 -193 165 9 -170 99 -71 173 -4 -41 -190 203 109 148 237 -99 2 -68 60 248 14 -103 -139 -236 -211 -118 41 37 -213 46 171 -154 -16 -169 -244 53 -93 -144 78 80 -161 -223 131 168 -87 -76 199 -9 -224 145 232 -195 226 144 -232 118 187 -153 54 222 -126 149 -131 -48 127 -124 40 95 -122 -182 -249 51 -38 58 31 124 
TEST 170 ARG:54 238 -173 -37 -83 -22 -139 -179 -12 61 107 208 -46 -156 -149 -10 124 237 93 53 -249 191 164 229 96 87 -233 -48 -200 236 -247 -217 -198 -206 -157 25 44 -187 189 1 -92 -100 -50 185 -90 5 241 -88 -54 239 -27 192 -8 4 147 130 97 21 224 183 -171 -155 134 -35 -194 -180 29 78 166 188 -128 104 -28 -64 161 -34 196 52 -105 128 156 219 207 -151 -229 -45 -126 106 232 47 -67 125 -85 -244 -89 -185 17 -211 227 -239 168 89 40 -207 -53 75 -219 -11 -223 -33 34 -107 231 -226 -152 -162 -19 -38 115 245 220 212 150 -120 152 242 10 249 -161 -205 -31 -131 -215 -122 -86 170 205 -203 51 157 -96 -71 -62 -106 -49 -147 -209 76 160 127 226 13 -42 41 90 -79 -153 110 -82 -228 -6 -109 99 -143 65 -222 -154 167 203 -104 12 36 -193 116 120 -243 -40 57 201 67 153 -159 92 80 -101 -23 -218 105 -16 -110 -58 49 -175 123 62 6 148 -14 109 32 221 113 -20 42 211 43 -103 -15 -192 -59 -74 -43 -136 -202 -114 162 122 -24 -108 199 228 -165 198 -230 -242 -220 -26 187 135 -2 60 11 -9 -78 56 -201 -213 149 -29 -167 126 173 108 -250 -77 95 59 70 -237 216 118 240 -181 247 136 -25 27 129 197 48 -148 -190 -240 18 172 -57 -95 -178 -210 31 225 58 158 35 -52 204 -97 39 -113 38 180 218 142 14 -93 176 30 230 46 -189 -160 175 209 140 -246 3 -234 77 -199 141 -235 -150 -55 155 83 169 -5 -17 22 111 171 63 -212 -231 -36 -75 -177 -72 214 -236 33 -119 -3 163 137 133 222 -80 103 24 -102 -32 -73 -191 -115 -174 177 -129 2 -135 143 -176 -21 -145 -158 181 -65 159 -208 234 178 37 98 233 -224 174 71 -81 223 82 68 -164 74 -183 -197 16 64 -1 -91 165 -98 -144 235 215 -123 -169 206 -66 217 182 -133 94 -141 -51 -140 121 -124 193 -117 139 66 -186 -30 -87 -44 19 243 -125 81 -245 -116 -39 -70 -18 88 -216 -47 45 50 23 194 138 179 -142 145 112 132 20 202 244 -68 -204 79 7 -69 8 0 -4 -172 -232 84 -248 -146 -241 -63 154 -112 26 101 -195 184 86 213 -121 200 102 190 -41 -61 -227 -225 -163 248 -137 -84 -127 -94 -238 -138 72 -132 15 117 -76 151 -184 -221 210 85 -60 -196 114 9 -7 91 246 -166 -214 -170 28 144 55 186 131 -13 -168 -99 73 -118 -130 -182 146 119 100 195 -56 -134 69 -111 -188 
TEST 171 ARG:-228 129 70 -222 193 42 246 -121 133 242 194 -84 -199 95 71 -101 59 -41 134 154 132 -112 197 -28 -184 -85 -207 37 168 -48 166 116 1 101 -146 -173 3 175 108 167 205 146 -196 119 -23 -197 76 -198 65 -248 -21 -241 -242 248 -144 -46 141 -213 -172 94 87 127 -7 -124 227 50 -237 32 -225 222 247 -42 -103 234 -134 99 -4 6 -128 74 -74 86 173 66 -33 -127 -80 -224 157 153 -29 201 27 204 -110 -167 -100 -145 121 -156 -81 -3 -164 -239 -43 -59 -211 185 14 80 232 8 2 -75 -94 178 -92 -191 -117 -58 -180 24 -177 -161 -168 -67 69 44 18 150 209 35 -192 -44 111 77 22 0 186 -206 84 12 -38 88 -233 158 78 -76 -227 155 73 -143 -152 -88 180 -126 -90 90 100 192 28 52 -247 147 -22 -118 -221 138 79 21 56 211 162 -56 131 -60 4 64 -160 240 29 -186 -151 -176 249 241 40 -232 -19 -159 183 -231 -166 -202 107 26 224 -120 -179 58 -11 -250 -1 51 210 243 -106 220 -162 -111 5 -216 -26 -215 -98 195 143 -246 -157 49 -40 -53 -116 161 -95 25 212 199 -54 -249 -83 -132 231 118 -205 57 -153 239 -114 41 -108 -204 -31 148 126 -61 130 -142 208 97 96 -97 -35 98 -5 -78 -122 -115 -70 -238 39 62 152 215 46 176 -45 -236 -17 218 -109 156 196 104 -190 85 145 -189 -137 -195 92 -2 120 214 -208 -240 179 -201 -212 -32 225 -8 15 17 -10 223 170 -138 216 102 202 149 13 217 136 -113 33 -234 -125 113 -175 165 117 -193 -99 226 -230 36 123 -68 63 89 23 34 43 -79 206 -170 159 203 -147 -49 -47 -185 30 -218 -154 164 -9 -37 -130 177 114 122 -82 -135 -245 -171 -52 -55 75 235 191 -210 140 81 103 19 174 38 -30 91 -57 -235 -217 53 -18 -183 -155 -243 -158 -226 54 -105 -165 106 -187 125 184 182 20 181 68 112 -69 230 105 -6 -20 -229 -169 -96 -13 -27 -223 11 55 -12 237 -200 -214 72 188 -63 221 169 -71 61 31 171 139 -15 -131 -66 213 233 -139 -150 -34 -133 172 198 -14 -72 -163 163 229 -219 110 67 -89 144 -25 244 207 124 137 48 115 142 -65 109 -203 7 -244 -102 189 -182 93 47 -87 -129 -16 10 -91 -194 -73 -93 200 -86 -51 236 245 45 -209 -174 -77 82 219 83 151 -141 -36 -104 -39 -181 -64 -140 190 60 -107 -220 160 -119 -178 -149 135 -24 -123 9 187 -148 238 -188 -136 -62 228 16 -50 128 
TEST 172 ARG:192 -173 171 -7 -218 -15 -111 -175 -188 193 -81 -40 233 86 -195 232 107 119 -48 162 -203 -144 157 30 191 -138 194 2 -53 -17 245 91 165 -223 -169 -28 -209 -145 48 -191 13 234 248 -98 75 -136 154 -243 170 217 243 188 -39 133 -13 -95 19 25 -69 37 101 125 -46 -96 127 214 100 -206 -216 222 -193 -168 155 74 -99 -229 96 -71 14 -132 73 -174 -55 -1 -197 24 216 -16 224 5 -52 -20 -58 10 93 15 -123 36 215 -139 139 -249 -108 -240 34 210 -59 72 -6 175 -214 124 -237 123 46 167 -93 -220 88 -189 -192 -165 150 -201 140 64 -164 -88 151 83 -178 -182 237 -126 -130 69 -239 -142 61 200 -179 153 -51 -215 -148 -115 -231 -25 4 161 -128 128 90 -8 180 -141 -143 -170 178 -85 213 -104 29 247 -18 135 226 -12 -35 -19 39 104 -166 108 -38 -2 -246 -100 -235 12 -110 143 -61 149 -149 126 -185 82 -107 -217 181 146 198 -89 -121 152 208 -21 41 62 65 57 -105 113 -122 -75 147 130 -213 52 -65 32 159 78 241 184 -97 -248 220 -57 145 63 190 211 -63 -155 0 -180 -211 20 76 -116 169 163 -114 -30 -3 196 -208 -161 -26 -147 95 -219 67 223 160 183 17 202 80 3 -134 -157 -70 -33 207 164 132 156 18 70 187 -14 -37 -207 206 -244 -129 38 -36 66 228 -54 -125 -238 120 8 -113 -151 219 204 9 22 -23 -199 230 -176 97 7 -86 -146 -200 235 -11 -10 79 189 44 -4 -34 -156 -82 111 -42 -112 -31 -160 -78 174 144 -163 186 -140 209 148 -41 81 -150 185 45 -183 -232 -27 -222 -158 -228 158 31 218 -152 -101 -186 -242 244 102 -124 -45 -79 -194 71 27 238 -106 142 221 87 121 84 -227 -29 -120 49 -135 -225 -241 134 77 40 -90 -68 -247 -94 115 -234 -210 141 110 117 231 -171 -212 103 212 236 105 -9 137 182 -117 99 -56 92 -44 -250 -49 -154 -184 -84 98 -202 89 -127 227 168 55 172 60 -137 -103 -133 -5 -226 109 -245 138 -224 16 1 -190 -50 195 58 23 -159 -73 177 166 26 -205 11 -83 43 85 -32 -22 -119 -43 239 -24 -102 33 240 56 -74 -72 -153 -196 -118 197 54 28 -66 -236 -162 -87 -77 -60 68 53 -92 106 136 -230 59 203 114 201 249 -181 116 205 35 42 122 179 -172 246 47 -47 -198 129 51 229 112 -131 131 -76 -64 -67 -80 -62 -233 118 -221 21 176 94 242 -91 6 -167 -109 173 50 -204 199 -177 225 -187 
TEST 173 ARG:-25 -2 227 -61 149 59 -116 -83 48 242 -225 6 -32 -247 116 -188 -173 236 -59 -124 200 -151 -165 18 244 181 97 15 -179 235 56 -250 -168 63 -245 -228 -242 -249 -159 -97 134 19 237 155 -205 71 -207 -140 88 -84 -234 -35 -114 13 -69 -131 -21 99 153 -51 -37 87 146 -237 86 47 192 243 -33 62 -19 -236 45 198 -244 73 -7 68 -118 -4 121 -196 219 140 -156 -150 -157 -36 130 229 -63 -128 -222 -122 -229 40 102 109 -178 193 74 -240 -117 -187 169 114 164 150 -101 -185 -212 144 25 125 -227 -5 92 -213 110 113 -105 -223 203 -202 30 -217 -28 31 26 224 -142 -55 246 -92 -65 -9 -149 32 -53 90 33 249 162 29 -73 216 197 -70 -1 -154 -104 -52 -200 112 159 138 184 -241 77 231 75 23 179 -137 -30 36 -221 -145 163 120 -121 4 202 211 177 81 20 -38 -198 212 186 -204 -146 -42 108 214 94 239 -152 196 28 -34 206 -216 -80 141 208 -98 210 96 118 -13 187 -87 119 -139 54 -129 -29 69 85 100 -193 8 -39 83 -107 -56 -99 98 -86 -239 220 -40 -208 -226 182 82 174 -66 143 -183 -44 -8 -23 -238 27 12 -24 -177 10 39 148 -91 -201 -230 -43 199 232 195 44 123 166 42 117 84 -209 -14 -41 188 -18 -60 180 170 122 64 245 34 -248 -219 -26 132 -12 -167 -3 222 -108 -50 145 -214 -82 136 -72 103 -125 -203 51 95 240 218 -135 124 -96 -58 0 147 -199 -186 55 -210 -81 11 79 -119 -115 139 126 -10 157 -166 -95 65 -147 133 -174 -176 -27 -76 226 -47 -141 14 -215 93 -93 -224 -136 -111 173 -74 234 152 -127 247 -169 -160 80 -64 -17 217 91 241 156 -232 17 204 -110 154 104 -220 -181 142 131 76 70 233 107 16 151 201 -78 248 111 -211 223 -79 78 -138 221 -48 -170 21 -155 158 129 135 205 175 165 185 -109 -133 -106 -180 -11 -218 -194 161 -233 7 9 -100 -62 22 230 -85 -67 72 -89 24 46 -103 115 128 183 53 -191 127 106 194 -20 -22 213 41 -123 52 -126 160 178 -112 -46 -102 238 190 66 225 215 38 -49 -31 -144 -94 35 -206 -184 -175 -90 -45 -68 105 -54 167 -88 61 -161 -15 -6 189 57 176 171 1 -162 -231 -195 -172 -171 -71 -192 -134 -132 207 5 -243 137 -120 2 -190 58 191 -189 -57 -164 -153 -197 -113 3 168 -182 -75 -235 -246 89 209 -163 43 37 -130 50 -77 -16 67 60 -143 228 49 -158 -148 101 172 
TEST 174 ARG:25 -191 165 -213 -218 -87 40 -206 184 236 -75 126 209 -100 -147 111 61 -155 -189 129 -77 114 127 -158 64 -52 -104 -23 26 -193 132 204 100 122 -76 -244 -68 -128 -226 -53 -45 198 -177 163 193 -37 -210 83 179 -137 92 152 192 232 -161 -86 135 -5 -118 103 -230 216 210 -121 248 -9 174 -33 88 -97 -201 222 20 231 -54 -140 -202 45 148 -19 169 -165 120 -215 -196 68 221 84 128 -58 37 -8 29 -11 -2 -171 87 167 160 -114 171 185 -107 -98 8 154 -223 93 -149 116 33 158 66 137 121 181 -83 -146 -99 -235 -173 -6 -170 63 76 172 58 -67 -125 -131 -56 223 243 242 -48 -127 224 -4 -17 19 -182 -119 113 -25 -160 201 -150 -22 107 170 75 -20 71 233 -135 -243 -13 144 200 -32 187 -198 226 14 244 -163 -239 -172 106 146 -232 -124 38 -247 -117 -179 69 24 -153 -237 -84 81 -43 59 -15 182 -91 197 189 -188 -236 21 177 70 -106 -110 162 9 -174 13 142 -164 -123 -246 241 74 36 1 -115 218 23 39 139 -85 206 212 -195 -34 141 -113 -248 159 -190 -66 56 -208 -241 166 -35 -126 -64 -212 -211 123 72 227 110 -65 -217 -176 228 208 155 118 90 -194 -207 -156 131 202 -10 190 -186 -28 -220 -70 28 -14 89 -79 -3 -183 32 -209 10 5 -187 -44 -81 -204 -109 183 -51 42 3 62 18 230 109 65 -250 -101 153 115 195 219 102 50 237 -148 -40 -166 99 -55 35 -192 186 -145 -130 -18 -89 117 -199 -139 -103 215 78 -200 -151 240 -231 -62 246 -31 60 188 82 105 -197 -7 -143 245 -180 225 -80 -71 -49 52 -184 145 -185 -46 91 -122 -63 112 85 234 31 -82 -61 -154 -152 -69 149 196 125 -225 157 73 -73 161 119 -102 77 17 -41 11 164 -93 94 -16 -219 -24 -26 -240 -42 55 -108 -36 86 -90 12 -111 4 80 220 104 -95 0 -162 -132 -59 6 -39 15 -30 -21 -29 205 168 -221 48 150 53 54 -120 -57 140 -205 108 178 -129 -133 -159 -157 44 97 151 124 -78 173 -178 199 -50 -229 143 -167 -134 191 49 -175 217 213 247 51 194 -94 2 -47 -228 175 95 -38 176 203 211 214 -112 -222 67 -1 -168 -224 -136 229 -92 136 207 -74 -141 147 -169 134 238 -227 96 235 41 -72 239 130 -233 34 -238 101 79 -245 -142 -216 -138 249 -181 16 180 -116 -96 30 7 138 -27 -249 156 57 43 133 -105 -88 -234 46 98 -60 -214 -203 -242 -144 22 -12 27 47 
TEST 175 ARG:148 47 -155 -159 40 234 -51 84 15 -203 78 -191 165 31 -134 -214 -170 -39 -228 38 32 190 209 -195 249 149 76 236 -104 -204 105 -88 140 -20 183 -100 189 91 -22 49 219 144 48 215 -194 -21 -50 12 -196 225 37 -83 41 123 -241 -231 204 -56 28 -146 -167 188 -128 206 196 53 -180 -238 -147 -46 126 -222 86 83 -63 187 -87 -62 -136 115 110 -137 -40 -112 191 -160 -7 -206 -185 -242 -19 -57 243 211 45 -229 169 -234 -237 -43 -6 18 -97 13 233 -171 198 77 -2 112 154 -179 54 -142 -74 26 216 237 61 -152 162 80 119 64 42 -221 -192 72 177 213 -117 34 93 7 -65 -42 151 -205 -224 226 179 -79 -116 68 -172 -165 87 -151 -236 -223 -199 139 43 127 181 -38 -209 -175 95 -86 245 27 -110 8 -162 156 97 65 -17 155 104 -202 -124 122 5 248 -26 -132 247 6 -91 25 133 227 202 75 99 241 -101 -94 9 -193 35 -216 -45 161 -84 -149 170 137 -28 -156 -98 57 128 -215 51 0 -12 -10 114 36 -59 223 -157 130 58 -25 120 -240 20 -90 79 11 -5 217 -77 -158 -212 -41 -31 33 60 220 39 -69 -226 178 -190 129 -154 199 221 -198 238 222 -30 -148 180 -37 108 239 1 16 -68 106 -60 -121 101 192 -233 46 -200 -219 -54 136 -220 23 52 -120 -58 -184 -52 2 -249 141 -71 -217 103 159 -166 -49 -70 185 203 73 231 150 -239 -113 168 44 -123 184 -4 82 -82 232 167 205 240 125 -72 63 -213 -126 142 -211 -129 -8 200 -36 29 -133 67 -246 -29 153 -164 -122 -207 94 -27 157 143 242 -247 116 88 30 132 -73 176 -81 98 -135 -187 -225 -208 145 -119 81 -127 -144 -53 -32 -80 218 3 246 230 24 -67 69 -173 -47 -102 -99 -33 -139 4 152 -64 -131 -243 -197 -61 -44 244 111 -78 -218 -11 -178 113 17 -150 -210 182 -125 -9 19 164 -76 201 96 135 194 -232 -189 59 -188 -140 186 235 66 -145 -143 -105 -163 174 -186 224 89 228 173 124 -85 70 109 158 -118 -174 -24 100 -169 102 195 -250 -115 171 -35 107 -138 -230 56 -248 -161 -1 50 55 -18 -66 -92 85 197 -153 134 -55 -176 74 -106 -168 -130 163 118 146 -107 92 208 117 207 -13 -14 -108 -111 -201 62 -114 -96 -177 -183 160 -95 -244 -235 210 71 -16 166 -75 193 175 22 138 10 -15 21 -3 -182 214 -93 -89 212 90 -227 131 172 229 -109 147 -141 -34 -181 121 14 -103 -245 -23 -48 
TEST 176 ARG:157 -134 28 -179 -245 -219 47 64 214 -66 19 -186 -238 -11 -221 -136 159 175 222 137 218 179 -21 80 38 -110 195 9 -76 -127 -31 51 -142 10 -43 -40 -224 -126 72 48 -119 109 -78 -57 -146 152 131 -204 -165 -171 -99 40 -112 -145 172 236 120 -220 68 102 228 -84 62 87 -94 -213 -241 -169 -129 -10 150 -101 -27 -91 5 -74 -4 -202 -200 125 196 184 -178 -45 153 249 -130 81 56 165 -153 -82 176 15 -247 141 91 -95 -88 -170 239 -6 226 -3 -75 -87 -209 -192 43 -111 -85 57 -59 -138 -124 -34 -243 112 -20 118 -14 -15 0 -18 -47 -240 -207 -29 -70 -53 96 206 123 -237 -106 -60 189 134 209 -108 244 -196 69 17 238 -175 55 -81 -163 73 -2 101 -217 85 -190 126 -114 -125 -198 -195 220 122 245 7 -197 -37 35 -54 202 180 -16 121 -23 -80 75 -231 183 168 207 -184 229 204 -86 -216 -164 116 37 92 166 114 241 182 79 216 -107 -218 12 58 83 -229 119 -149 46 98 210 -68 49 203 -167 -143 -233 54 -105 130 -12 -168 30 -36 154 -162 197 -93 -160 -201 88 164 -182 -205 -56 148 237 -183 161 221 193 -137 -42 -55 -225 174 -185 232 230 1 211 -118 -144 -41 -17 -46 213 -223 -193 33 117 -39 8 94 23 16 -131 247 191 -44 99 -5 243 44 -62 201 106 173 -139 -61 89 11 -92 71 -48 25 -113 136 -96 -69 145 -242 -30 147 -13 -211 -73 -203 3 212 143 -154 -236 -212 186 -239 -121 78 74 -156 142 -116 -28 97 -33 66 -148 -8 -22 -38 104 156 127 -64 -147 -32 -98 34 151 181 231 129 36 190 21 -248 -227 -206 -246 -226 223 -58 144 -135 235 82 -173 105 224 115 110 -122 -83 -67 -132 192 -141 146 -133 162 -102 178 67 -51 13 167 -117 242 246 -161 219 -120 -65 41 -7 -208 103 -97 14 65 6 135 -189 -250 -230 77 42 -100 93 -215 177 133 170 215 160 233 -72 4 187 128 171 63 76 95 -174 149 132 -50 217 -177 -155 198 -52 86 -234 188 200 18 -158 -244 -104 -172 61 -103 108 -9 50 -63 60 -79 -222 -152 -25 248 53 -71 -123 163 32 124 -19 -214 205 194 -228 -109 100 -194 111 158 2 -150 -199 -176 90 227 240 84 -24 234 59 -188 70 22 225 -49 -191 -1 29 185 -140 -166 -90 24 -181 155 199 -77 138 -115 52 26 39 20 -89 -187 -232 -26 45 -180 169 -35 208 107 -151 139 -157 -128 140 31 -249 -235 113 -159 27 -210 
TEST 177 ARG:92 101 -14 -173 -118 -193 -247 -13 151 95 226 -44 -2 170 18 89 -204 105 -220 174 -203 -115 -124 -199 -62 -83 -73 -141 214 144 175 -140 39 -178 -245 -153 -168 -201 194 183 68 48 231 246 -119 54 -29 167 6 -28 -82 78 -237 236 -110 -34 248 16 -198 -26 229 141 88 -126 125 -207 86 -200 42 61 -191 -236 -79 154 -165 32 -216 126 113 182 164 -217 -241 -171 223 -156 138 245 -31 132 152 -139 233 156 -219 122 53 -226 -175 -159 -227 57 -224 119 103 64 15 -67 -211 19 62 -76 249 -117 137 -246 172 212 -68 208 202 4 -6 244 27 166 222 115 14 218 -188 -3 153 84 63 -184 -33 163 45 104 107 -66 -122 26 -113 94 199 192 -169 13 207 -72 205 186 -88 143 -144 -162 118 240 -108 97 56 -107 227 -131 -24 -41 1 71 -47 -4 -69 241 -50 -154 -80 -133 204 147 -222 -250 -91 87 37 8 184 -22 -71 195 -32 221 191 -135 193 -35 -112 -23 -148 -190 -128 121 -94 150 145 247 129 117 -177 34 73 58 77 43 -240 243 36 -215 -155 -86 220 -111 59 -189 12 -64 30 -218 114 -89 -9 75 162 230 -101 -25 148 -40 -181 155 -160 -99 38 -5 127 -150 -233 17 -185 -228 -243 235 159 -172 -46 80 -180 142 81 44 -179 -42 181 -213 -120 -104 196 213 3 -151 224 -57 146 -231 185 -157 209 -230 135 -212 -59 -78 66 177 -114 -229 210 -183 76 -45 -210 -100 -176 -92 98 69 140 -87 -134 123 -16 -209 -208 112 -166 -145 134 -39 -43 -248 -36 -149 238 -223 180 131 11 -77 178 -249 23 -116 50 -81 -232 90 -221 -234 0 116 -95 -125 176 28 -202 188 215 -206 -97 35 -65 -10 171 96 158 83 52 31 -52 -30 -84 179 149 7 -54 242 -161 -195 168 -235 -20 -132 82 99 -103 -93 -90 -130 -21 -239 108 60 -167 -121 -96 -75 217 -51 65 67 161 187 -98 -127 -53 106 -194 72 -109 160 40 41 232 25 -143 5 190 139 239 219 -138 -186 -244 -18 -158 74 -15 -85 110 133 203 -63 102 2 -12 -238 -147 -187 -56 -60 100 -11 197 79 -174 -225 85 24 -146 157 49 237 -7 33 55 -1 -192 -61 201 -205 136 -74 -182 -142 -123 216 -152 173 -49 -8 -164 128 -196 -105 -27 70 109 -163 -48 211 -214 234 29 200 -37 -106 169 206 -170 47 22 46 10 51 124 91 165 -19 198 225 -58 -17 -137 9 93 -242 21 -38 -102 -70 120 228 130 -136 -129 -55 -197 189 111 20 
TEST 178 ARG:-16 96 249 68 105 -65 30 136 224 44 114 -120 219 132 -139 -69 -94 -242 -121 71 -217 -142 -24 76 24 199 -58 59 49 13 69 -53 -107 -208 137 -141 -15 86 -222 -154 -51 -70 85 156 -6 109 91 153 135 -148 -135 -72 57 -9 -165 -30 172 174 130 -62 -162 31 -36 -79 -22 152 207 210 188 -186 -28 -237 169 -195 193 -134 -236 194 -130 37 -177 -117 -73 -247 111 182 -180 110 185 225 -37 77 159 -17 146 -187 -190 222 179 -227 -44 143 175 1 64 243 244 168 -233 -245 51 41 23 78 -200 -185 -12 216 -112 -191 115 134 -80 197 -118 -19 247 -167 116 -248 -194 113 -40 -13 -210 0 6 209 154 246 82 56 -97 -86 46 -39 -11 -144 -1 -132 -102 -184 58 94 -7 167 117 84 -125 -171 88 89 -189 -108 -31 -232 181 -197 -220 -211 -81 -3 -101 129 -250 3 -60 -26 -192 -174 10 211 -173 228 -105 -153 -215 -238 -2 -188 -106 -212 202 -137 -123 -199 191 -246 -170 72 226 180 22 4 -147 63 -35 -146 -77 245 -201 38 53 128 -20 -176 -18 40 -225 -52 123 162 101 227 200 -196 -91 -221 -46 151 -57 -75 195 -133 -67 16 -156 -228 -122 223 2 70 -219 -149 221 -61 -152 204 -206 -119 -111 79 -114 99 97 -202 -159 230 8 -213 -182 192 -172 -224 -82 92 107 -14 -5 -32 102 118 147 -50 75 160 133 -84 165 -181 241 35 33 -96 17 177 -56 -85 184 173 142 186 -66 121 -216 -10 -235 150 -198 47 42 -169 -34 206 -116 60 126 205 106 -47 -230 214 25 108 -87 -54 -27 236 95 235 144 124 213 -43 -164 -166 27 93 -48 208 -110 -226 120 -115 -179 203 -127 50 238 39 -204 125 43 20 -231 -29 -23 170 -100 55 138 90 62 187 229 -168 -175 65 -160 36 -244 201 18 -140 98 -126 66 -103 119 145 -234 -229 -64 163 -113 48 155 -124 198 -138 -209 15 -21 -150 161 239 -207 87 217 232 -158 127 -163 -223 -25 234 -131 212 28 164 237 131 -136 -145 29 220 -49 -68 54 74 -178 -33 -218 -42 52 178 -129 -99 240 -4 -193 -155 -109 -88 -8 166 -92 83 -151 7 -240 140 189 9 -41 -249 -78 103 -38 149 231 -98 242 141 -55 -74 -76 -157 -239 45 196 -89 -83 148 233 -183 139 -63 -241 112 -214 176 14 32 190 218 11 -93 -143 215 183 -59 157 21 -45 -71 158 67 248 -203 73 -161 122 -104 104 5 171 26 -90 12 -128 80 81 -205 -95 34 100 -243 61 19 
TEST 179 ARG:-202 -137 -97 -242 163 -30 -132 212 63 122 -247 84 -224 -127 -95 -121 177 -27 -200 -86 99 28 173 223 90 -146 10 82 61 -60 -110 -152 206 -23 -229 165 202 -190 -58 60 158 -184 -171 -173 -45 -241 -75 179 -170 97 48 155 143 113 -22 74 238 77 -191 -54 29 137 -51 92 133 120 -179 112 237 -165 62 209 166 183 -233 185 220 -168 27 -196 145 208 -62 22 -211 -9 -187 64 -89 -189 248 141 -172 95 -117 -174 186 -163 -192 -67 -188 -31 178 215 -156 -217 25 -158 227 -226 42 -194 204 -181 -206 233 135 -209 146 37 20 32 80 -18 104 203 -244 -201 239 101 129 -219 -240 199 197 -101 -4 -197 125 -14 -205 0 -7 154 47 225 70 -112 231 67 -29 -153 -245 -33 -248 98 -35 156 85 -24 83 119 11 108 168 -37 -213 96 246 -5 8 -32 -34 107 -178 121 194 89 39 -96 -237 9 78 -212 -26 205 216 -118 -13 26 -145 235 -39 76 214 228 -28 -44 -140 -42 34 -227 131 232 -136 244 66 16 38 7 -105 -203 -6 35 79 -20 -15 115 124 134 -215 -134 -185 57 -119 -46 14 109 176 -231 167 -78 -186 -230 116 -99 221 -113 -21 -73 -246 -250 3 226 31 68 -25 -48 36 41 -182 -109 -69 106 -70 114 94 148 -177 -129 240 -123 -199 210 174 -243 -55 15 -214 -220 -151 213 152 -2 -166 207 -98 69 126 218 -84 -80 -65 71 -116 -104 -144 -71 -147 245 -90 -135 87 54 172 100 -164 -218 151 -36 -88 -183 59 -40 164 -235 -193 -53 -8 191 200 140 -162 65 -106 -91 -56 184 170 193 -64 -81 150 52 180 153 142 123 -223 50 196 187 -57 -208 171 147 132 -143 18 127 46 -125 -100 105 -103 -63 -38 24 241 -79 -1 -155 49 5 -149 -87 110 181 -50 -204 175 13 -180 224 55 130 103 81 -225 -122 161 -234 139 188 33 -238 -12 93 -130 86 -94 -198 1 -76 -161 229 -17 -61 -232 -124 169 118 -138 -3 -92 138 -19 -68 249 -141 -77 -160 234 -133 -154 45 -93 157 -85 128 -159 -157 17 -210 73 19 44 211 56 -59 136 43 -114 198 72 201 182 247 2 -195 190 -228 -83 -139 -142 111 -169 91 -167 -49 -150 -128 -120 -115 236 -41 -126 192 4 -207 230 222 144 149 21 58 -16 -11 243 -108 195 -249 53 -72 -221 117 159 102 -52 40 -148 242 162 30 12 -236 -82 6 -43 -176 219 75 -216 51 160 189 -175 -131 -10 -111 -66 23 -107 -74 -239 -222 -102 217 -47 88 
TEST 180 ARG:-114 191 -215 228 -60 133 -76 -213 -17 70 43 -185 -115 168 218 128 122 -46 -246 198 -22 -190 -51 229 -196 105 -107 140 -171 213 49 -218 -45 185 -121 182 -168 212 171 222 151 239 -186 -222 34 162 -11 -123 154 14 206 -81 -155 124 138 119 -203 -195 26 -233 -172 -197 -212 100 -64 83 16 88 169 235 242 188 194 236 129 -128 29 -83 144 28 -223 -158 -131 -86 220 -175 95 121 195 -2 -148 11 -8 -23 -26 44 -240 -63 -118 2 15 -32 64 -70 -29 166 -112 178 -3 -230 -49 58 -92 107 161 -239 -125 -69 -122 -87 -15 -163 -237 -37 -176 94 -204 -108 -188 78 7 170 -105 32 -167 173 230 117 244 35 -113 -217 238 62 177 -132 -161 102 -94 30 -234 225 -227 48 -20 -137 134 73 -31 76 18 -179 -52 160 -10 -219 215 6 135 221 -249 -242 -151 155 146 81 -61 116 24 205 136 85 -68 164 86 -65 158 -53 104 174 175 25 125 -95 -14 67 37 -183 113 211 179 -192 -177 219 -209 187 143 -160 -235 38 167 -116 -247 249 -90 -170 -225 -41 -231 153 61 4 23 51 172 84 -50 -146 20 -221 52 -79 0 176 -135 -38 131 -72 66 50 142 150 118 -243 -12 120 -84 -62 -211 -18 -149 148 -30 226 97 -169 59 -16 -207 208 -228 -103 -199 -67 -88 42 -216 192 46 91 -98 -100 127 -154 145 180 -250 -244 -189 232 139 240 -73 -89 247 106 -21 -220 196 39 -133 -54 -200 75 1 101 -110 10 214 79 189 -47 -120 -182 -85 55 202 -173 -147 -82 9 209 199 17 -214 -40 112 -91 201 217 183 -106 57 110 -93 237 114 -248 159 -136 193 -24 165 224 243 -194 31 56 -78 45 -127 241 -80 82 210 -210 -55 65 -184 60 -143 -129 -28 47 -174 -1 -157 -206 -164 -124 72 -238 -71 -245 197 -162 96 227 -48 -117 90 -9 -130 -208 3 -224 233 -140 -144 -109 -236 -102 71 126 -75 77 12 149 -77 -13 184 54 -226 -156 21 -101 245 109 -145 204 -201 27 99 -25 -44 246 156 40 207 -97 36 223 -152 -19 33 137 190 -59 234 -4 -33 -7 -178 -202 -56 5 89 98 157 -166 -42 200 -27 -119 181 -104 -5 19 152 -150 -229 141 -153 -198 -111 -191 -138 -66 -134 -232 231 115 22 103 -36 186 248 -181 132 -193 8 68 -96 163 63 -126 111 -241 203 -6 147 -39 216 -74 -187 -180 69 -43 -57 130 -142 13 -165 53 -58 92 -34 -141 123 -99 108 -139 41 87 -205 -159 74 80 -35 93 
TEST 181 ARG:-3 -10 234 -162 181 -247 41 -190 82 -154 176 -114 -180 216 219 -130 226 -141 -221 -40 43 145 -79 -72 198 172 179 25 -108 -177 247 15 -47 57 157 -74 164 133 -1 66 38 58 -26 -239 3 69 -229 -51 -245 199 186 -36 -250 -96 222 -11 -185 60 131 59 -69 -135 -227 248 1 -243 -38 37 197 162 230 -90 -236 -76 73 18 -228 68 11 -110 119 233 212 -186 47 217 -151 215 88 -171 -46 26 -16 -45 -31 129 103 -65 -42 -50 -166 194 237 175 196 -152 -206 153 70 76 42 195 -203 108 -115 -94 209 113 138 83 77 -163 89 -35 203 -56 244 -216 -6 90 -183 -27 122 218 -240 28 191 -222 -223 -174 -111 -133 -248 184 137 -64 75 159 -199 156 -194 147 118 -15 116 -210 62 -232 55 -241 -238 246 105 -43 -144 -49 84 166 -159 23 210 183 -139 213 -98 74 -5 152 -70 -100 -103 -92 -83 178 -116 -124 208 190 -188 97 -178 148 95 102 -215 24 -113 -155 4 165 45 -17 39 136 134 53 -181 104 87 158 -138 -195 27 16 -129 -117 -234 6 -249 32 193 -218 31 9 -20 64 -147 -2 -134 -143 -149 -75 85 -207 -164 -142 -219 -244 -125 224 91 -32 17 -78 -48 -39 -172 127 -33 33 0 -112 -106 -101 -224 -204 -4 -165 -37 146 -57 111 72 -158 173 -91 -225 -167 -213 235 46 -99 -81 -212 151 -187 229 -197 -62 98 132 -7 120 144 249 12 -54 -196 -169 -150 -120 112 29 -231 52 236 34 -160 109 107 -122 5 -18 207 49 -63 -104 -156 10 177 221 220 154 56 -123 143 204 100 -189 -68 135 139 180 -25 -87 65 155 -237 -200 -30 142 -184 -59 71 50 99 -93 -205 -119 205 168 211 -136 86 7 115 40 -170 8 -246 -242 238 -226 -34 -28 -179 201 -109 36 -121 -214 93 -89 -233 187 121 30 -140 94 -145 170 -24 243 80 -13 48 -191 126 -23 124 -153 -220 -230 -55 79 -71 -95 150 -41 -67 223 -84 -198 -217 22 106 -107 -173 78 125 -132 -168 -208 35 202 -12 -127 174 2 149 -105 -66 -53 -19 21 19 241 141 61 -161 140 -148 -29 -44 185 171 -85 -82 114 169 -97 225 -182 -61 231 245 228 -9 67 -102 -126 -80 227 117 -235 20 -58 -128 -137 239 -211 -193 232 -118 63 51 167 -146 242 128 -192 160 54 130 -60 -176 188 240 101 -22 92 -157 -77 189 -14 81 -175 110 -131 13 -52 -201 123 200 14 192 -209 163 -86 -73 206 -88 214 161 -202 44 -8 -21 96 182 
TEST 182 ARG:-59 8 136 112 -129 -84 21 -204 66 24 111 79 -90 213 188 -225 181 237 202 -133 -71 -28 -209 4 -213 -29 -54 205 185 -111 221 -142 127 -93 41 -229 174 -149 -224 116 169 -236 121 -146 224 -138 -62 -222 83 -108 -10 133 103 -158 152 157 187 -156 247 -73 235 176 138 180 -69 -120 -109 -83 236 -226 131 -191 -7 3 27 -143 -53 -185 -92 210 234 178 117 125 -47 199 11 64 -99 77 -49 -33 -246 191 -11 -249 -94 -141 -170 144 59 -150 -145 80 -127 189 203 225 -63 -50 90 32 196 183 47 -115 130 -167 5 220 214 193 86 -238 -219 -201 207 -135 218 69 143 -169 248 195 105 -118 52 -39 123 -248 153 -117 140 -107 -104 -70 -75 -88 -74 -131 -194 -239 -80 68 55 241 -200 -124 -86 -18 106 -61 12 -65 -171 -105 165 -151 249 243 -125 -159 -241 -57 242 -32 -208 128 158 201 91 84 -178 206 126 -197 13 -207 159 -210 132 239 -205 -67 50 -100 39 208 -237 141 -233 227 -190 137 229 163 40 108 -20 85 -216 57 100 -36 113 82 129 139 -164 -231 89 192 -82 -41 231 -76 -77 -165 22 25 -179 34 -56 232 -9 186 190 96 61 -79 -162 -98 1 -78 -103 -153 -123 -85 -96 172 16 29 148 -176 -43 -38 -22 -81 -13 17 109 101 175 -31 -189 -182 -17 44 -12 37 30 -5 107 122 -199 51 2 45 71 -147 54 -3 -161 102 -232 -72 -230 63 238 67 -37 -119 -183 217 15 -15 -247 14 -155 -91 223 228 -211 -188 -132 6 -157 10 -95 -112 -175 -40 -113 -4 -87 170 -44 -206 146 62 240 23 219 -168 -128 226 -55 134 -186 246 35 209 18 -166 26 -172 124 -21 94 -244 -46 156 -174 215 -130 171 135 -25 -1 147 72 164 119 110 -139 9 -102 -58 -192 -23 -114 -64 -245 -228 -48 95 -14 161 56 -140 -198 70 -202 36 -243 160 65 -180 245 -184 -110 -160 233 -34 -126 -89 -163 -221 49 -24 92 184 46 115 -218 179 -227 28 -106 76 31 162 -177 48 -193 167 75 33 194 -27 74 -242 88 78 168 151 20 -6 -240 43 -121 173 -215 7 -137 -203 42 73 -116 53 -101 -144 -136 38 0 60 58 182 93 -148 -2 -152 104 -52 177 -250 154 230 -66 -45 -26 204 -223 155 -68 -30 -235 150 98 -42 -220 -214 -8 -212 212 -154 244 200 118 19 142 -19 -51 198 97 -97 -122 -35 149 -195 81 -181 -217 120 211 -173 197 222 -134 114 87 166 99 216 -196 145 -60 -187 -234 -16 
TEST 183 ARG:34 -97 -208 92 0 179 165 -211 157 -65 27 -215 125 -121 -179 -95 -42 57 -108 174 175 90 109 -130 5 -91 86 111 232 161 -34 60 -116 150 -205 -101 -191 75 163 -67 -185 177 242 -148 -193 -246 -110 21 -72 148 -33 58 -8 -13 -3 -212 15 -188 -36 -242 -109 117 -238 -164 -96 -154 -47 152 -182 -145 40 215 -231 71 10 -30 -124 151 -5 139 -250 239 -90 115 162 -226 53 -155 130 -107 -158 102 -50 -1 -106 -22 214 56 202 -7 216 146 211 73 48 -76 180 122 107 8 236 66 223 -207 -203 -152 -184 186 -57 -197 -219 149 -113 -176 19 3 155 129 -146 -37 245 -39 39 229 -220 41 -114 -45 230 -51 235 -87 -126 -85 -153 52 -142 -133 -10 -35 -192 166 -15 -237 -79 227 -28 108 247 29 -88 99 -187 246 38 -58 -214 173 228 82 -83 138 226 -17 37 -234 143 -69 -64 17 -81 -78 14 32 63 -229 233 -221 11 91 248 44 4 114 50 221 -31 -240 -189 170 118 -149 12 89 79 -120 -38 25 -134 -235 234 93 18 -55 -151 97 244 -157 -115 185 -225 -86 217 222 -92 -166 83 1 204 -94 -84 182 -170 -93 76 200 -111 176 101 100 -60 -112 209 110 -135 -26 -89 -20 -177 -241 -183 106 -56 59 54 65 240 -23 26 -129 159 195 -227 88 -9 104 -118 -171 -32 51 243 136 30 -2 -172 -180 96 -194 -161 -195 241 183 168 -40 98 218 -160 45 -117 -6 201 74 -128 -230 196 238 -104 -125 -140 -236 -43 193 189 -199 -218 140 190 -138 208 133 13 -196 -70 -143 -14 -190 42 191 70 43 22 -52 -74 -217 -137 141 203 -136 -68 184 132 -169 210 -16 -12 6 -103 -173 -44 16 9 -200 219 -25 -46 -66 -168 147 -222 -82 103 -63 -209 121 249 36 145 127 -244 33 194 -248 -132 35 112 55 -228 2 187 105 178 67 -224 -249 -139 -247 160 220 169 64 156 -174 -163 224 -59 -27 158 77 188 78 -159 206 164 23 -80 24 142 225 -216 -167 -245 -102 181 -71 62 213 -4 68 -48 -98 -181 124 -178 -54 207 205 192 144 -147 -243 84 135 -73 -19 -100 120 153 -156 -49 -223 -165 -232 -162 85 20 -105 113 123 47 128 -175 237 72 31 -206 -99 94 -150 95 -202 80 -29 -53 -75 172 231 -11 49 81 119 -62 171 -204 7 126 154 167 -18 -127 61 46 -144 131 69 134 -186 -24 -213 -131 198 -239 -141 -41 137 -198 28 -210 -77 199 87 -21 -119 -201 -123 -122 -233 -61 116 212 197 
TEST 184 ARG:98 238 165 93 -171 33 -100 177 30 -113 19 -189 99 -141 50 154 -45 46 23 59 181 -109 -175 155 52 -129 -67 83 -228 -246 103 -127 195 -241 214 -105 -236 -160 151 191 -248 175 -4 63 130 -174 -69 -205 67 -152 113 -75 236 -183 184 -101 168 192 -159 137 94 -115 53 -134 162 54 -164 -130 60 -116 234 153 -138 144 -44 135 -56 179 -14 128 56 -198 -166 -91 73 159 249 157 186 225 -90 79 -181 161 -170 -162 35 104 0 233 -187 247 -88 231 -92 -27 -123 111 -204 -50 109 -49 -108 -178 201 -114 -65 32 152 64 118 -179 -16 -194 90 61 -156 -161 204 -180 72 -186 -38 45 49 41 -234 235 131 28 -208 81 194 -15 209 -23 -47 20 27 68 38 42 -122 -7 -70 -34 190 -107 -177 189 -153 148 200 -146 75 223 -89 -139 -133 2 -137 224 -235 108 -43 9 -1 -165 43 124 -176 -167 -144 -224 -17 176 -18 -209 -245 78 -63 -30 212 -3 172 123 -128 147 51 -212 6 -51 26 -126 -124 -243 5 -244 245 -195 -73 146 -163 22 160 237 142 -58 -29 66 140 196 -197 -151 169 96 85 174 -42 -206 84 -173 -11 -169 -21 13 -147 228 -188 -172 121 36 105 -95 -230 70 -200 69 -201 178 10 -19 139 87 163 -231 -76 -135 129 -8 -37 -217 31 -28 102 -93 -40 -24 243 193 -52 203 74 100 -87 125 216 -210 62 24 17 -121 -232 88 18 -140 -94 132 58 -71 -120 44 11 1 219 232 110 101 -168 -26 7 -149 220 34 170 -219 -207 -83 -203 -31 -222 -6 -36 180 -48 -12 15 -55 -35 -62 -185 -233 217 -218 -247 -202 12 198 206 -190 116 -117 40 -64 145 -143 80 -9 -79 -239 86 -220 82 89 -53 -155 -98 -150 -5 77 -158 48 -118 207 218 -148 -225 241 -72 71 167 120 182 -84 -99 -41 -68 112 240 97 210 158 -77 76 25 -154 164 21 -182 -226 199 39 57 -103 150 -110 -66 -157 -104 208 14 37 -32 -223 -238 127 -82 211 117 221 -237 173 -142 -213 -96 -57 244 -119 246 188 91 213 -199 -22 95 -221 -184 126 -215 166 -25 248 -211 222 -2 -39 171 -145 -74 -192 -242 -60 -132 -125 229 205 -214 -61 187 16 55 -46 -102 -81 -229 185 226 4 -216 -250 122 -10 242 143 -85 183 215 134 119 138 -106 136 -136 -54 -59 47 3 106 29 92 -131 -227 -80 -97 202 114 230 156 -112 197 -20 115 149 133 -249 239 -13 -193 107 -78 141 8 -240 227 -33 65 -86 -191 -111 -196 
TEST 185 ARG:-75 85 62 -241 -110 151 -31 -67 -3 -208 84 63 222 105 -87 -201 -91 -60 74 237 118 144 -48 -166 -174 98 -102 69 195 -18 -234 -62 52 -249 224 -226 -193 100 -218 -51 -88 -185 135 -109 -69 124 -86 -119 102 -103 -52 103 -202 -213 -196 234 108 54 -236 119 -188 46 -250 -79 -95 -78 3 169 -89 97 -71 208 198 8 50 -36 -56 -25 51 -195 178 -227 27 -117 29 134 -184 -163 -238 -246 59 107 -180 -225 66 -177 112 -230 -138 82 -157 -125 68 90 129 -205 186 -183 -107 143 -235 36 -32 -200 -116 -108 179 -43 201 -161 72 -243 104 9 150 1 106 123 10 -168 -113 223 -212 -155 34 180 -239 -149 -6 7 80 -140 -136 -22 -203 -81 -57 -186 174 -99 -153 96 -210 113 49 41 190 -112 89 -54 139 132 -85 -233 -118 -120 -106 5 146 206 -164 -204 211 -169 203 181 -45 -13 75 199 111 220 55 24 11 -167 242 205 79 230 -232 -148 -128 -66 14 -115 -5 -58 155 -10 228 109 -244 15 -247 92 212 -34 -165 60 210 156 163 125 184 166 40 -224 -96 -37 -55 -211 61 204 243 4 -4 77 226 110 -248 -121 -207 21 -223 2 -137 -173 -126 32 159 154 -192 227 -127 -190 95 142 -191 126 -73 -145 -38 -170 122 235 130 -206 -11 83 -141 33 12 -8 -2 218 -139 236 -100 23 44 245 -123 -15 -122 -114 -29 -40 -228 185 16 26 28 -76 152 171 -94 45 -90 -72 43 71 -144 196 -154 -242 -198 115 -237 131 238 202 117 39 -61 193 176 -27 -17 -33 -111 120 37 -187 -77 -47 -23 247 -24 -209 189 170 -68 -12 6 -178 233 88 -142 -92 65 128 213 56 -197 -21 -189 76 214 -30 192 48 167 -133 140 -143 -19 -124 -59 153 -44 -172 -74 127 249 -231 -129 -39 -214 20 47 162 -194 229 -221 216 17 248 -70 -9 164 172 182 101 209 -179 35 239 -64 -222 157 -82 215 -131 194 -158 221 -134 161 175 57 136 232 -130 -159 18 -146 -16 91 -229 38 -7 -217 19 116 86 -160 -83 -104 145 197 -80 133 217 -156 81 -220 78 191 67 148 13 160 138 -219 241 -162 -35 -1 58 0 64 207 168 -132 -181 -26 165 -245 -84 -135 -14 -65 -53 -50 149 137 -152 -49 -199 173 219 -97 25 -28 -42 187 188 42 93 30 121 -216 -46 158 22 -105 73 147 -63 246 70 244 -147 87 -20 183 114 31 -41 -215 -98 240 -240 -176 53 231 141 -150 -175 -101 99 -171 -151 94 225 200 -182 177 -93 
TEST 186 ARG:-97 -117 60 234 -200 143 -208 40 120 -243 -80 -150 -172 -132 24 88 -136 -119 -71 59 35 243 79 -164 -190 222 65 -4 42 -224 36 207 -232 14 148 -108 111 -230 -244 -123 136 -33 -228 5 -249 142 -10 -203 223 73 -16 191 -207 -51 -176 -235 -115 -135 -209 226 112 130 -74 202 95 133 -109 242 147 -225 110 -13 -36 63 -107 47 50 84 194 118 205 108 -59 -191 -187 4 109 135 -218 186 16 200 -125 -37 -154 238 19 214 153 -23 77 -205 -171 53 181 -180 -182 37 107 -195 129 -38 139 218 158 44 -147 48 -50 43 121 74 -65 27 -68 2 122 232 -54 100 184 -41 249 32 -110 -81 -151 13 -120 -112 245 64 -3 137 96 -100 157 -9 72 -113 -5 -12 -245 177 -233 -133 125 -126 -20 89 31 -170 101 69 -49 -129 62 160 114 -143 15 -160 -201 -95 -67 134 -55 187 -146 -153 -238 -35 70 -6 -162 81 -214 75 164 -137 -78 -212 -142 165 -194 239 22 -177 -75 -88 -48 -199 -184 -70 -161 46 216 197 138 204 -159 87 -127 246 199 -237 -178 -76 -25 51 190 230 -62 -216 23 123 -84 -226 -163 -114 185 221 -152 156 -31 -85 225 211 -130 149 163 -24 213 57 210 236 -103 150 227 -188 58 -8 -52 244 231 176 -248 94 212 -183 240 -61 -60 -29 -43 91 201 172 -145 188 78 -229 -173 -56 -83 154 -92 1 119 -28 -247 -72 52 189 178 115 -46 -15 -220 39 66 -7 247 76 152 -22 180 196 128 -181 -138 209 -166 29 -186 -175 30 -168 28 162 8 98 -47 141 -30 -234 -96 54 113 -158 132 -155 193 -210 168 -215 -1 -144 -63 229 -18 102 -69 -211 -102 -101 -64 182 25 198 -66 -17 -185 -58 208 -139 10 175 -128 12 -148 56 90 -236 -90 -124 228 -131 -21 -140 -86 -213 219 103 195 104 0 26 -240 61 -167 237 -27 206 -91 -219 -94 -156 116 -250 166 -223 71 171 -2 -242 41 -14 169 -231 99 -73 -105 34 -174 117 -217 -32 174 93 -104 173 -241 183 -204 131 -246 21 126 11 224 7 -202 106 -26 124 155 20 -99 217 248 -192 -44 -19 -53 -165 -111 -11 -116 33 -193 145 -42 192 17 -179 -40 146 140 167 -198 -57 -221 215 -134 49 86 203 55 -206 85 3 -169 -189 151 45 68 170 -227 -196 105 220 -87 -106 127 -79 9 -82 -222 233 241 -121 -122 67 -118 92 97 38 -157 -149 -39 -197 161 80 159 235 -93 -98 -77 -141 -34 -89 6 179 -239 18 82 -45 83 144 
TEST 187 ARG:45 70 183 -15 -237 153 -66 -222 200 188 -164 -169 -25 -207 -221 12 -156 24 -76 -44 158 197 -8 -51 -146 -103 234 -14 109 -62 -22 135 39 228 75 -235 34 66 226 -95 202 51 221 -20 -176 -80 36 102 -201 222 -7 238 205 -38 -77 76 -1 230 27 -98 -102 -216 143 120 132 -167 -100 227 49 127 171 187 -246 4 3 47 122 -171 -70 64 -212 -226 217 32 -186 53 105 125 -65 26 -12 156 -10 129 116 -224 78 9 -45 0 42 58 -112 90 -152 -97 -79 224 -47 162 -59 112 177 207 170 30 239 -9 186 -204 223 -131 126 -240 -115 149 48 -194 118 -29 -219 -161 -149 142 178 19 -113 195 -68 -218 134 -4 -28 -148 -19 110 157 133 44 -94 201 33 190 232 97 -75 136 -81 -145 14 -50 108 -30 -197 -99 -220 -87 -205 206 -92 235 130 -108 248 -126 151 28 -147 192 163 249 -168 145 -124 107 141 -190 214 247 243 -23 -215 -208 233 -231 -39 54 8 246 56 -84 99 -234 93 22 -37 -191 -136 -135 -21 220 -183 -35 82 7 240 -157 -211 -27 -192 237 18 -61 209 -5 89 -239 57 -72 -144 92 -41 138 -54 67 91 -2 -101 20 189 -170 68 155 -179 46 -173 -232 148 204 -111 154 -188 241 -241 -129 181 -57 119 191 -209 -247 -31 59 -137 -245 -121 -127 -233 -64 196 -162 103 80 96 1 150 -238 -151 94 113 173 -67 174 -3 -175 52 -118 98 -189 179 -43 86 62 -243 55 -130 123 -89 182 159 -198 -58 215 140 -244 139 -250 -69 -116 -154 160 41 244 -18 -55 -223 172 -214 -17 87 25 -6 146 180 161 38 -120 -133 95 11 -248 -40 74 61 194 -153 -182 -53 -217 -228 -213 198 -158 -138 -71 111 -11 245 152 -91 -85 -142 -128 -73 225 131 -172 211 60 -107 137 77 199 37 -225 175 -82 -122 168 -140 -63 -236 169 -150 -24 -141 -200 115 2 -195 17 -36 85 63 165 121 23 -160 -155 81 -193 -187 21 -74 -143 176 84 144 -109 -90 213 -206 229 184 -159 -56 185 69 -78 -199 -32 71 73 10 -83 65 164 101 -210 -134 106 -229 -48 43 231 35 16 -60 212 -46 114 242 -242 -117 124 -33 -249 -88 -174 -16 5 -184 100 -196 -93 88 -49 104 -185 218 -96 219 166 -180 167 -203 15 -165 83 216 -163 -178 193 147 -119 -125 -26 -13 40 13 6 -86 79 -132 210 -181 -227 29 -105 -34 -230 -52 -177 -166 117 50 236 208 72 -42 -202 -110 31 -104 -139 -106 203 -123 -114 128 
TEST 188 ARG:182 25 -3 113 10 20 19 -104 117 133 39 -50 -65 -38 183 247 168 110 -124 -229 -209 -200 -46 -162 145 171 59 -196 -87 -234 -150 -135 225 37 -81 62 196 21 222 166 -238 135 -67 -240 -233 61 -247 29 124 248 -244 -116 146 22 -59 -225 -17 165 229 0 -106 178 159 -34 192 -228 -114 69 126 231 -53 129 87 157 -199 6 -27 -157 180 55 118 -187 57 -32 -129 -41 -22 -105 56 -215 -193 -85 -68 -236 41 -40 88 123 8 160 -54 214 -189 51 188 -79 -185 -159 -227 -177 -201 -141 -184 -246 175 -160 58 -221 -36 198 220 136 80 -118 -18 -134 40 -76 -149 -139 173 -69 -163 -58 1 134 5 -122 -175 -231 -191 -2 147 -64 -167 138 -211 84 106 78 -241 15 -195 -144 -161 137 -19 76 -30 4 -174 -178 125 -205 -47 108 185 -43 -127 -49 -5 -78 -84 79 -72 85 16 -213 -165 -220 70 167 91 172 -102 -96 -55 -170 -239 187 156 64 9 249 34 197 -158 82 -94 164 -48 232 38 -14 -169 -188 244 73 190 23 -172 235 -207 52 -97 -242 -61 72 122 101 -217 -100 -126 107 -155 -237 -190 161 74 144 71 217 128 -108 209 -113 150 -13 149 -176 154 191 -198 -194 -183 -210 -112 -44 90 81 -125 -182 174 66 -83 -10 202 -60 -208 158 -26 -121 -173 -138 -186 -11 13 -91 103 114 227 -181 86 130 77 -1 92 215 210 95 -130 -180 43 112 -248 179 -33 -28 -86 -80 50 240 102 -156 143 -42 213 -154 32 109 115 -250 -222 -230 14 121 83 30 -57 -111 -74 140 33 -164 -223 -146 -151 -24 -179 -202 -136 104 153 -4 -92 -7 -63 -82 -117 -99 186 96 65 -206 236 -88 176 -21 228 -119 -216 223 199 -39 245 12 2 205 152 18 68 -95 116 -224 -23 148 36 -31 -137 -123 42 230 -249 -12 -133 -226 75 -20 -8 94 26 119 200 49 132 238 -219 -6 216 47 206 169 221 -107 -70 207 211 242 177 -98 -52 11 201 48 44 -132 170 54 -120 226 224 234 89 194 151 7 195 -16 -71 -148 17 237 -143 -153 -218 97 181 -243 -142 46 -77 105 -171 -66 -147 218 -212 131 189 -166 -45 99 -109 31 -15 239 67 184 243 -245 27 162 -128 28 63 127 208 -25 -37 204 139 241 -101 142 93 -204 -235 -51 35 3 -197 -35 -110 24 100 -62 219 -168 155 -214 111 -203 -115 -29 163 98 141 -232 45 120 -131 -103 53 -9 233 -56 -93 -90 -75 -140 -152 193 -192 212 -73 -89 246 203 60 -145 
TEST 189 ARG:16 133 -151 -108 -216 -74 177 -234 -27 73 -156 210 -215 -29 -92 -90 -102 -128 41 -161 24 -226 194 94 54 204 181 96 -100 -40 -69 15 -224 114 -129 -187 -94 -223 -72 141 139 -12 -149 74 -21 -126 -153 22 -44 49 -246 -110 -24 -49 -209 -120 2 -83 12 -178 0 -175 183 130 -214 -125 247 51 -189 43 236 -164 127 145 -63 -15 -13 237 53 -7 189 115 -127 -65 -112 -160 187 -18 113 206 -219 -242 -89 134 -5 -244 167 -51 159 -140 -231 169 110 -221 -135 -85 61 140 70 102 -122 36 119 220 -58 23 165 157 208 -225 158 132 -218 -195 -62 -59 -28 -138 -56 80 160 -205 218 -142 32 225 -11 -77 149 179 -177 21 52 38 -141 109 -176 137 13 -179 69 146 -113 -99 125 211 -73 -123 82 -162 104 93 -249 248 -211 -48 -103 -88 -198 202 245 -55 108 -10 -115 -250 86 -19 -96 123 -1 -247 138 -117 143 60 200 215 -181 -68 217 -101 1 -116 90 -98 -172 -36 178 161 228 -9 56 89 39 -185 -212 20 -118 3 83 198 -170 -133 135 155 -157 18 -230 19 -75 -147 -243 -167 66 -241 233 -47 163 59 212 -106 -114 57 191 -111 88 148 136 243 106 62 45 -173 -208 -60 79 -238 244 -31 -109 222 150 -183 230 -131 -165 213 77 216 -192 -38 -45 6 -245 -236 168 192 188 42 -203 235 -107 184 26 -144 -146 68 81 242 -41 195 246 126 147 -222 -152 -91 -134 -232 131 67 75 129 17 71 -210 162 -200 -180 -80 -136 -97 -139 240 -150 122 -35 219 -23 203 -57 118 241 -25 120 -163 186 207 -194 -54 47 -201 -217 -174 46 -6 48 154 151 -20 185 -86 30 -235 -239 111 -171 -64 40 -87 37 -79 -34 -33 -213 176 229 -8 209 -168 -159 -14 -22 232 64 -193 -3 85 -154 116 201 -202 34 197 91 -207 175 -95 -148 -169 105 -240 101 -137 -70 -229 -158 76 98 -166 87 -42 58 112 84 223 -66 164 -78 50 180 -121 33 -186 -32 65 -50 -39 -105 193 199 107 -206 -93 227 -71 224 95 92 -43 -143 144 196 14 -124 -227 100 121 156 117 -46 214 -130 63 55 -220 11 5 -81 9 -196 249 -228 -248 142 -17 -37 173 78 239 -104 -182 -233 44 -26 -30 25 171 221 234 124 31 174 7 -84 103 -145 -53 99 -4 35 -61 -67 29 166 -132 226 28 170 -188 -2 182 -197 190 -237 -204 172 -199 153 -16 -190 152 -52 -76 72 -184 -155 10 8 -191 128 231 -119 97 27 4 -82 238 205 
TEST 190 ARG:-131 -205 -48 20 -139 -128 130 -125 -22 162 21 -12 225 23 -40 0 58 -73 -122 -159 107 178 48 243 -212 -61 -89 -179 90 -5 149 238 160 89 223 -18 4 172 -138 -209 -248 123 -92 -220 246 82 64 183 -98 129 224 144 57 124 72 -142 37 173 -203 -230 241 146 9 118 -47 189 -226 -25 227 -30 164 236 -216 -198 -120 -15 -126 -173 15 -6 245 -243 30 100 167 -246 -7 45 -174 -148 -183 91 226 166 -84 -242 231 163 -51 36 -28 205 186 126 -65 -14 38 98 -232 207 -153 210 211 151 -152 -13 -178 -154 93 -151 -97 132 88 -57 -195 -36 -201 87 81 -24 168 -116 -157 -170 -117 -17 206 99 51 -239 -141 -169 79 -215 242 158 232 -162 152 -74 -70 55 119 3 195 -41 76 -233 174 103 -31 -180 110 -244 -127 -166 180 77 -94 -3 212 69 -43 -156 -11 78 97 219 -108 19 -238 -143 80 -146 -177 239 -9 193 221 -71 50 -168 -228 34 -42 -56 -32 -223 229 133 -202 170 -191 29 222 240 49 -222 204 -133 83 188 -185 11 42 125 -66 156 68 13 -194 -99 43 213 -68 105 59 -193 150 -75 -93 -23 -119 -147 -19 -129 -150 138 86 61 249 -213 117 -115 -104 -219 7 -165 171 215 142 199 157 127 209 134 244 196 175 115 -199 -96 -217 141 -8 -175 -44 40 220 -101 5 228 -136 -112 -227 41 -214 24 -106 -83 -240 -167 191 -82 -1 27 46 -134 -114 128 -76 -100 60 154 111 -87 -67 122 109 -39 -33 -109 -20 -181 53 22 -26 35 234 113 101 85 -196 187 190 -160 -192 147 -218 -81 -86 -10 -186 161 -46 47 -204 65 145 -211 -45 -182 -64 -54 -145 -59 -241 -158 -90 33 12 159 84 -247 106 63 -208 201 -78 -107 -37 -189 -113 -190 248 -234 165 140 155 44 -224 16 -171 214 -21 237 216 -121 176 102 -130 194 6 184 28 54 -225 96 131 192 18 -77 -207 -164 -103 -49 62 94 -140 -245 -123 139 114 -4 -60 95 -188 52 136 -250 217 -58 181 -53 -118 177 121 169 -163 -210 -50 17 -34 -111 75 14 182 71 56 -105 235 92 143 25 31 200 -149 203 -229 1 -144 67 -79 -110 39 135 -231 74 -85 -102 148 -80 198 10 230 -62 -38 8 -155 -91 202 -187 218 32 -88 -237 -63 -184 137 -55 2 -35 -172 153 -2 -161 116 -249 104 -135 -72 108 208 197 73 112 -52 -197 -27 -29 -95 247 -221 -69 -132 233 -236 -16 120 -235 -124 185 -200 -206 179 66 26 70 -137 -176 
TEST 191 ARG:-161 -86 128 -220 107 -57 215 214 155 150 -65 -94 154 211 86 -122 -24 -137 -217 -246 -16 175 -54 -33 -146 136 -158 145 186 192 159 9 -183 -167 -245 227 -219 15 164 -215 237 75 -20 104 -156 -9 122 -229 -248 -238 180 25 -159 88 28 223 218 -200 242 -105 97 -206 226 130 14 0 32 -196 120 -172 -212 65 -134 78 -169 -13 230 183 -88 89 185 13 -214 45 -22 115 207 170 -15 210 -102 231 163 178 79 -189 6 148 -124 225 -92 48 201 -68 194 -93 -73 -56 234 135 -166 -101 -120 -23 165 -69 -147 3 -2 -77 143 236 18 93 -55 -233 -178 219 -4 -91 -148 141 174 -188 37 162 -117 110 -249 90 -52 -193 208 -176 -118 -95 95 112 11 -46 -119 -149 137 181 70 7 -211 63 19 -8 -51 -250 200 224 -236 213 132 171 124 10 26 -42 198 -76 -187 -75 -223 -209 101 190 -210 -205 117 -67 126 76 66 -53 54 -130 -143 189 -48 -38 125 172 248 157 -155 12 -227 27 74 29 205 -72 -199 -244 20 80 -39 -197 -152 -25 -6 -123 197 158 -110 -194 129 -87 96 33 83 -62 -213 -165 131 238 246 55 -139 68 -195 -90 240 -125 21 87 -96 204 -168 105 57 184 -100 206 229 22 16 -170 161 94 42 -3 232 -240 -231 -59 -19 -30 -26 51 100 -173 -186 -114 84 -35 -60 -115 -116 -234 92 24 191 -47 142 31 -79 98 152 38 -190 67 -141 40 -85 5 123 -221 -151 -201 -84 -27 -49 -36 -71 176 233 -138 -17 44 -140 91 52 139 8 118 144 -41 222 56 244 -230 -153 188 121 193 -222 151 43 -144 -32 113 81 -28 -132 249 30 166 77 173 41 -235 69 -177 -207 106 -82 4 -150 -111 53 153 -163 127 -21 -43 140 -80 -121 114 -208 -243 -97 -89 39 102 220 -44 -37 61 62 -171 99 -191 -203 -247 228 1 -45 -131 -224 -127 156 -202 -237 -103 36 -198 221 202 -10 -50 2 217 -5 49 -216 149 -104 35 -239 138 -218 -129 60 -61 209 241 -160 -135 169 -63 -162 -175 -107 195 160 -241 243 -232 71 -29 -83 -136 17 -164 -185 -154 235 212 -157 179 23 82 -7 -112 247 108 -174 -192 -225 50 58 167 -74 -1 -184 -12 -31 147 -58 109 -98 -11 -126 -64 -40 -204 -70 -145 -99 59 -180 -108 239 -142 -66 -228 116 103 133 182 64 85 -128 -78 -182 46 119 72 168 -179 245 47 -18 187 -181 -242 199 203 -14 146 34 111 -81 -133 -106 -113 -34 -109 -226 134 73 177 196 216 
TEST 192 ARG:183 -247 -221 242 2 -114 -240 39 118 -216 104 205 52 -137 95 153 204 157 -126 53 -51 -161 -2 247 107 65 -81 63 -117 152 92 -95 -153 -58 -135 -52 21 180 -230 222 -55 -171 -149 123 -163 -97 -88 -115 154 -158 245 103 -214 -31 47 -42 -98 -10 -243 -100 51 -63 200 10 -160 -113 -122 -143 -38 145 170 -48 141 186 14 -49 -20 -209 -184 9 108 -129 124 147 -250 233 -193 -246 213 210 -77 -28 -140 57 -225 161 143 -116 231 188 -23 13 -66 -159 -74 -46 -54 -147 216 -107 139 -68 184 -162 70 -244 -191 99 227 -236 -168 -47 -238 -151 202 218 -110 179 -17 -64 -18 -203 182 -121 195 0 138 88 198 -19 -7 -224 158 -124 132 175 18 -249 -87 25 -213 178 -178 -156 130 -70 115 80 -41 -183 -201 72 237 171 -30 1 223 -234 -65 45 111 -76 22 206 -239 -242 119 -185 126 -8 -69 -199 66 -148 -177 -231 220 -79 23 37 96 -167 129 -245 224 84 193 79 246 -84 16 -22 -215 235 181 -170 120 48 225 219 -154 -233 162 228 -166 -198 -127 -6 -53 -40 36 71 62 -105 234 -152 -227 61 -85 -155 73 -75 176 189 241 174 76 -179 -13 35 -145 -60 64 42 -131 -182 221 211 -89 -206 4 -1 5 177 128 105 125 67 192 -50 239 134 -173 -128 -119 74 24 -34 -35 -91 201 30 -3 -219 -136 -33 -217 236 58 190 -32 -96 238 -44 -218 -207 -223 155 46 -59 -78 -37 166 -175 89 172 140 230 173 27 194 169 97 -5 -11 83 116 82 -237 167 3 -45 -222 90 112 151 -36 -111 -29 113 -102 106 208 191 40 -130 85 91 168 -164 -108 -248 187 156 -200 149 -232 26 75 114 226 243 -24 109 240 -15 54 -205 -226 77 100 215 11 28 -62 164 -174 -90 -204 -39 136 -73 60 150 135 50 127 -27 94 -146 -229 -138 232 -181 -67 -14 68 148 6 -21 -9 -101 -104 -43 -210 159 -235 -106 207 -186 212 -56 -83 110 163 117 199 217 -92 131 -188 -61 244 -141 -134 31 -94 -16 20 -180 43 29 -220 98 -157 34 144 -189 -133 -202 -172 38 -71 196 -99 -190 -26 102 7 44 19 229 -194 -125 78 -112 -86 -139 133 -144 -123 121 -192 -109 -187 81 -93 -80 -142 -208 101 86 -196 160 12 -72 209 -195 55 214 -120 -165 -212 49 -57 142 41 -211 185 -12 59 -118 -169 8 -176 137 87 -82 -228 197 17 165 32 33 203 -103 56 69 -4 146 93 -25 -241 -197 15 122 -150 249 248 -132 
TEST 193 ARG:-108 -51 -24 236 -65 65 84 202 -112 206 227 -174 -134 -149 -88 146 -229 208 223 68 150 -58 160 237 176 78 57 -225 -176 -21 94 54 -170 5 -93 107 12 44 91 -55 47 -185 -104 -133 -194 195 43 76 -42 -18 -131 -43 191 21 247 83 -247 155 -72 221 178 222 244 79 -146 -127 58 231 59 180 133 -26 -155 36 9 -68 -7 34 249 188 -122 113 130 -59 -67 187 -1 -28 -206 -203 73 86 -200 103 -97 -222 56 -8 -94 115 139 -223 190 66 163 120 145 -239 137 106 -27 170 -12 109 -10 225 -235 -35 67 -83 -154 -81 -240 -46 60 -219 -70 -125 -63 19 -85 -230 -184 -214 -84 -218 126 -19 -20 243 118 -193 141 161 175 -73 -210 -109 -60 82 -74 -90 -248 -124 199 -69 -100 164 -163 -152 -99 -160 16 -161 -115 42 63 -30 234 151 -31 -165 53 -137 189 97 -213 110 -181 26 210 48 -148 205 198 -25 38 -105 -32 245 246 14 -242 72 74 192 211 -2 55 -130 -244 75 92 197 -198 89 114 162 37 -221 -145 85 -250 -243 203 122 -47 159 8 102 196 111 125 185 239 -118 -231 228 -101 -49 23 -37 15 -44 45 193 166 50 69 -245 18 -205 -167 -53 212 90 -164 0 147 -114 -211 -3 -168 -178 -207 -119 183 62 241 6 213 -233 -183 -11 117 -96 -120 -220 -15 32 240 134 140 70 152 -197 33 200 171 51 -48 -169 98 25 -36 248 49 -126 -228 -208 158 -202 -173 -209 -156 -54 -13 71 -66 224 4 201 157 35 -14 41 24 -153 93 181 -172 -98 -128 165 -34 -217 -226 -64 177 -142 17 2 7 -135 153 -45 -236 61 77 105 235 204 -95 99 184 -17 -175 -241 -151 -234 -62 20 -117 -50 -75 123 -123 182 -56 -106 -246 39 -144 -199 81 -91 27 186 242 132 -238 124 142 -139 -180 -52 232 -159 -39 230 -129 -147 -76 -227 -162 -116 116 30 -204 46 104 -9 143 -38 209 -179 -40 214 -177 64 -216 -186 -136 88 167 156 -215 -102 -138 -111 40 -86 -107 168 -195 -150 -141 -140 100 121 -92 129 -158 148 95 -110 -77 3 -132 144 -41 28 -188 -191 179 87 96 -189 174 220 -79 -192 -82 -182 233 -121 -103 -166 238 112 215 217 -157 -33 -212 169 136 128 218 -4 -57 -80 127 -237 138 -6 22 -78 -113 -190 219 11 -23 131 -224 154 173 -89 -201 -71 172 194 1 10 -29 101 13 -171 -61 229 29 -22 80 207 -143 -87 52 216 -196 31 226 119 -187 -5 -16 -249 135 149 108 -232 
TEST 194 ARG:-45 200 186 -190 -57 -98 -31 -223 -231 -68 145 -110 -201 -196 73 90 234 23 -244 -213 -61 -142 222 139 -181 -50 123 230 249 -113 -187 115 226 181 -103 -55 7 -38 194 -67 21 -183 -193 -116 248 57 -241 45 -153 -21 -184 -239 99 8 44 -154 -247 176 -123 179 114 -109 240 -79 96 -208 80 64 92 -107 163 168 -16 204 -156 20 -240 182 25 -20 -115 -34 -126 128 180 12 -33 58 236 38 -141 -195 185 207 -172 -97 245 -178 78 195 -189 242 -64 -111 208 -80 -82 -227 36 -134 211 71 -236 16 -51 -188 -87 113 101 -170 -180 87 2 1 14 77 117 -127 55 -191 -222 239 151 130 -18 -175 121 -211 110 -86 -144 17 -229 -219 235 -19 28 105 -202 -40 141 53 70 150 -37 -105 -52 -53 193 -11 224 142 -128 -124 -72 -104 -1 210 157 -215 205 -218 -250 -139 -106 -56 -42 -152 -60 -157 -32 -22 -232 -177 -36 -77 219 -148 -186 -108 -214 86 48 -132 82 30 -14 68 -83 -221 147 129 -84 -165 104 39 93 -13 209 -159 34 -39 103 -150 143 175 -185 33 69 41 -101 -10 40 218 -71 -6 140 -91 -30 243 -112 -197 95 27 133 173 108 -23 42 -7 169 94 -162 120 212 -130 -176 -133 89 -161 -69 196 37 -100 91 -216 221 66 -203 116 9 -149 63 247 131 15 65 189 -81 52 85 159 -138 74 10 -44 -54 79 144 5 156 47 -25 -207 19 134 -220 -199 -26 231 -158 3 0 -204 187 -234 202 -147 -225 -155 -206 -78 109 18 171 155 -198 217 149 118 -63 -66 -59 201 -238 229 -224 -58 -90 84 29 137 238 61 32 162 183 -17 81 -173 102 197 132 50 -194 -129 35 13 119 -89 -200 -135 -169 223 22 72 -35 -8 31 -233 -102 215 228 -4 107 154 6 54 203 237 56 -179 -5 -151 46 153 -242 -246 -95 -243 -96 184 225 152 -145 198 -15 -210 -209 213 214 192 135 -2 -125 76 -114 191 59 -245 -230 67 -41 -73 -9 62 -205 174 -237 -228 11 125 146 -94 -121 -143 -27 -146 -166 -75 106 -47 60 -88 -140 111 26 -249 233 216 -24 246 220 112 -85 -163 -164 88 -167 -174 24 178 -76 161 -168 -212 4 98 232 51 126 166 -99 127 -49 -118 -65 -122 43 -119 170 -171 -217 -226 -120 -48 -3 160 -182 49 97 124 122 136 -28 241 -70 164 -92 177 244 167 172 75 -74 199 -192 -248 -62 -93 -43 100 148 -136 -12 -46 158 138 -29 188 -160 -235 206 83 -137 -117 -131 165 190 227 
TEST 195 ARG:-216 -51 239 -115 216 -201 -56 88 -190 247 -200 -171 151 164 138 -208 114 -77 -247 130 190 19 213 -24 -237 219 170 -156 96 -90 -244 108 -114 -97 -2 116 -202 184 -192 -218 35 -1 -215 -102 -120 89 -206 -235 -155 34 -34 -230 238 -152 -55 -105 -117 175 80 16 -134 -19 241 220 146 -233 -146 -13 -111 168 179 21 8 82 177 236 -165 29 -20 -221 133 40 106 -187 -212 202 -27 -108 121 -143 -79 26 -62 -213 58 225 69 -214 23 233 -173 -33 -72 93 135 -178 -78 -170 207 -52 180 52 50 66 -164 -183 64 140 148 181 71 65 -149 -249 -169 63 -83 117 -166 12 55 -182 -87 -137 230 -109 191 -177 -128 -11 -142 -110 172 104 -232 214 13 -31 91 -36 144 -86 167 111 231 154 -186 -124 -75 -103 223 86 84 -91 166 -243 44 -17 -162 -64 7 201 240 -96 6 54 -100 53 42 73 -94 145 131 -76 -225 234 41 -227 215 -228 -153 -172 -104 244 134 -168 -144 -38 217 187 -92 199 -15 81 -174 -89 248 245 -138 -176 105 -211 31 -131 198 -159 200 -5 128 185 -50 120 -123 110 -44 -32 -46 188 -7 -26 -132 153 -8 94 67 -133 163 -197 -196 -63 152 -239 -73 -199 -210 -21 162 249 156 14 -3 -98 203 218 -167 159 194 160 39 137 47 -126 -49 49 -121 226 -70 -25 -151 -37 -106 119 183 -241 -16 193 3 10 -203 -10 27 107 211 157 17 85 204 51 -248 -236 147 -234 -139 32 123 36 -118 -112 224 -140 46 -35 -198 4 -82 109 -60 83 141 195 196 -193 45 176 -219 24 171 -58 -85 210 -119 212 -39 20 -99 -184 -66 174 243 -14 28 79 149 155 -40 -54 -179 -71 -136 90 -240 235 -113 -22 112 62 143 -148 221 -28 -242 92 2 5 139 -217 -41 229 95 -107 189 -69 -238 124 -122 -194 -150 -59 -125 48 -74 228 125 101 -207 -231 -127 -154 -43 -204 132 -47 136 -224 -88 192 -226 -45 115 -147 -68 -163 -4 118 -188 57 -245 76 102 161 -209 182 87 98 227 -250 -180 208 -185 -129 206 -223 -42 15 -161 -189 165 -12 70 232 -53 60 30 -229 197 178 237 -222 246 -30 1 -61 11 37 113 100 74 -18 61 209 77 -220 -205 9 -246 -80 99 -101 -57 127 242 25 103 -145 72 222 173 -65 -67 -9 -116 97 -130 75 -160 -181 43 -6 -29 205 -175 150 -195 -81 -141 59 68 142 169 -191 18 0 122 158 -84 186 -48 129 -23 -95 -135 -93 38 -158 126 22 78 33 -157 56 
TEST 196 ARG:246 190 167 97 169 56 55 -130 141 201 -96 -214 -207 75 179 153 111 -20 96 119 -181 -151 147 130 32 -153 26 -71 115 182 128 -164 -235 186 49 103 51 -131 -7 -29 -11 -132 174 -58 -212 -111 -89 187 -204 -210 204 -82 227 -225 -65 159 -121 137 211 143 -176 -49 151 205 -109 163 -48 -52 126 -74 -16 -94 -41 -227 138 31 -150 -90 215 77 90 216 -97 -93 60 -232 -13 -122 -80 241 -118 -249 133 223 101 -142 150 -83 113 -166 -167 222 -196 -139 -186 232 47 106 165 -245 -231 -144 63 212 -75 -127 -192 -201 -175 -55 -59 238 -36 171 -156 -70 131 -45 -146 -138 245 -180 -37 69 16 41 -198 152 224 61 -193 170 160 84 -230 177 66 140 157 92 36 -220 243 -143 -168 -6 144 248 198 -169 -173 68 -98 -28 -4 225 42 85 39 -38 -128 -165 122 146 180 162 -26 145 197 -104 -100 116 -84 -68 82 -30 176 148 -141 175 -157 196 134 230 -242 23 -105 189 214 166 235 2 244 13 -162 -248 -50 154 1 -77 18 129 108 71 206 -202 -107 -233 -125 -219 -53 233 247 110 -123 -31 -113 70 80 -147 -43 17 -35 -3 221 -152 79 -190 -221 -133 81 -250 54 -27 -161 -194 168 93 102 -110 -244 -155 209 202 11 172 -159 -103 210 44 22 -134 104 237 -76 -87 -158 -117 -116 -64 28 -145 -47 -9 -42 -81 123 112 -79 -222 -226 -56 -217 -234 217 -69 -135 9 -32 193 -160 -184 228 -191 99 -12 -205 -140 -154 -86 -40 125 -223 -106 117 -67 95 -21 -218 242 -188 -78 249 -19 -197 72 -60 -61 218 -185 -183 34 135 220 -57 -114 -44 100 194 -34 37 64 -23 14 -209 27 74 4 73 94 -200 58 -22 45 -63 107 3 -54 -182 -170 219 213 -126 199 91 -241 86 195 -39 -163 0 46 -85 -177 173 -172 -213 8 -206 203 105 229 24 -148 -124 -25 7 6 -1 239 132 -238 164 -174 240 -216 114 -247 48 50 -18 -24 -46 -178 19 -92 -179 207 121 15 -112 35 -115 38 65 -101 192 -91 98 -137 88 -229 -33 -62 40 -14 -129 136 -224 149 191 62 -95 139 10 -240 12 -119 -228 -215 234 30 43 158 185 109 59 33 -73 188 -203 231 184 -189 118 57 208 5 124 200 -120 53 -237 226 89 -10 67 178 -211 -149 87 155 -187 127 -88 -243 120 76 -72 156 83 -99 -108 21 -239 161 183 -51 -199 181 -2 -236 -102 -8 -246 142 20 -195 29 78 236 -136 -15 -171 52 25 -66 -5 -17 -208 
TEST 197 ARG:230 -242 -225 50 -165 47 -239 -97 37 -231 119 -99 218 18 -177 108 -63 -4 107 190 166 40 -123 -223 -58 -8 239 104 -224 73 30 90 -246 -218 -181 -25 25 145 149 -113 -235 -128 59 -205 235 7 -153 80 51 -93 246 -183 158 41 -125 88 242 245 21 -158 224 -228 87 127 72 -111 65 179 154 -46 -108 144 -32 117 42 182 -68 -216 118 -109 240 -190 -94 213 -26 -21 75 202 139 -187 -96 -214 20 134 -240 -82 71 -172 -220 -89 -193 57 -144 188 229 -134 178 -143 89 -64 -132 168 -103 -83 -226 -55 -116 -36 39 -126 -138 34 236 48 248 70 -120 -75 -102 211 83 56 216 198 -211 169 175 95 -238 -209 241 -101 207 136 -77 -105 209 -202 189 -81 -156 -98 31 -229 96 -171 -221 -204 -107 -19 222 -195 2 105 -241 -3 -160 181 -129 -91 171 44 3 -28 -212 -163 123 244 -67 67 -52 103 -164 4 -198 81 -53 170 163 16 13 109 -122 -18 210 -15 -2 -206 -27 164 -208 238 12 177 -9 10 151 -136 114 -192 5 -42 234 -141 110 17 193 137 78 -45 60 -166 225 185 -170 194 76 195 -29 115 -95 8 140 112 -197 46 26 -12 116 -148 -115 223 -250 -72 63 64 94 -76 14 28 82 -22 148 27 -87 126 -92 -30 -7 -17 98 113 -159 -6 -176 200 174 -194 100 -20 -11 -236 -88 -215 199 -200 101 -186 -119 130 -13 -245 231 237 35 -161 183 -114 -47 146 191 -243 157 -157 -24 69 142 -70 -39 77 -106 -60 11 29 138 -69 58 -1 214 132 102 208 -48 -49 92 221 68 -41 45 -152 -104 -66 -142 204 -169 -59 187 173 -50 -131 -121 -65 227 -150 79 6 -112 131 -135 -56 -118 -79 249 106 -155 -137 155 -146 -149 -174 -145 -175 203 129 -233 -37 197 135 85 -191 217 15 24 9 161 147 22 -140 -23 -227 -61 -201 55 226 -127 -189 -168 -74 -210 23 -185 -100 74 162 172 165 228 232 180 36 -35 133 84 43 86 167 97 -117 -43 -51 -249 -207 122 -167 91 -222 153 -34 -232 38 66 128 141 159 -234 -31 -90 176 192 -203 125 -84 33 -86 205 -44 -248 143 -78 -184 93 54 1 -244 -196 -178 150 -33 201 -54 -73 -85 -80 53 111 120 -10 -130 -188 32 52 -213 62 -71 49 215 -154 0 -237 -133 99 121 -124 -217 19 -180 152 61 -139 219 -247 196 -230 -219 -110 -182 -173 212 186 -16 -162 233 247 124 160 -5 206 -151 -199 184 -40 -147 156 243 -38 -179 -62 -57 220 -14 
TEST 198 ARG:119 -110 201 152 -166 -109 -193 -83 76 241 -114 213 -5 -51 -142 80 -59 -215 -191 236 225 200 127 -203 4 181 -163 -75 57 27 245 -56 91 -238 -26 -126 72 -240 26 217 69 -49 -12 -128 52 -197 7 161 233 -97 207 -230 -65 -76 24 -188 -108 -34 -151 6 -67 163 237 79 -88 173 -168 55 -39 125 -38 148 113 -8 -165 187 179 218 -43 182 -211 191 -84 -119 146 104 -62 -155 61 2 14 -95 -189 -90 85 212 226 -121 210 -53 135 41 234 205 142 -18 243 -120 16 -118 -241 185 -206 30 -222 158 117 -232 -47 -199 -169 68 86 136 -187 -122 -198 -73 8 -245 -161 34 169 -138 155 -196 -185 128 145 129 -46 -125 -137 -143 -72 19 -82 247 -79 97 70 -236 151 -4 -124 21 40 -181 131 -60 -45 157 159 184 -32 -153 -233 -30 -2 64 -226 -213 -54 -209 43 -164 -105 -132 -200 118 87 -15 -223 -113 -160 -228 133 232 -249 134 -70 45 -107 110 5 132 162 -101 36 -115 46 -146 -3 -87 202 209 216 204 -40 -55 -195 90 197 83 93 211 -239 230 248 121 238 -207 75 51 111 -178 -116 -179 -52 177 23 -170 -44 -221 124 29 -117 -134 54 -224 143 92 224 18 -180 -94 105 -81 174 138 -214 -69 101 -11 -152 -248 229 -205 -99 -77 186 -92 215 -35 176 -111 74 242 -48 147 -162 167 65 -10 -149 246 139 94 102 59 231 -235 109 73 -100 -148 -157 106 -173 198 239 -246 -130 193 -204 -141 -158 164 -33 222 -225 199 -216 168 203 32 10 -71 183 -174 -184 172 11 192 -23 -27 17 -154 -104 160 180 -6 48 -61 -208 153 141 -177 49 -63 38 170 249 -194 -190 -21 100 195 53 3 15 -192 103 9 -186 62 -133 78 -234 33 -74 -144 -202 -85 154 -9 -175 116 95 -17 1 171 -247 -13 -140 -57 -50 196 47 -80 221 98 66 190 -123 188 220 -28 115 -156 112 -19 28 130 -176 -66 -1 -131 150 -210 -106 228 -136 -150 -37 60 82 -103 -91 -25 -183 25 50 -14 -182 -93 -212 -220 -22 120 108 175 88 -58 -112 165 178 -201 -229 99 223 -31 194 31 -36 12 -20 -29 -78 -68 166 13 -219 137 227 208 -129 22 -98 -139 -42 114 -171 20 123 -89 -167 -86 -237 63 35 84 44 39 -96 -231 -243 -24 37 96 126 -127 -64 235 214 -135 -102 77 240 81 244 -7 -217 -244 107 140 206 156 58 42 219 71 -16 -250 122 -159 144 -227 -147 67 -218 -41 0 56 189 89 -145 149 -172 -242 
TEST 199 ARG:-177 221 50 123 82 -1 88 163 -250 102 -39 224 236 174 -85 -4 11 89 -19 170 -142 186 -205 85 -127 -216 -186 246 -183 -244 24 -201 124 -79 136 -242 97 -224 -235 -56 249 -31 60 197 51 -206 156 -173 145 222 58 -209 -192 -57 -123 193 151 81 -11 -68 61 216 228 79 95 -181 -13 -166 126 -187 -69 127 90 83 192 -99 201 106 -91 -60 -170 35 100 227 217 -62 171 -34 235 -121 158 195 70 76 73 31 -199 230 -119 25 -104 -154 -33 -138 -129 204 240 190 -217 185 38 130 -106 -23 -180 -152 57 -151 196 -131 -153 -50 -9 -227 101 -137 187 -81 173 4 177 135 41 -109 23 226 182 -149 -10 98 -65 39 14 -194 -54 48 -58 59 157 52 -155 -146 175 18 -116 121 200 71 -89 -225 27 -240 213 -71 7 -128 -169 180 -98 -84 238 99 -26 -233 -40 -197 209 199 202 -230 6 -94 203 -215 -208 32 2 215 -168 218 -44 -96 231 65 117 -232 69 125 -226 161 -83 45 53 -61 189 -111 110 -221 -64 -29 36 -15 -18 -133 -200 -144 -38 -157 64 -52 -145 -204 139 141 -48 -172 -136 34 72 -179 -178 164 -108 150 206 10 17 -43 -105 20 75 -171 49 62 -195 -115 -167 208 160 233 -207 -239 -223 80 37 -16 54 -30 -66 -59 -191 -196 107 29 -72 245 181 146 -124 -88 104 122 22 -37 -17 1 -184 9 128 -32 -110 -107 -6 -159 219 63 -130 223 241 -42 -77 -86 212 169 -163 93 159 47 109 103 -14 -156 118 105 -7 55 46 -158 234 137 243 -70 -80 -148 119 -202 -247 242 -87 -236 -234 -47 183 -243 -176 168 205 237 -2 66 0 148 -135 166 30 -113 -8 116 133 247 -75 -214 -241 129 78 132 -55 96 191 -90 84 229 -193 74 13 -20 40 -162 155 220 -165 -5 -161 68 -210 77 214 211 113 -134 165 -139 33 -164 -228 -132 -3 -220 -238 21 207 -212 143 -74 142 -97 -49 -67 28 92 -150 -101 248 -249 -222 -117 -95 -36 94 -122 -140 131 -185 112 -118 232 5 149 -12 179 -188 -190 -198 43 111 -248 115 153 -24 138 -21 167 184 -35 26 178 -229 108 91 56 154 114 -51 8 -25 44 -213 -82 239 -141 -102 -174 -189 87 15 152 -73 -147 162 86 -78 -246 -100 147 134 -160 176 144 210 -231 -45 16 3 19 -125 140 194 244 -126 -46 67 -112 -103 12 -120 -245 -92 120 172 -114 -27 -218 -22 225 -53 -211 -28 -182 -175 -219 -143 -203 -41 198 -76 42 -63 188 -93 -237 
TEST 200 ARG:239 91 -31 -119 217 -217 -82 -135 39 -32 228 160 -21 -156 108 62 164 -179 184 86 202 172 -191 97 8 218 22 188 179 215 37 -96 -20 -167 29 225 -68 -125 57 -127 -83 237 84 -99 -41 74 233 -22 127 -24 -144 183 -73 131 -90 219 71 -134 -16 61 132 -15 234 -246 49 25 -160 161 -194 56 13 -213 -5 -206 -221 -112 -49 6 65 -154 1 -137 118 -109 27 85 -52 -35 5 80 -97 -1 111 -62 -174 -67 -222 -98 -208 -55 -10 -13 81 247 229 -59 95 -121 181 10 55 204 -111 -130 -164 -91 211 -162 77 168 -142 140 28 -153 53 30 186 -77 -235 -145 189 -244 194 221 33 -192 158 -243 148 82 171 -170 -193 242 -159 73 119 -182 -107 7 209 213 -95 11 154 100 67 150 -155 156 193 -139 -65 -53 -72 -36 -46 157 66 -61 175 -202 129 -233 58 197 -168 -29 220 104 176 -56 -116 -181 232 -228 -177 69 -165 -178 120 124 -237 180 105 -57 -87 -45 109 78 222 -136 -214 191 -188 -195 90 224 -102 170 -30 130 226 -231 196 139 238 54 -143 -78 101 -51 174 31 -198 -27 -129 147 79 -37 -190 -171 -227 -66 40 -226 -234 236 41 87 122 -118 187 -64 142 145 -133 -209 63 136 -12 -106 99 126 -175 -70 93 -108 201 -101 190 -93 117 167 94 9 -185 -163 38 -3 128 -210 12 244 15 4 68 -89 240 -220 -240 -26 -105 -123 -211 243 -17 -247 -232 -189 245 -104 -238 134 36 169 152 34 210 -250 -94 -203 -84 18 -132 64 125 -151 155 -147 -7 -126 173 -48 -216 -74 45 195 -47 -75 249 -138 -207 46 -173 -14 -215 -80 115 -39 48 192 200 143 199 -158 149 20 96 47 -157 -166 223 -86 -131 -230 -225 -25 110 -224 -40 114 214 -120 123 -223 205 -115 43 -161 -200 102 -113 24 21 89 230 112 -187 144 162 -33 50 235 -184 -117 -60 -69 -8 -114 42 -239 -183 138 -249 141 216 -204 83 -11 -229 -43 -248 165 -38 52 -50 208 241 -245 -196 -140 -28 35 26 23 248 103 -100 133 -197 146 203 -4 -23 -218 -58 59 151 -9 137 -6 121 16 -71 -76 -152 135 -124 177 -236 -128 -205 -199 -150 75 2 163 231 92 206 -2 70 -103 -180 -88 19 185 178 -242 0 51 107 -241 -34 -122 -42 -85 207 98 -79 -186 -110 3 -219 -169 72 -141 -92 166 32 60 227 14 88 182 -81 -149 -19 113 -44 -176 106 -201 -172 159 198 -63 -146 116 246 17 212 44 153 -18 -212 -54 76 -148 
TEST 201 ARG:-95 180 -186 -66 95 16 -180 -216 -229 -10 37 168 -14 133 227 -92 40 172 -218 -63 -157 -181 8 200 -240 179 -1 -122 -101 241 -250 158 -17 -21 -214 -110 64 -171 65 176 41 12 240 25 -105 -78 154 -8 22 -90 -77 127 87 -79 142 -103 -185 -139 152 -106 199 248 -230 -22 35 -68 -91 -19 -163 67 107 26 -210 -108 34 -152 -200 -72 189 -198 -156 -126 129 78 151 231 -26 90 -36 198 204 190 196 -147 20 58 39 225 -221 56 -182 212 149 -173 -54 192 171 -199 124 -100 -137 -194 106 -5 54 126 -87 -184 -162 -153 -116 28 -82 -236 -24 160 -209 44 -124 -46 222 -34 220 -249 173 236 43 -178 -60 -48 -220 72 -231 183 203 51 174 120 -235 -146 -47 -167 69 -83 -203 81 135 -28 201 53 -51 1 138 140 -97 82 167 159 131 116 19 178 -211 141 -232 237 -248 206 -120 216 -141 137 62 23 -172 -224 -166 104 113 -123 -189 -213 165 55 166 -169 48 -226 -207 242 -242 161 223 -13 -188 238 -15 -31 13 9 6 -245 -84 -52 -58 182 245 110 -56 -176 -74 -32 -246 -127 226 -134 121 -142 -165 -160 130 -45 -3 -197 -40 21 61 75 99 -30 -206 -6 80 112 -241 -18 -121 -104 246 46 57 -150 -23 221 105 30 -59 74 224 156 -109 194 143 77 -29 88 134 145 59 -177 132 239 -187 -247 147 -27 63 68 209 83 115 -154 -131 85 -118 -65 -148 -57 31 -44 -202 32 96 -170 97 162 153 -86 -113 -93 123 50 27 -219 233 -37 202 86 218 193 52 -119 185 -133 109 122 188 -196 -38 42 181 243 229 -98 101 -107 -16 -195 -35 33 144 205 73 -238 -112 -145 -129 -193 197 -96 -217 -135 -25 11 184 -102 -9 -11 177 -234 -73 -174 -239 -42 -228 125 128 -212 -117 -158 -175 -7 4 -136 108 -164 114 -205 -237 -4 -20 -69 17 -227 -62 214 -39 89 187 92 235 36 -81 228 -12 -85 111 103 170 164 70 -41 247 139 -179 211 191 -53 100 232 -70 -55 -71 45 15 -114 29 -49 -223 94 -243 66 117 5 -94 -128 208 150 -89 -155 93 -61 14 -115 47 18 195 -111 -190 102 -88 -132 -151 3 24 -43 -204 76 -225 2 -2 0 -76 -149 119 -50 -75 -144 249 49 -125 -64 -222 -244 60 -140 186 -159 244 148 79 98 -215 118 84 -201 -161 155 157 -130 230 210 71 169 -233 38 -67 -208 207 -99 -168 234 -191 175 -143 10 -183 -138 213 146 91 219 217 136 7 -192 -80 215 163 -33 
All size test
TEST LEAKS 5 ARG:0 1 2 
TEST 1 ARG:4 3 0 2 1 5 
TEST 3 ARG:3 4 1 5 2 6 0 
TEST 4 ARG:0 5 2 1 6 3 4 
TEST 5 ARG:2 4 6 3 0 5 1 
TEST 2 ARG:4 3 0 1 7 6 5 2 
TEST 3 ARG:3 2 4 5 6 0 1 7 
TEST 2 ARG:8 0 6 3 1 4 7 2 5 
TEST 4 ARG:7 2 4 1 8 0 6 3 5 
TEST 2 ARG:1 2 8 6 0 9 3 5 7 4 
TEST 3 ARG:1 10 4 7 2 3 9 6 0 8 5 
TEST 3 ARG:6 13 14 12 9 10 2 8 0 1 5 4 7 11 3 
TEST 4 ARG:9 0 2 4 11 7 5 12 8 13 6 14 10 1 3 
TEST 5 ARG:5 2 4 11 0 7 6 9 13 12 8 1 3 10 14 
TEST 4 ARG:8 1 3 11 6 7 10 13 4 5 9 12 15 0 14 2 
TEST 5 ARG:13 9 8 3 10 15 12 6 11 0 1 5 7 14 4 2 
TEST 2 ARG:8 9 0 6 14 13 11 16 4 12 15 3 1 7 5 2 10 
TEST 3 ARG:12 4 15 13 0 7 16 3 9 6 2 17 11 1 5 14 8 10 
TEST 1 ARG:0 17 6 3 18 11 8 12 15 13 5 9 2 10 16 4 14 7 1 
TEST 2 ARG:17 5 13 12 4 10 18 8 1 7 0 16 6 9 14 15 3 2 11 
TEST 3 ARG:4 6 0 9 13 17 5 18 16 12 10 15 1 3 7 8 14 2 11 
TEST 4 ARG:7 0 13 6 1 10 12 11 18 15 8 14 16 4 2 5 9 17 3 
TEST 5 ARG:8 16 12 13 2 0 10 3 11 7 4 15 17 9 18 5 1 6 14 
TEST 3 ARG:3 19 4 18 13 17 10 7 5 9 6 2 14 0 12 8 11 1 16 15 
TEST 5 ARG:17 5 18 11 3 6 7 1 14 9 19 15 8 0 12 16 10 13 4 2 
TEST 1 ARG:18 12 15 11 0 20 7 16 17 6 2 1 5 8 3 10 14 9 4 13 19 
TEST 2 ARG:11 9 6 2 13 10 16 7 12 3 1 8 15 18 19 20 0 5 17 14 4 
TEST 4 ARG:19 2 9 1 18 5 10 6 15 14 16 3 17 20 12 11 0 4 8 13 7 
TEST 5 ARG:5 2 9 13 15 10 16 12 19 1 11 3 8 20 7 18 17 0 4 6 14 
TEST 2 ARG:2 6 15 9 18 1 0 20 16 3 10 14 7 19 8 4 11 17 13 21 5 12 
TEST 3 ARG:15 5 16 10 4 8 6 12 3 9 2 20 11 0 18 13 7 19 21 1 14 17 
TEST 4 ARG:6 12 16 8 5 13 4 21 20 19 15 9 3 18 7 14 17 10 0 2 1 11 
TEST 5 ARG:19 9 2 12 7 11 10 4 1 20 6 18 8 17 13 3 0 16 5 14 15 21 
TEST 3 ARG:5 19 16 22 21 9 8 7 6 18 15 3 17 1 0 2 10 13 4 14 11 20 12 
TEST 1 ARG:29 12 6 2 4 14 22 19 15 27 5 11 16 17 3 21 0 9 13 28 20 24 30 18 8 23 26 1 7 25 10 
TEST 2 ARG:14 20 19 6 25 0 30 5 7 3 24 1 16 8 22 18 12 29 17 21 23 27 13 9 28 2 15 10 11 4 26 
TEST 3 ARG:10 20 16 18 28 24 14 1 4 12 8 9 13 22 6 25 19 30 5 2 26 0 29 3 17 7 27 11 21 23 15 
TEST 5 ARG:24 27 23 28 22 19 3 26 9 1 12 13 14 4 7 25 15 6 0 10 29 8 30 20 11 2 18 5 16 21 17 
TEST 2 ARG:3 23 5 8 15 10 0 16 28 7 9 2 18 11 25 20 27 19 14 30 13 1 4 24 26 29 6 22 17 12 21 31 
TEST 1 ARG:22 14 1 5 28 26 6 29 27 3 18 7 17 8 2 21 0 32 10 24 16 9 13 30 20 19 4 12 15 31 25 23 11 
TEST 2 ARG:12 21 29 32 14 23 4 15 7 18 5 25 19 1 22 0 20 30 16 13 24 27 9 10 2 8 11 31 28 3 26 6 17 
TEST 4 ARG:7 14 1 30 3 26 25 4 22 19 24 27 2 13 31 10 8 16 15 6 32 28 0 5 12 9 17 11 21 18 20 23 29 
TEST 1 ARG:20 23 33 10 5 6 21 8 15 29 3 13 19 26 31 25 27 17 9 18 16 7 2 22 11 0 14 30 4 1 24 28 12 32 
TEST 4 ARG:19 22 2 4 9 25 23 28 16 21 27 24 6 11 33 12 17 7 15 20 3 1 13 10 26 14 18 29 8 30 31 32 5 0 
TEST 5 ARG:7 24 9 10 8 25 15 18 2 19 22 20 14 3 23 5 6 31 0 26 21 29 1 32 13 28 11 33 16 4 12 27 17 30 
TEST 1 ARG:21 29 23 4 19 2 34 20 33 6 24 31 25 13 12 11 28 3 16 10 0 27 26 5 22 18 17 1 9 8 7 14 15 30 32 
TEST 2 ARG:11 3 29 22 14 12 18 21 2 1 8 20 28 15 33 6 31 25 34 7 16 30 10 9 13 17 23 0 5 26 4 27 32 24 19 
TEST 5 ARG:23 0 9 16 7 19 34 22 26 8 17 2 12 5 28 32 4 13 1 18 20 6 14 31 33 27 21 29 24 10 3 25 11 15 30 
TEST 1 ARG:9 16 29 12 21 22 3 27 14 28 30 34 15 32 33 25 19 11 4 31 18 0 6 35 8 1 24 17 13 10 7 23 2 26 5 20 
TEST 4 ARG:31 28 33 32 0 35 21 14 13 24 4 23 25 20 26 15 17 18 2 1 19 6 8 7 34 22 27 30 29 12 11 9 16 5 10 3 
TEST 1 ARG:2 21 8 29 10 26 25 3 19 14 30 5 22 31 33 16 9 36 0 17 4 28 18 23 32 1 34 15 20 6 7 35 11 13 24 12 27 
TEST 3 ARG:2 35 32 27 23 16 31 9 33 14 19 7 26 5 25 29 10 34 30 8 11 21 20 17 1 15 4 6 22 3 24 0 13 36 18 28 12 
TEST 4 ARG:33 32 28 14 30 15 19 22 8 12 36 0 3 24 26 23 4 29 20 16 18 6 1 2 10 17 13 35 11 5 34 21 7 9 27 25 31 
TEST 5 ARG:9 22 13 35 27 29 32 28 2 19 3 24 20 17 34 6 8 23 26 11 0 1 5 16 7 33 18 21 12 4 14 10 31 36 15 30 25 
TEST 1 ARG:6 26 24 36 23 16 18 29 17 15 25 14 11 9 35 30 4 27 8 20 33 32 13 3 19 12 31 0 1 10 5 2 7 21 22 37 28 34 
TEST 5 ARG:11 6 9 22 15 3 34 16 29 24 14 12 35 5 26 8 19 21 25 36 18 7 33 31 0 13 37 20 28 4 23 1 10 30 27 2 17 32 
TEST 1 ARG:0 14 20 21 28 22 10 9 19 12 1 7 37 6 38 27 13 11 24 4 31 3 5 26 17 18 36 16 2 32 23 15 34 35 33 8 30 25 29 
TEST 2 ARG:14 37 16 4 8 18 32 12 7 3 10 19 30 36 31 13 27 17 26 25 23 33 15 21 22 2 35 34 6 1 28 24 38 5 29 9 20 0 11 
TEST 3 ARG:4 11 2 14 35 29 19 6 28 32 21 25 20 12 10 36 34 15 0 13 23 37 27 9 3 5 33 24 17 8 1 22 26 16 31 38 18 7 30 
TEST 4 ARG:12 25 31 15 3 35 28 22 18 2 27 14 37 34 13 0 23 17 29 36 30 8 32 7 38 19 9 4 1 26 5 16 33 24 6 10 21 11 20 
TEST 4 ARG:3 25 9 13 37 1 4 7 15 17 29 24 14 23 16 32 6 36 12 8 0 34 20 2 30 28 11 10 19 22 21 39 31 38 26 27 5 35 18 33 
TEST 2 ARG:17 2 0 13 39 11 18 35 22 21 34 3 19 31 12 29 4 27 32 8 28 14 5 30 20 24 37 1 9 25 15 26 33 6 38 40 36 7 16 23 10 
TEST 3 ARG:36 15 17 2 14 40 5 34 6 38 21 25 23 29 19 7 3 9 18 4 1 13 12 27 35 10 26 11 0 8 24 28 30 16 37 32 22 39 20 31 33 
TEST 1 ARG:19 0 40 22 35 29 23 17 7 34 3 13 32 14 12 39 20 2 31 18 6 11 9 10 37 15 25 1 30 16 36 5 4 33 41 24 8 38 21 27 26 28 
TEST 2 ARG:17 39 24 13 16 9 4 12 7 33 5 20 37 1 41 8 11 21 26 35 10 3 0 38 18 22 14 19 15 23 6 32 40 30 25 27 34 2 31 36 29 28 
TEST 3 ARG:19 12 15 11 34 13 1 38 14 35 31 39 40 7 21 33 41 36 0 32 3 24 27 23 2 5 37 29 28 22 16 6 9 18 26 8 20 17 30 25 10 4 
TEST 4 ARG:21 35 16 4 40 10 27 24 17 13 8 33 18 5 34 39 32 36 20 28 0 15 14 38 2 37 1 3 26 41 7 30 19 23 9 11 6 22 12 29 25 31 
TEST 4 ARG:13 39 20 27 9 26 38 36 34 1 32 5 31 17 15 3 14 21 12 29 35 19 22 30 7 40 11 6 16 25 23 4 28 42 10 33 0 8 41 2 18 24 37 
TEST 5 ARG:35 21 34 36 15 18 29 26 14 39 3 8 11 7 32 4 20 27 2 40 23 9 33 17 25 19 42 38 10 41 24 13 0 16 31 37 22 12 5 30 1 6 28 
TEST 1 ARG:35 15 9 14 21 30 32 37 1 23 2 3 26 41 24 12 11 20 19 25 10 17 31 13 7 0 43 39 42 6 28 18 5 33 38 36 40 22 34 27 16 29 8 4 
TEST 4 ARG:14 28 23 11 15 16 31 17 43 26 8 24 9 2 27 13 18 40 6 33 25 12 39 32 38 21 7 4 37 30 42 36 5 19 3 0 29 35 22 41 20 10 1 34 
TEST 3 ARG:21 40 37 20 18 14 3 28 22 43 7 33 36 6 35 11 0 2 13 17 26 4 5 12 16 10 24 25 8 32 34 19 41 42 29 9 44 38 39 27 30 1 31 23 15 
TEST 1 ARG:29 36 22 44 21 20 3 39 42 4 19 23 5 38 35 41 18 40 45 24 16 13 10 9 2 34 37 12 25 8 33 1 17 32 27 0 14 28 26 11 6 30 31 43 15 7 
TEST 3 ARG:43 2 12 6 32 39 41 36 4 7 25 5 19 20 24 27 16 18 44 26 10 33 38 34 31 22 11 45 21 3 23 40 13 1 14 42 37 9 30 15 29 28 17 8 0 35 
TEST 4 ARG:38 12 27 29 42 35 14 4 44 23 40 0 30 28 5 45 26 34 43 18 15 16 39 21 13 36 37 10 20 24 11 8 3 33 19 9 32 7 2 41 1 25 31 22 6 17 
TEST 5 ARG:42 18 41 31 1 38 32 33 25 14 34 8 44 23 2 21 3 9 30 0 26 28 4 35 37 11 10 15 16 20 24 6 12 39 19 29 40 7 45 13 43 22 17 5 27 36 
TEST 1 ARG:17 14 22 11 29 61 50 26 40 15 31 49 37 59 20 19 41 7 60 18 44 45 0 53 24 42 33 30 3 62 46 54 36 34 27 25 21 10 1 38 23 35 48 2 47 39 9 6 28 5 57 32 51 56 12 55 13 43 52 58 4 16 8 
TEST 4 ARG:33 35 32 55 46 14 15 44 27 1 40 30 51 31 16 25 42 6 24 57 37 38 19 13 0 20 7 36 48 9 45 47 26 58 39 60 53 43 22 29 2 52 17 11 8 4 28 5 12 62 50 61 10 21 59 3 23 49 54 18 56 34 41 
TEST 5 ARG:35 13 29 52 25 46 54 50 2 9 26 36 28 38 3 37 11 59 43 61 47 45 30 16 19 53 1 51 21 48 49 18 7 44 62 22 12 57 32 20 56 27 24 58 42 4 34 55 23 5 17 14 60 41 39 33 6 10 31 15 0 40 8 
TEST 2 ARG:30 45 2 3 27 55 12 41 62 31 23 19 52 58 49 15 34 46 40 53 20 18 7 28 17 59 10 26 63 39 60 61 54 8 21 24 35 37 56 42 4 25 57 50 36 9 38 14 6 0 32 5 13 47 44 43 11 16 51 33 48 29 22 1 
TEST 5 ARG:17 45 44 50 14 13 7 59 23 33 10 34 41 32 55 52 63 39 22 40 38 53 6 56 29 57 8 0 49 26 54 47 30 5 11 24 62 35 37 4 21 9 58 1 48 3 12 18 20 25 28 36 2 31 51 16 15 46 43 42 19 60 61 27 
TEST 3 ARG:0 64 34 30 23 22 16 45 43 35 32 26 19 46 62 36 15 9 51 53 48 17 63 6 20 60 27 57 10 58 12 49 52 47 25 24 38 11 44 50 54 7 39 33 56 13 5 41 3 29 55 42 14 18 31 1 4 61 37 40 28 8 21 2 59 
TEST 5 ARG:24 38 16 23 34 55 45 42 65 25 11 22 36 2 15 53 8 37 33 14 20 51 40 48 7 46 29 18 28 50 39 59 21 9 35 4 44 61 32 19 31 41 13 17 58 54 3 63 27 30 43 57 12 1 0 5 62 6 60 49 26 52 10 64 56 47 
TEST 1 ARG:14 52 55 37 44 49 27 57 33 7 46 36 40 22 53 58 3 32 16 28 5 19 10 35 39 1 41 48 12 43 54 8 30 6 4 25 18 26 9 42 51 60 31 62 38 66 56 21 20 61 13 59 17 47 23 2 24 29 63 0 45 65 50 15 64 11 34 
TEST 4 ARG:30 10 60 11 46 35 32 6 34 50 36 22 52 40 44 63 13 57 56 65 53 43 9 28 29 17 31 62 64 14 37 59 47 12 19 8 23 0 58 51 24 54 61 45 26 48 39 49 38 18 1 5 7 21 16 2 3 20 66 25 41 27 42 4 15 33 55 
TEST 5 ARG:51 17 63 0 6 26 34 47 57 28 66 53 27 44 20 56 5 14 48 61 33 32 7 30 19 41 39 59 25 1 52 45 49 64 40 22 10 18 21 65 46 15 29 31 58 35 38 55 2 54 11 24 50 3 37 42 43 12 9 36 4 16 8 13 62 23 60 
TEST 2 ARG:14 4 49 43 38 65 59 34 10 52 36 30 33 62 23 2 63 28 60 20 44 18 46 3 19 61 55 56 35 25 6 51 5 16 7 32 8 27 17 13 66 11 15 0 57 41 42 48 21 40 31 64 37 1 22 9 50 29 12 53 39 58 47 45 54 26 67 24 
TEST 3 ARG:64 65 14 3 52 10 21 2 30 57 59 4 61 37 48 15 45 17 42 54 36 31 38 39 1 0 28 19 26 46 22 43 62 12 29 32 9 13 16 67 49 50 55 25 40 11 47 51 5 53 34 23 18 35 7 58 6 33 20 27 60 8 24 66 41 44 56 63 
TEST 4 ARG:4 55 59 45 26 52 28 30 19 61 57 25 35 34 12 49 54 58 29 3 64 17 9 23 10 33 11 1 13 22 0 43 14 56 8 15 27 62 63 47 2 44 67 37 46 38 40 36 6 51 24 48 50 5 41 20 66 60 42 18 39 65 16 31 21 7 53 32 
TEST 1 ARG:68 37 27 49 17 9 66 30 35 46 56 59 36 23 55 10 16 57 52 24 39 45 32 67 41 14 20 47 33 63 8 40 28 2 19 43 64 3 25 38 0 29 48 42 51 34 31 26 1 21 4 65 13 18 53 54 6 50 7 11 5 22 12 62 44 61 58 15 60 
TEST 1 ARG:19 46 4 43 31 20 14 58 26 49 63 18 29 47 27 40 30 57 9 6 53 15 12 44 24 55 66 2 23 11 42 32 34 60 67 0 51 62 59 36 64 50 38 16 41 56 10 54 8 69 21 5 61 17 52 68 28 13 7 33 37 1 65 39 45 22 48 25 3 35 
TEST 3 ARG:9 14 21 64 23 31 68 47 0 69 8 2 41 13 1 20 43 32 33 63 61 53 15 30 5 37 49 51 55 62 45 12 27 17 56 39 40 35 42 36 11 6 3 66 67 29 46 19 10 48 7 57 28 22 16 38 34 4 26 60 65 50 58 44 24 59 54 25 52 18 
TEST 5 ARG:12 28 26 13 2 10 18 24 37 52 35 41 9 31 50 0 30 19 25 43 22 66 61 46 8 4 5 20 1 40 3 54 14 36 45 64 6 11 17 62 59 16 48 34 63 58 57 15 68 29 47 44 55 42 32 65 49 53 67 21 7 27 56 39 51 69 60 23 38 33 
TEST 1 ARG:57 45 9 19 1 50 37 59 66 63 61 6 17 39 52 35 64 40 34 14 55 51 13 0 30 33 36 11 7 67 21 5 43 4 15 24 28 31 32 47 42 10 16 38 18 68 54 44 62 26 48 25 3 56 53 60 46 65 70 20 2 12 58 23 22 27 69 8 41 49 29 
TEST 2 ARG:4 32 7 43 8 28 47 3 45 1 14 40 11 13 30 16 50 25 56 60 70 41 2 66 17 10 21 55 39 22 34 69 15 54 0 12 59 67 52 5 26 64 27 29 46 24 62 9 36 44 23 19 49 20 65 35 31 53 42 33 6 63 57 68 48 18 38 61 58 37 51 
TEST 3 ARG:52 35 69 4 63 11 1 18 47 43 28 44 64 50 0 23 29 24 40 34 30 6 31 32 56 49 39 62 5 36 8 7 21 17 22 61 68 67 57 16 14 51 48 70 54 60 20 37 41 3 59 66 27 65 38 58 42 25 26 10 45 2 13 53 33 15 46 55 19 9 12 
TEST 5 ARG:44 45 56 37 60 9 42 18 13 64 51 22 28 3 49 30 41 46 59 23 63 7 27 48 4 54 31 33 69 50 14 36 25 34 17 35 57 70 67 21 11 39 65 10 55 62 58 53 66 52 40 0 2 47 16 68 61 24 26 12 29 38 8 20 6 1 32 5 43 19 15 
TEST 4 ARG:60 8 34 61 52 3 58 24 4 41 35 0 20 48 36 53 66 33 55 22 64 49 69 51 65 59 54 5 2 46 47 13 57 28 30 21 27 44 26 40 19 39 71 70 18 43 15 67 25 23 6 62 38 7 10 37 12 14 16 68 11 63 56 17 29 9 32 31 42 1 45 50 
TEST 5 ARG:64 47 34 20 29 32 3 45 69 56 38 21 39 28 5 68 42 35 14 36 61 0 16 11 25 51 57 67 65 30 53 17 26 4 58 44 27 31 41 66 54 9 52 55 59 24 37 22 70 43 2 33 15 50 63 1 13 19 46 7 8 49 23 18 60 48 62 12 10 71 6 40 
TEST 1 ARG:31 46 61 48 63 19 55 9 7 5 30 47 12 69 44 14 28 21 20 66 16 72 43 45 10 67 51 2 35 42 39 64 57 49 34 53 37 71 24 23 22 8 65 56 62 68 59 41 38 70 40 11 32 58 27 13 52 36 33 60 15 0 26 6 54 3 1 25 50 17 4 18 29 
TEST 2 ARG:30 23 1 70 12 40 43 34 58 45 20 16 4 59 38 47 27 10 61 57 29 36 21 15 37 32 66 28 2 72 6 67 14 22 25 55 65 54 46 35 31 49 7 71 62 33 42 0 39 64 8 44 51 9 53 13 17 19 5 3 48 24 69 60 41 68 50 52 56 18 11 63 26 
TEST 4 ARG:5 54 53 66 42 56 12 48 21 70 55 69 18 31 37 72 43 71 24 60 52 13 68 46 64 47 22 58 7 15 19 28 63 25 17 40 14 30 41 61 38 57 33 39 26 8 50 49 27 11 9 44 34 20 67 65 2 3 10 35 6 32 23 29 45 16 1 36 51 62 59 4 0 
TEST 3 ARG:23 20 49 53 5 46 67 68 40 27 73 31 34 11 9 0 10 60 24 35 39 61 65 50 15 41 70 71 57 33 2 17 28 16 25 64 29 6 13 66 69 54 4 26 45 44 18 47 30 22 19 55 56 32 36 1 42 7 21 37 43 52 3 12 14 58 51 8 48 62 59 63 72 38 
TEST 2 ARG:6 46 4 19 2 58 66 20 30 52 7 68 64 41 9 27 57 3 24 56 61 44 21 25 72 63 51 15 48 33 55 32 71 18 65 23 60 59 49 36 12 67 0 1 13 31 17 53 45 35 43 54 34 47 37 42 70 22 16 73 62 14 8 39 28 10 5 40 38 74 29 26 11 69 50 
TEST 5 ARG:61 54 53 3 13 60 25 72 58 73 30 9 69 32 18 27 21 5 55 47 12 56 19 20 67 22 66 11 10 59 48 8 24 17 63 71 2 35 23 74 50 52 64 16 1 42 4 62 29 49 43 28 41 36 45 31 46 33 51 26 0 65 38 40 7 37 39 75 6 44 15 57 34 70 14 68 
TEST 1 ARG:9 73 42 0 65 71 12 68 38 58 43 63 44 28 56 51 67 3 2 10 57 41 61 22 25 54 17 24 53 32 60 15 11 6 1 21 47 16 13 48 55 34 50 8 29 30 66 33 75 23 72 69 27 35 76 19 62 20 40 7 4 39 18 37 52 70 64 5 14 26 36 45 31 46 59 49 74 
TEST 4 ARG:54 2 26 43 42 41 35 71 53 50 51 48 14 38 6 37 57 8 33 29 34 70 30 1 63 72 21 45 19 7 60 39 52 75 64 9 23 61 16 20 15 12 44 13 5 76 3 47 65 49 32 67 10 27 11 74 17 24 55 68 22 25 18 73 36 58 59 28 40 66 4 69 0 62 31 56 46 
TEST 5 ARG:40 59 0 1 32 64 11 39 76 55 17 72 30 65 27 24 13 42 46 20 47 41 10 37 48 63 62 74 22 73 33 50 57 61 6 51 23 28 70 67 38 54 43 36 8 52 7 69 58 16 25 3 14 18 26 68 12 19 75 4 56 5 15 9 53 66 71 34 44 2 31 45 29 49 21 35 60 
TEST 4 ARG:16 9 64 0 58 51 49 42 27 75 15 70 20 73 25 74 22 33 68 24 63 29 71 34 3 69 77 18 31 19 57 76 65 47 46 26 23 10 43 4 30 28 61 35 60 40 21 5 17 62 13 72 52 7 53 41 14 67 1 48 6 32 2 66 44 37 54 36 50 38 59 55 8 45 11 56 12 39 
TEST 5 ARG:67 49 20 51 8 18 43 31 56 76 44 32 74 7 2 70 23 41 47 35 52 29 1 42 15 53 69 13 34 16 72 46 77 30 62 50 61 55 33 68 6 22 63 19 5 9 37 73 64 40 58 10 3 26 24 36 12 54 4 17 60 27 45 39 65 14 75 0 25 28 21 57 38 66 71 48 59 11 
TEST 4 ARG:55 71 77 2 52 28 8 73 42 75 15 24 57 38 36 17 30 41 29 61 64 39 22 45 46 47 51 18 53 70 72 67 26 1 12 27 56 19 4 6 25 11 40 16 13 58 44 34 35 3 23 54 78 68 9 65 76 10 20 7 0 48 62 49 32 60 74 63 66 5 21 59 50 37 33 31 14 69 43 
TEST 5 ARG:58 40 57 67 37 66 30 75 17 53 54 29 77 78 56 4 13 19 34 47 42 7 6 76 3 32 65 44 10 43 49 36 27 25 61 63 9 8 14 74 45 50 55 68 71 69 21 11 64 35 39 73 1 23 38 18 26 28 33 0 59 46 22 48 16 2 72 31 52 51 62 12 24 60 70 41 15 5 20 
TEST 1 ARG:4 51 31 20 1 53 46 10 39 21 63 15 73 30 19 67 24 38 17 78 71 40 6 61 16 72 34 8 26 48 12 35 42 68 28 32 70 64 18 7 66 56 13 79 65 55 58 52 75 14 23 25 57 0 62 59 54 41 49 3 5 2 45 27 36 43 9 44 77 22 74 11 37 29 60 50 69 33 76 47 
TEST 2 ARG:37 73 57 61 42 18 29 5 60 24 47 48 1 43 50 3 75 72 71 6 44 64 76 74 56 9 26 14 53 68 70 69 30 67 78 55 12 45 16 20 21 22 59 58 41 46 54 52 35 40 28 23 10 4 32 36 62 33 38 2 8 65 79 15 49 63 34 27 17 7 77 19 11 66 0 25 39 31 51 13 
TEST 4 ARG:65 71 39 31 47 33 4 67 28 77 30 51 46 27 57 29 6 79 19 2 20 34 23 75 16 42 13 72 40 10 15 60 48 43 37 49 44 63 36 76 55 74 18 38 68 53 3 56 73 54 1 21 11 25 0 5 9 32 14 52 17 41 22 45 50 24 78 35 66 58 26 62 61 8 69 7 70 59 12 64 
TEST 5 ARG:32 22 26 47 58 44 15 63 12 78 38 19 35 73 24 48 20 34 75 57 36 8 51 28 42 17 30 18 65 60 72 62 56 68 52 11 49 13 6 4 46 23 14 71 53 9 50 67 43 79 33 74 54 27 31 59 10 66 16 3 64 77 5 69 76 37 45 39 55 61 21 0 2 25 40 7 70 41 1 29 
TEST 3 ARG:27 38 17 5 52 23 75 19 63 61 68 21 60 2 55 72 79 7 30 76 39 58 26 18 73 46 44 47 4 6 59 9 50 8 64 35 24 78 14 10 37 57 41 71 36 45 15 22 16 49 80 34 0 65 67 48 40 11 77 33 32 3 25 13 1 66 12 54 20 74 69 29 43 62 42 28 51 53 70 56 31 
TEST 2 ARG:57 16 52 33 2 24 1 29 32 11 51 80 67 60 59 44 50 28 34 17 7 49 74 78 6 26 55 36 3 75 77 68 38 9 47 22 35 45 72 15 4 73 58 48 42 56 76 64 70 63 46 13 19 79 39 40 65 18 61 30 71 66 21 31 81 53 27 8 62 69 54 0 37 14 25 10 43 20 41 12 5 23 
TEST 3 ARG:3 31 15 64 2 79 18 0 27 11 39 28 25 65 22 60 34 81 48 40 52 56 78 55 73 46 45 42 49 16 17 35 72 30 75 74 4 29 6 80 24 62 13 51 26 68 19 44 33 47 77 23 32 59 20 12 57 50 8 21 67 71 76 61 37 38 41 1 14 69 53 7 10 58 66 9 5 54 36 63 43 70 
TEST 4 ARG:40 41 14 22 42 5 36 24 4 68 21 52 60 57 29 54 81 67 20 35 47 38 30 37 27 46 80 74 44 64 55 7 9 66 25 50 10 34 73 12 28 39 2 49 8 75 13 72 3 59 26 53 63 16 62 56 77 69 71 1 11 0 32 51 65 15 78 58 70 48 61 18 6 33 17 31 23 79 19 45 43 76 
TEST 1 ARG:53 44 19 30 81 59 14 18 38 40 8 41 73 25 29 2 61 60 5 69 39 78 66 35 42 56 33 12 57 67 49 71 72 7 54 23 37 9 80 3 21 26 27 36 0 4 75 11 74 46 58 6 62 20 43 48 63 24 76 13 10 16 17 28 79 68 55 47 65 52 77 64 50 31 34 45 82 32 1 70 51 15 22 
TEST 2 ARG:65 10 80 79 76 4 6 74 67 58 73 40 69 13 35 63 0 81 64 16 57 34 37 32 25 60 56 78 17 52 27 24 39 7 22 36 44 75 51 68 54 48 46 26 38 19 1 21 45 59 30 3 42 15 70 77 11 12 31 53 23 61 8 33 47 2 62 50 72 66 20 55 14 41 71 18 29 5 49 82 43 9 28 
TEST 3 ARG:46 9 56 52 79 33 19 24 49 82 28 69 16 29 36 25 40 57 68 18 23 27 2 0 31 73 39 59 70 76 14 72 64 55 13 80 8 30 66 71 15 75 37 4 45 62 42 5 22 7 20 38 53 67 34 44 12 43 65 54 1 26 78 60 10 61 11 48 58 17 47 50 77 81 21 51 3 63 32 41 74 6 35 
TEST 3 ARG:45 24 33 80 74 30 77 1 11 5 34 52 83 68 3 28 27 72 19 82 79 76 20 67 61 18 12 9 42 2 10 66 50 46 49 63 26 7 81 6 21 38 15 78 44 29 16 51 32 53 54 40 58 41 56 36 13 17 14 25 22 0 75 8 62 70 23 73 55 71 48 4 57 39 64 60 65 69 37 43 35 31 59 47 
TEST 5 ARG:37 76 13 34 36 4 28 81 1 82 39 75 27 70 50 65 9 63 64 16 79 60 72 78 24 20 56 7 11 59 21 80 58 3 29 26 61 19 46 53 67 2 30 49 83 74 17 42 22 55 6 14 54 69 40 44 57 45 23 77 32 73 48 71 5 66 12 38 31 15 18 68 41 25 51 33 35 62 10 8 47 52 0 43 
TEST 1 ARG:56 3 34 83 11 45 68 57 16 28 24 58 81 19 36 1 40 66 76 31 21 14 75 78 32 41 8 49 15 18 65 17 0 60 4 59 44 43 54 5 37 53 20 10 27 74 72 80 35 46 63 7 26 39 61 30 71 23 67 52 22 42 6 55 77 64 29 51 82 2 84 13 25 62 38 47 9 12 48 50 79 70 33 73 69 
TEST 2 ARG:40 76 71 49 56 34 29 25 51 6 61 72 20 24 59 21 18 0 7 16 44 53 37 57 30 38 41 32 60 12 39 78 69 3 54 42 23 17 4 74 28 27 36 1 70 75 5 33 22 47 66 9 52 77 19 14 62 65 26 67 81 82 64 50 31 68 13 35 8 63 55 45 2 46 11 48 10 58 43 80 73 84 83 79 15 
TEST 3 ARG:57 13 30 80 20 70 60 38 41 19 6 11 63 61 1 23 45 12 50 7 22 68 44 10 5 69 84 15 66 54 39 25 29 46 83 52 35 34 81 9 82 16 75 62 53 72 67 51 37 17 56 43 78 73 71 74 55 40 8 18 21 79 0 49 59 14 47 28 27 65 32 36 26 58 76 3 24 64 2 48 42 31 4 77 33 
TEST 5 ARG:56 46 1 12 15 16 70 48 80 22 72 14 25 30 32 50 13 75 31 52 49 7 82 19 3 79 17 68 38 73 71 44 35 20 64 18 47 27 24 36 78 43 39 77 4 2 69 34 5 6 59 11 81 33 9 21 41 54 0 37 58 40 67 8 45 65 55 74 61 53 26 66 62 57 42 83 10 28 84 51 23 63 60 76 29 
TEST 1 ARG:32 2 55 83 74 57 42 38 56 35 60 1 41 82 12 64 27 85 21 33 8 59 3 30 29 14 25 36 26 76 20 70 48 52 47 81 24 77 61 84 68 5 78 39 58 62 80 65 4 66 46 31 73 72 44 15 75 0 53 79 13 86 71 23 51 9 40 22 11 17 10 67 34 63 45 18 7 49 16 28 69 43 50 6 19 37 54 
TEST 2 ARG:78 81 49 60 53 25 55 6 23 24 85 75 61 7 69 1 47 34 0 2 3 4 84 39 58 12 63 54 42 72 71 13 29 67 52 33 66 31 8 15 17 30 37 21 50 65 36 56 79 74 80 16 62 20 70 38 19 18 77 51 57 5 43 64 32 76 35 86 27 82 28 44 83 14 41 11 40 73 26 45 9 10 22 48 46 68 59 
TEST 3 ARG:21 68 20 0 76 3 9 52 58 44 42 35 83 47 6 15 43 74 2 23 14 1 72 53 26 48 34 71 37 17 18 49 46 79 24 30 8 33 82 40 55 39 75 38 54 73 60 77 19 50 57 66 22 25 41 51 78 85 62 16 13 12 67 36 27 80 45 56 63 11 7 69 84 86 5 31 32 81 65 10 4 59 64 29 61 28 70 
TEST 4 ARG:53 46 43 26 56 19 67 82 16 66 73 69 40 27 42 28 54 31 32 38 20 4 71 49 68 17 60 47 44 79 37 84 76 72 24 64 6 59 1 25 7 10 12 30 50 35 8 51 39 23 63 80 14 62 55 74 5 77 21 83 61 34 52 29 41 18 15 75 9 81 13 78 11 45 85 36 65 48 2 57 58 0 70 86 22 3 33 
TEST 2 ARG:75 42 12 56 30 38 66 9 11 13 28 32 79 64 52 54 34 25 8 4 62 15 6 49 36 44 76 41 46 17 3 20 43 31 37 19 70 2 29 27 35 82 65 78 59 73 18 80 77 45 58 33 24 39 53 60 81 40 16 67 50 71 14 69 68 63 55 57 21 61 84 23 1 87 83 26 51 7 22 72 5 47 85 10 86 0 48 74 
TEST 4 ARG:33 28 85 12 69 18 10 11 39 82 6 5 78 31 48 14 19 43 44 32 59 23 27 83 47 80 24 81 64 20 15 45 86 71 40 36 52 60 70 63 67 3 17 30 13 34 29 87 21 76 1 37 49 75 50 68 42 74 35 53 57 55 62 65 66 51 38 54 46 7 84 2 22 72 73 77 79 9 4 25 58 0 41 8 56 61 26 16 
TEST 1 ARG:86 39 38 72 19 10 46 87 63 67 85 25 2 65 41 12 17 26 88 34 71 22 49 35 45 64 79 66 78 30 11 5 21 28 74 6 44 40 32 14 48 8 59 18 60 81 56 54 77 76 57 55 16 70 75 33 31 20 29 47 43 69 50 36 4 7 27 1 3 13 24 80 68 83 15 58 52 37 61 9 51 84 73 82 53 0 42 62 23 
TEST 2 ARG:61 29 42 51 39 78 67 63 3 2 9 72 14 20 53 60 49 55 24 11 64 56 46 40 68 52 6 37 36 86 77 1 35 74 5 12 65 33 70 30 66 87 32 25 81 59 43 38 41 22 80 15 57 84 17 18 8 73 34 71 19 26 45 50 85 75 28 48 69 16 4 21 10 79 13 76 44 58 82 62 31 54 47 27 88 83 7 23 0 
TEST 3 ARG:17 25 71 34 51 67 40 69 46 65 43 47 30 58 31 60 7 55 56 70 63 39 0 84 83 76 6 73 44 19 48 59 61 12 2 26 28 53 37 45 64 18 62 49 27 21 57 88 35 81 50 85 5 87 23 75 66 10 72 9 77 68 20 4 54 52 86 78 24 1 22 32 82 29 14 8 3 33 36 13 42 16 41 38 11 74 80 15 79 
TEST 1 ARG:67 6 74 50 87 5 79 22 33 32 7 12 58 10 83 59 28 82 57 71 2 80 54 56 89 18 43 19 86 3 73 29 68 9 45 60 42 70 26 40 30 14 35 38 88 1 48 46 44 0 23 77 75 4 21 37 61 17 65 36 16 47 39 31 81 78 51 41 55 34 11 25 85 13 24 15 76 84 66 20 62 64 63 53 72 69 49 52 8 27 
TEST 2 ARG:46 68 6 3 87 31 47 37 0 76 58 88 73 34 40 36 21 27 72 82 17 25 55 80 12 42 24 9 56 5 84 7 18 67 54 60 35 14 86 30 83 10 44 51 61 70 41 28 8 29 63 26 85 45 57 1 11 13 39 20 15 69 79 50 2 89 78 71 19 4 53 38 16 64 43 52 75 59 77 62 23 66 74 22 48 81 49 65 32 33 
TEST 4 ARG:67 81 39 42 30 52 82 1 35 66 29 18 15 26 69 60 43 9 3 79 87 50 40 73 27 2 25 11 22 61 59 32 51 85 58 63 65 70 14 64 56 47 7 41 83 46 36 33 10 8 28 21 4 31 38 20 72 53 75 13 78 49 5 76 19 48 88 6 74 45 77 23 44 0 37 24 68 17 80 55 84 57 16 71 62 89 54 34 12 86 
TEST 2 ARG:76 36 32 55 81 38 30 44 43 2 90 67 64 10 26 69 33 5 60 53 23 19 68 20 11 0 50 63 86 85 87 61 51 49 6 79 35 22 27 89 82 47 66 75 18 17 25 39 88 56 24 28 83 16 21 72 14 71 78 9 80 59 8 48 62 3 29 40 52 57 45 34 54 37 84 7 70 65 13 46 12 4 77 31 73 74 1 58 42 41 15 
TEST 1 ARG:45 67 69 10 18 51 15 81 73 77 87 57 58 55 1 59 83 49 47 11 82 7 54 90 21 30 62 88 16 6 25 79 89 50 86 4 28 37 91 78 61 14 46 41 85 44 35 3 27 43 74 12 13 48 5 72 68 2 42 60 0 34 80 66 40 22 17 75 33 38 52 71 29 70 36 9 76 84 39 56 65 24 31 20 8 19 64 32 23 53 26 63 
TEST 2 ARG:26 66 13 79 58 59 70 90 27 37 2 36 24 30 57 64 82 89 48 52 20 0 71 43 29 69 22 47 50 78 67 84 21 80 17 46 56 6 19 75 73 18 11 54 7 38 9 55 72 91 4 32 44 88 86 34 23 51 68 81 41 25 62 83 1 40 35 33 31 39 16 45 74 10 87 5 77 53 65 3 42 63 8 15 28 14 85 49 61 60 76 12 
TEST 3 ARG:9 58 19 88 64 90 45 54 25 42 7 21 23 51 71 78 24 36 8 27 32 18 49 6 28 43 69 84 40 2 44 22 82 46 53 38 67 11 87 10 83 77 13 70 26 50 57 5 52 3 17 12 72 85 33 68 4 74 79 86 41 14 55 16 60 81 89 15 59 65 91 34 63 1 73 37 47 31 30 61 20 80 29 56 66 39 76 0 75 62 35 48 
TEST 4 ARG:16 42 8 38 10 49 52 7 44 31 83 9 53 45 87 58 40 88 11 21 39 78 55 34 85 75 1 13 65 25 61 64 46 24 27 69 3 30 63 5 22 32 47 6 37 79 14 76 15 18 20 86 48 66 89 81 43 17 35 74 36 84 91 57 33 28 2 90 67 59 68 77 0 19 50 82 60 4 12 80 72 54 56 70 26 23 71 51 41 62 29 73 
TEST 1 ARG:77 33 58 71 27 6 16 70 55 82 29 47 56 53 74 41 21 73 31 79 68 4 69 48 8 44 61 54 67 1 25 57 26 15 42 20 50 87 90 83 28 89 52 9 35 34 0 85 60 3 7 75 43 39 22 24 2 32 88 13 17 72 23 18 76 63 84 11 80 66 59 12 78 37 30 10 62 49 5 19 46 38 45 91 14 64 40 81 36 86 65 51 92 
TEST 2 ARG:66 56 55 80 0 30 5 1 72 68 91 26 48 15 20 52 63 23 88 82 32 47 92 41 6 70 38 42 3 19 46 74 62 39 83 85 22 57 11 60 8 54 28 9 67 86 37 2 78 35 50 49 73 40 75 27 71 13 59 79 87 69 21 64 4 36 10 84 33 77 43 90 14 61 17 53 81 89 65 34 45 18 31 29 12 76 16 25 58 7 24 51 44 
TEST 4 ARG:39 44 16 12 42 22 11 46 9 69 10 77 72 28 70 50 32 59 88 66 53 47 5 24 45 76 82 61 85 8 23 17 27 1 78 6 73 35 64 14 41 2 43 54 60 74 75 49 80 55 19 34 3 65 63 29 7 92 58 71 33 87 40 31 30 90 81 21 84 51 38 79 13 86 91 57 67 56 68 83 37 20 62 4 36 0 15 52 48 89 26 25 18 
TEST 5 ARG:92 61 75 12 70 34 50 3 18 38 48 41 14 86 26 73 71 35 51 19 91 68 33 32 30 74 59 64 8 72 52 2 7 55 10 31 88 82 39 85 37 6 89 42 62 5 83 25 69 58 36 76 13 15 81 40 84 24 4 16 53 17 46 49 22 90 29 0 23 43 66 54 78 45 67 87 57 79 77 56 60 44 11 27 63 9 21 1 20 47 28 65 80 
TEST 3 ARG:75 78 50 70 22 51 34 0 81 33 15 56 23 18 93 28 29 30 44 32 82 59 42 27 48 1 88 43 38 9 74 62 85 54 63 8 72 69 86 52 65 11 2 7 39 37 4 49 66 76 20 61 71 79 46 31 14 35 55 77 19 80 87 89 60 6 91 16 92 5 3 90 25 24 26 41 68 73 13 84 10 17 58 47 40 83 57 67 21 64 53 45 36 12 
TEST 4 ARG:4 40 41 87 50 34 55 69 82 30 42 79 9 64 8 21 22 35 60 73 71 24 68 56 80 6 36 11 7 47 20 85 0 17 72 76 48 59 75 37 77 27 44 29 53 12 89 61 33 5 66 91 78 51 83 1 2 14 74 25 28 81 58 15 88 26 62 19 23 18 32 86 65 43 3 90 39 49 16 38 67 92 63 46 57 70 10 45 93 52 84 31 54 13 
TEST 1 ARG:48 54 81 46 47 73 74 59 66 11 57 87 13 29 40 15 55 85 50 27 25 9 71 86 16 79 89 24 17 31 14 63 93 82 18 83 35 51 67 60 70 8 7 2 64 56 28 19 80 39 3 23 94 69 26 22 75 65 58 33 5 21 78 53 6 52 91 88 34 4 37 12 49 72 30 92 61 43 36 1 0 62 41 90 77 10 20 45 68 84 38 76 44 32 42 
TEST 2 ARG:23 77 56 48 4 94 10 86 22 14 32 8 80 76 11 85 21 28 6 20 60 54 35 29 16 52 75 90 34 63 53 51 44 92 83 27 12 15 36 7 87 82 45 79 37 24 55 65 0 61 26 31 9 84 25 64 3 66 78 58 50 89 2 68 33 19 81 59 38 71 72 18 13 1 43 73 30 39 49 47 69 5 42 70 57 93 91 67 41 62 46 17 40 74 88 
TEST 3 ARG:22 46 35 17 88 61 58 72 85 45 15 54 14 8 79 89 73 65 71 63 87 7 13 34 29 94 84 20 92 68 59 86 81 0 66 24 40 64 26 23 5 2 60 48 39 42 18 78 12 43 90 80 56 1 82 74 67 49 30 21 47 31 57 50 69 11 9 41 25 70 53 3 28 77 32 44 93 33 6 51 37 62 52 10 19 83 91 36 27 4 76 75 38 55 16 
TEST 1 ARG:13 48 2 64 60 125 95 73 111 102 108 63 79 100 76 41 123 98 51 115 1 42 84 104 31 8 96 122 103 88 107 67 25 74 12 11 59 85 66 110 91 65 124 3 105 82 77 58 19 33 57 80 7 6 54 10 62 30 18 9 78 21 0 93 35 28 116 97 113 70 15 22 68 75 126 101 37 38 55 90 43 34 27 46 17 117 87 39 83 26 4 5 61 112 72 49 99 47 69 45 52 44 36 29 119 109 120 23 89 14 81 114 53 106 20 50 86 92 40 94 16 121 71 24 56 32 118 
TEST 3 ARG:92 3 40 96 16 21 66 33 75 52 68 37 42 4 72 44 106 39 46 19 60 77 62 31 80 97 87 63 120 7 91 85 86 112 18 12 126 100 102 109 111 1 8 108 47 78 103 38 9 114 29 6 65 69 13 95 90 43 17 22 81 98 64 28 118 73 99 123 121 50 101 59 45 125 49 57 71 76 61 58 89 122 11 35 51 79 14 48 34 124 107 27 56 88 54 115 41 82 119 83 67 94 20 26 25 32 55 5 15 116 113 93 84 10 74 23 24 0 104 36 105 53 117 110 70 2 30 
TEST 5 ARG:46 35 120 19 83 26 73 49 96 97 1 91 61 80 67 59 65 36 45 53 54 62 92 51 57 15 121 63 42 112 38 64 113 86 6 117 52 32 5 89 94 23 8 90 116 68 18 20 77 58 12 78 4 10 37 93 31 126 50 40 16 99 85 2 110 109 71 95 75 66 81 7 0 14 72 101 56 29 100 39 9 22 48 44 102 124 115 33 70 123 119 108 60 47 105 114 106 76 69 27 24 82 88 87 30 34 25 118 11 107 13 3 84 41 111 98 125 17 79 21 55 28 104 43 74 103 122 
TEST 1 ARG:104 111 88 3 118 65 25 62 126 49 78 86 12 83 84 101 99 20 63 43 32 117 39 94 80 21 11 92 116 97 110 89 53 82 44 127 15 79 58 50 24 109 124 123 105 14 45 18 121 108 42 8 7 81 13 75 115 9 6 85 90 46 112 4 51 102 1 76 47 122 93 52 70 120 26 40 54 60 57 55 69 0 34 67 56 87 106 103 113 64 61 2 77 114 19 5 36 107 95 10 68 119 125 100 41 33 72 17 38 28 27 29 23 73 31 22 66 30 35 48 37 74 91 16 96 71 59 98 
TEST 3 ARG:75 66 21 86 103 39 77 120 116 11 105 82 52 54 42 16 25 95 1 81 67 84 41 114 118 47 29 3 12 27 91 107 127 14 8 46 36 49 5 104 98 28 37 55 88 76 2 50 92 64 65 44 58 69 34 35 26 70 51 123 121 89 18 119 93 113 96 115 100 101 6 20 23 9 122 59 24 60 71 30 125 108 0 31 74 40 68 7 97 17 13 72 45 106 87 63 111 48 79 61 112 80 53 109 78 99 22 62 38 102 85 73 90 83 117 94 19 10 126 33 57 4 15 124 32 110 43 56 
TEST 4 ARG:116 79 93 27 20 31 78 49 41 65 26 16 92 95 56 64 9 5 110 96 71 43 28 18 80 69 120 15 122 68 17 13 85 98 77 44 34 76 112 117 35 25 104 73 62 75 47 105 118 89 7 53 3 121 82 84 48 37 10 45 124 81 72 67 97 52 4 100 8 90 99 114 38 19 40 70 60 101 30 74 106 11 6 24 57 21 111 12 86 36 54 107 51 39 113 14 33 2 50 119 115 55 125 87 126 0 58 88 61 123 127 83 63 109 32 91 29 94 1 102 108 66 22 59 46 103 23 42 
TEST 5 ARG:95 5 74 106 71 30 40 61 19 48 6 75 69 51 120 41 108 80 38 122 16 12 87 110 35 49 60 33 112 96 114 79 18 86 94 99 100 72 124 55 4 2 105 34 70 22 29 98 13 37 107 62 68 126 104 52 88 54 67 9 1 24 83 45 39 116 103 53 23 25 63 47 117 58 78 44 81 82 73 20 66 123 27 101 93 26 90 21 97 31 7 119 11 84 36 118 32 127 77 10 28 14 65 115 64 56 125 59 89 0 85 46 57 109 102 76 43 8 17 50 113 111 92 3 15 42 91 121 
TEST 1 ARG:89 67 92 64 110 82 114 101 27 96 98 102 56 36 93 31 39 24 44 55 120 43 3 90 1 119 17 7 116 8 65 78 70 35 117 124 0 61 122 62 49 48 42 87 86 10 75 12 66 77 52 94 2 63 21 37 112 99 29 121 6 111 97 38 72 15 20 81 19 50 127 79 126 5 59 107 104 11 80 34 118 106 47 57 60 13 14 32 91 40 88 109 26 23 100 85 125 28 18 83 25 115 103 16 46 108 33 113 123 95 128 4 22 69 54 41 45 73 71 51 68 53 58 84 76 74 105 9 30 
TEST 4 ARG:33 59 90 13 76 115 48 85 20 109 102 98 64 104 87 105 7 73 14 107 22 62 82 78 92 57 91 88 96 2 77 50 43 121 100 47 111 46 4 110 26 19 30 94 5 79 35 58 116 69 45 39 89 65 125 74 16 55 32 56 17 15 71 38 112 120 3 126 123 95 21 122 113 99 53 29 128 70 81 83 25 41 6 27 127 54 10 37 34 66 84 28 106 11 23 60 36 61 42 124 52 18 51 86 75 44 93 68 40 31 63 0 9 103 72 80 117 67 24 97 8 108 101 119 114 12 118 49 1 
TEST 5 ARG:60 116 27 14 107 93 17 43 25 127 72 37 75 13 78 125 34 108 62 22 110 64 53 120 101 10 0 74 111 80 54 88 85 82 59 102 7 73 15 99 112 77 117 39 33 128 52 4 96 5 40 84 71 69 35 109 57 87 20 1 122 9 42 50 68 32 115 92 83 11 81 63 51 2 86 56 8 114 26 103 23 66 79 16 6 91 36 47 105 46 123 58 24 121 44 28 12 70 19 48 100 119 106 38 45 65 55 118 89 98 21 104 95 94 61 90 41 3 126 31 76 97 49 30 113 67 29 18 124 
TEST 3 ARG:119 91 30 21 82 120 98 127 51 68 93 128 109 108 47 69 25 96 112 1 117 63 34 89 7 8 40 33 35 4 15 13 9 101 65 116 32 124 83 110 95 86 81 85 84 106 49 42 61 50 18 22 10 79 52 92 24 41 125 121 28 129 122 12 80 66 115 62 90 26 87 56 105 37 53 20 38 64 114 74 27 58 102 57 71 23 111 29 70 43 16 123 19 94 55 113 76 67 39 118 126 36 54 60 31 77 104 0 11 5 14 6 46 107 48 59 72 17 88 100 45 44 97 2 73 75 99 103 3 78 
TEST 4 ARG:83 43 125 25 124 11 75 68 80 113 95 17 50 86 33 84 6 109 5 129 65 70 32 72 62 2 78 60 18 61 52 58 49 45 104 53 36 21 37 96 29 55 31 47 105 66 26 44 56 1 92 120 74 9 16 114 15 123 54 106 118 8 89 24 35 108 99 88 23 126 34 79 19 0 85 101 30 10 112 76 87 22 42 127 38 98 103 119 128 14 93 102 107 64 91 4 73 97 12 121 81 13 111 48 28 77 46 90 71 7 3 39 27 69 117 41 100 82 94 20 115 40 57 63 110 122 67 51 59 116 
TEST 5 ARG:99 41 48 114 28 42 20 119 22 108 30 107 129 68 102 25 4 78 92 10 13 2 58 91 93 27 81 112 65 32 94 113 45 87 49 105 103 115 47 37 86 59 98 125 67 15 23 12 123 44 35 14 1 53 88 36 0 8 51 29 96 117 128 62 63 39 33 19 57 6 104 73 40 66 83 89 120 46 121 76 18 84 118 79 56 26 85 74 24 110 34 3 54 31 122 38 71 5 9 77 97 95 90 60 17 124 70 100 52 75 11 106 21 116 69 50 43 64 72 82 109 80 101 111 7 127 126 55 16 61 
TEST 3 ARG:36 108 123 87 0 125 16 119 81 64 74 7 25 109 127 94 38 80 8 62 4 55 53 18 89 124 33 100 121 71 14 51 3 97 39 24 98 45 91 69 50 22 23 122 72 78 46 56 96 120 41 60 34 48 115 86 103 102 6 40 88 111 104 93 37 110 27 66 57 65 106 15 29 130 129 75 128 101 17 63 21 79 12 99 52 85 61 1 30 107 13 118 2 47 43 44 114 84 73 10 19 58 82 70 20 11 116 76 32 90 77 9 95 68 54 126 49 42 59 28 35 26 117 92 5 31 67 113 83 112 105 
TEST 1 ARG:20 57 60 22 105 102 125 35 65 112 132 18 98 122 6 50 130 48 103 95 81 52 24 84 128 15 47 111 88 83 38 31 61 53 70 124 74 121 117 106 127 129 23 116 37 73 54 78 25 29 89 90 7 9 68 10 97 45 46 62 118 108 75 85 93 16 107 40 33 76 71 21 56 77 91 119 49 113 28 43 12 11 86 80 5 19 59 17 42 63 79 51 94 34 8 1 126 0 2 96 92 104 26 41 100 123 72 69 14 13 82 87 4 58 32 101 114 131 99 115 39 67 3 64 44 66 109 36 55 27 30 110 120 
TEST 2 ARG:90 3 22 38 46 76 102 14 116 35 56 28 37 75 44 130 64 120 108 48 78 87 32 121 97 54 29 59 81 7 58 125 39 101 111 68 106 24 53 119 47 6 122 5 67 80 107 45 98 36 52 27 31 113 132 55 10 13 62 88 89 63 19 103 20 66 117 40 109 131 93 50 105 104 99 41 23 0 30 127 94 42 100 12 69 114 84 112 21 17 86 83 79 96 9 65 11 8 124 61 118 1 16 95 73 34 60 82 110 26 123 77 4 25 49 115 51 91 18 128 57 126 85 33 2 70 43 129 74 71 92 15 72 
TEST 4 ARG:1 74 49 112 28 23 115 32 19 120 94 107 46 13 108 6 16 114 127 116 54 12 9 113 61 129 3 95 63 104 87 105 42 38 103 62 73 27 70 131 35 102 26 44 58 29 22 40 34 117 101 67 71 90 97 56 41 51 106 55 4 82 15 72 81 48 124 24 53 37 17 14 83 109 128 89 99 60 93 8 88 20 79 7 111 123 77 80 68 45 57 52 0 110 39 21 122 126 59 65 86 33 10 2 132 130 91 30 43 47 78 11 118 64 125 119 18 31 96 98 36 100 121 50 92 75 5 25 69 66 85 76 84 
TEST 5 ARG:21 16 103 112 102 110 58 63 62 119 15 8 108 95 50 57 10 121 70 43 65 12 26 29 122 130 97 126 51 9 25 11 41 96 6 40 66 64 131 86 45 115 52 76 106 75 2 74 79 80 60 3 42 32 5 61 109 39 101 35 105 31 78 118 18 34 46 98 72 36 125 89 0 116 1 132 56 20 104 53 82 69 73 90 124 113 68 107 87 91 59 27 13 17 100 37 120 30 71 88 114 54 81 23 92 83 77 33 117 4 28 99 49 127 47 38 7 111 84 67 94 44 93 19 48 22 24 128 129 14 85 55 123 
TEST 2 ARG:100 88 102 27 109 71 42 30 114 99 22 49 56 105 124 63 65 74 113 8 0 132 41 111 28 94 47 68 106 80 43 129 21 116 117 54 20 61 51 96 53 62 31 25 11 119 52 48 67 115 37 10 32 45 13 29 126 118 12 14 81 91 59 89 44 103 33 60 57 120 9 123 72 128 17 101 97 15 90 35 87 64 24 66 110 78 77 121 40 130 95 133 26 85 82 107 86 75 5 46 93 18 39 122 58 92 70 2 19 50 6 98 112 108 36 131 4 83 3 38 76 69 1 127 73 23 16 84 34 7 79 55 104 125 
TEST 3 ARG:72 69 103 65 90 62 108 0 5 40 79 54 117 61 38 32 70 110 60 1 83 91 47 128 15 4 100 43 78 129 9 97 57 8 105 106 125 123 63 22 127 29 113 37 67 101 3 17 56 82 2 112 16 44 24 25 115 13 7 33 48 45 34 118 96 36 104 42 92 18 28 23 27 49 132 109 121 73 41 107 59 76 124 55 119 46 19 75 85 51 80 20 94 31 87 133 11 116 93 89 26 12 66 122 6 39 35 81 14 84 50 71 68 53 102 98 21 126 95 52 86 111 99 30 114 74 130 120 88 58 10 131 77 64 
TEST 4 ARG:110 71 53 99 15 59 12 89 25 95 1 69 40 130 51 17 11 132 116 6 56 19 107 13 84 57 61 21 129 30 34 68 16 74 113 31 127 82 14 20 2 112 50 62 125 43 81 0 26 98 7 9 36 73 115 101 76 42 118 35 126 45 48 83 10 77 37 96 22 8 97 120 3 23 104 39 33 88 123 86 65 105 70 108 111 72 131 63 47 103 114 4 87 109 85 58 75 121 92 38 133 91 52 94 128 5 93 41 102 28 100 119 24 49 67 32 122 44 64 60 90 55 29 46 79 106 78 66 18 80 124 54 117 27 
TEST 1 ARG:52 21 5 0 83 47 68 20 122 38 104 102 124 133 44 41 64 51 128 17 118 65 9 84 28 80 72 111 26 12 62 29 129 63 32 116 107 6 31 132 42 49 40 89 101 61 105 19 10 90 11 123 37 22 120 121 93 134 85 81 96 57 67 87 100 66 71 108 78 18 92 33 30 112 48 7 59 43 110 8 70 74 60 45 36 55 109 34 130 54 58 24 125 98 119 82 95 77 23 25 16 79 46 4 131 15 50 2 56 117 14 69 3 94 91 88 106 76 53 75 1 114 86 13 99 103 73 35 39 127 113 126 115 27 97 
TEST 4 ARG:54 26 94 1 105 45 116 72 47 102 13 32 50 90 76 97 7 46 40 48 8 79 89 21 124 96 62 52 133 132 107 9 134 80 24 113 125 5 15 11 101 84 29 14 57 18 63 3 0 69 67 12 20 41 110 27 30 78 51 37 49 119 65 118 74 115 93 2 126 25 87 127 103 92 35 109 59 131 38 58 10 53 114 4 71 130 22 75 111 108 121 56 123 68 112 82 122 55 106 16 88 43 34 95 128 98 85 104 36 99 17 70 117 31 129 60 86 44 100 91 28 81 19 33 64 61 83 120 23 42 6 73 39 66 77 
TEST 1 ARG:21 14 61 121 10 128 56 50 70 40 132 113 76 39 53 108 62 88 85 68 11 16 84 63 101 102 100 26 19 24 112 120 86 52 34 18 87 42 111 3 41 109 43 77 38 89 27 106 65 25 55 0 23 97 28 7 135 129 49 9 115 117 47 134 36 80 105 91 131 103 95 107 1 51 17 116 59 20 15 45 60 4 12 78 72 104 69 96 75 48 81 118 79 32 93 94 58 37 57 2 130 8 5 66 119 22 83 98 122 82 33 110 133 64 35 90 124 46 123 114 54 13 67 71 73 99 44 126 74 6 92 31 127 29 125 30 
TEST 2 ARG:80 65 110 73 120 121 109 59 60 18 33 10 77 78 50 66 29 56 81 101 91 14 17 83 114 108 86 58 34 31 2 130 15 61 45 52 112 13 131 4 38 46 97 70 32 94 132 36 71 119 111 40 82 90 75 84 42 24 28 122 100 103 49 95 98 62 69 1 5 134 27 128 6 105 55 37 41 102 51 76 115 68 104 72 64 67 123 93 25 9 47 0 106 39 124 107 74 48 8 92 89 133 87 99 57 16 44 26 127 117 53 30 20 63 85 11 22 125 113 126 43 129 21 135 12 19 116 7 88 3 118 96 35 79 23 54 
TEST 3 ARG:62 67 23 102 47 103 105 8 27 29 128 46 15 71 56 104 113 66 43 5 112 129 80 32 108 44 22 110 60 87 58 98 25 12 117 26 34 119 19 24 6 76 78 30 132 38 85 69 86 114 92 130 59 73 17 134 57 40 2 54 126 94 116 84 39 16 3 111 107 64 100 50 42 70 88 28 35 10 122 41 97 90 45 99 20 123 49 121 63 0 83 36 61 95 124 109 93 120 13 9 4 106 31 96 133 18 1 48 7 89 74 51 65 135 14 52 91 118 125 101 37 55 53 72 11 33 115 81 68 82 75 21 131 79 127 77 
TEST 1 ARG:44 133 4 119 94 61 43 93 85 60 39 128 56 124 40 79 100 22 18 112 82 111 125 1 54 62 98 77 6 24 76 48 46 53 32 89 122 34 86 59 90 14 131 114 35 135 58 116 63 67 41 120 36 74 0 130 71 97 42 87 3 16 99 20 88 7 12 108 118 19 110 92 2 134 5 80 45 95 132 47 28 84 117 104 81 66 29 26 33 123 78 17 70 15 55 10 49 23 50 103 13 129 136 91 126 72 113 25 105 51 21 106 107 11 57 121 68 30 27 69 102 127 64 38 31 83 73 8 115 101 75 109 65 9 37 96 52 
TEST 2 ARG:97 24 130 134 8 19 14 48 25 93 4 16 80 31 57 56 69 39 44 85 111 132 63 122 108 9 82 53 72 18 40 33 112 91 128 123 62 127 41 75 0 125 124 52 84 11 135 13 92 81 110 47 46 64 60 131 6 54 65 38 133 70 27 90 43 2 87 77 114 104 103 12 23 55 113 51 118 68 86 59 73 136 1 10 101 29 76 74 79 28 120 30 3 106 99 21 88 95 32 20 126 45 107 98 15 61 115 34 117 37 105 66 129 42 119 58 102 121 89 100 17 5 67 71 50 94 7 116 109 36 35 83 49 26 96 22 78 
TEST 5 ARG:49 9 31 116 81 47 128 35 58 1 17 38 65 82 93 88 24 68 45 136 33 14 16 107 103 105 56 80 89 63 104 34 71 118 109 133 112 48 30 3 5 37 40 53 32 7 74 55 43 72 125 22 117 115 62 134 4 122 13 92 59 44 101 110 12 79 42 95 129 61 8 86 23 21 135 113 57 120 96 102 77 67 28 114 75 130 94 70 27 60 46 26 83 19 111 41 85 121 11 52 123 97 50 51 66 106 100 108 73 76 91 98 6 10 54 87 99 39 36 20 25 18 2 90 124 69 132 0 84 15 131 127 29 64 119 78 126 
TEST 3 ARG:4 64 98 57 29 121 2 120 31 47 23 137 34 52 38 82 113 65 105 110 59 115 86 48 11 106 124 80 36 114 56 77 50 7 112 39 73 100 45 93 53 62 129 5 51 14 19 107 66 63 79 43 12 21 42 30 71 119 10 102 3 135 15 111 1 41 8 127 68 61 109 40 58 78 60 18 67 69 122 72 90 55 99 91 22 26 89 116 88 95 13 134 132 83 84 97 16 81 101 0 49 130 131 126 94 24 108 104 25 85 96 75 27 54 133 46 44 17 92 28 9 20 123 32 136 128 125 87 6 35 33 76 70 37 74 118 103 117 
TEST 4 ARG:55 133 23 86 66 112 5 96 135 73 127 10 58 33 95 84 60 107 39 54 68 31 26 2 65 118 42 47 117 78 109 115 121 15 85 105 94 62 43 24 108 103 136 82 101 123 130 44 89 56 122 106 3 14 91 71 11 119 79 59 64 97 48 37 29 7 49 126 17 87 22 102 30 69 76 70 99 13 34 132 12 111 74 100 90 81 52 41 28 125 93 16 51 45 77 75 6 80 21 83 104 124 1 116 98 4 57 32 61 40 27 128 19 46 8 53 63 35 114 137 9 72 131 113 88 92 110 50 25 134 36 0 18 38 67 20 120 129 
TEST 3 ARG:127 21 22 43 10 0 90 131 98 71 125 88 59 37 23 128 119 117 40 133 13 38 25 66 75 93 27 76 107 2 106 99 49 112 124 100 54 36 135 122 57 92 80 17 74 87 79 69 67 44 101 30 16 62 102 34 115 77 28 72 82 32 68 56 5 48 11 7 19 111 51 114 53 83 108 136 55 109 29 86 94 70 105 73 42 15 123 130 4 41 58 138 95 63 45 132 120 20 103 9 104 116 47 97 113 12 110 84 129 126 118 65 134 14 46 61 121 3 85 31 35 50 24 81 64 6 18 137 52 96 78 8 26 60 91 39 1 89 33 
TEST 5 ARG:55 87 88 43 109 119 62 128 135 97 37 52 29 114 134 36 110 15 22 111 104 16 46 34 0 39 113 91 136 95 125 42 84 3 25 26 17 20 68 33 38 108 93 67 58 103 60 129 79 133 24 78 83 118 32 126 66 127 86 85 45 44 28 73 106 81 96 70 11 53 100 14 31 57 90 72 94 4 124 9 41 99 69 65 121 107 54 10 131 50 105 56 74 122 117 40 82 77 21 89 49 98 6 112 30 63 7 123 48 116 8 101 47 137 13 1 132 19 2 5 23 75 92 18 138 51 12 120 35 130 71 102 61 80 27 59 115 64 76 
TEST 1 ARG:51 105 37 104 41 96 4 135 6 90 19 35 11 22 50 3 136 77 114 67 39 48 98 115 73 97 109 91 45 46 62 93 70 56 125 126 76 92 14 71 127 52 2 129 117 79 72 108 64 124 120 38 18 95 128 82 118 40 16 10 139 47 134 106 55 8 33 140 60 102 94 17 83 110 26 133 119 36 7 0 27 111 113 112 34 74 25 23 12 78 123 28 80 24 121 63 30 21 31 13 66 138 43 53 44 9 65 42 99 54 137 107 69 88 131 1 5 101 132 89 61 87 68 20 57 85 15 84 100 122 86 116 49 75 58 59 29 130 32 81 103 
TEST 3 ARG:91 58 76 42 14 33 89 49 5 117 107 43 131 26 97 119 2 124 92 72 96 88 55 6 9 21 75 101 118 123 66 39 0 78 129 134 15 77 128 13 36 25 104 11 31 140 69 45 46 56 132 93 67 8 106 7 98 34 16 41 115 60 85 111 79 47 10 1 125 24 114 62 18 83 17 40 139 29 81 30 50 135 110 116 82 108 61 27 105 130 138 48 20 120 35 102 4 70 94 53 133 64 137 73 121 90 44 52 32 54 71 136 68 109 74 3 57 51 38 84 100 37 122 65 63 126 127 80 87 103 99 113 86 28 59 23 12 95 112 22 19 
TEST 4 ARG:65 113 62 66 38 61 10 72 4 85 106 137 87 130 90 109 77 71 31 93 23 57 19 125 20 36 88 58 37 81 132 84 34 15 128 92 45 104 133 91 78 118 42 126 1 18 17 117 47 56 80 35 64 21 12 94 111 24 54 136 52 103 13 3 79 32 100 131 123 14 107 98 139 116 16 76 30 67 70 33 68 27 89 5 22 6 55 97 74 129 7 120 8 99 39 28 101 122 48 73 82 11 134 46 95 49 138 135 40 127 43 60 102 121 2 119 110 9 63 50 25 51 59 115 96 41 108 69 83 44 124 114 105 53 0 112 75 26 140 86 29 
TEST 1 ARG:124 69 11 60 56 54 37 10 113 89 12 1 36 99 55 27 114 127 57 119 100 103 63 29 4 42 39 136 77 123 71 90 24 129 51 52 28 9 7 16 112 122 125 138 130 0 38 41 45 78 58 101 72 121 139 5 19 61 83 17 68 6 88 8 93 3 96 13 22 25 106 91 109 62 79 40 49 92 64 48 44 53 94 134 21 23 43 102 108 85 34 2 97 137 66 70 86 87 80 95 18 65 84 105 59 110 117 30 32 107 67 111 82 133 33 74 15 73 120 104 35 31 14 132 131 135 76 126 46 26 47 140 81 118 75 116 128 20 141 50 98 115 
TEST 2 ARG:3 104 71 22 136 70 98 30 17 103 8 0 93 68 97 59 101 4 105 85 29 102 31 54 138 61 49 92 27 112 9 81 40 125 65 56 134 44 118 67 13 45 77 63 96 107 57 130 86 78 7 14 76 133 11 64 1 80 132 82 109 121 110 129 119 88 87 72 21 60 36 137 89 50 52 117 33 47 73 124 91 141 79 127 51 74 46 53 15 41 10 84 34 69 19 48 100 38 37 113 6 90 25 35 128 23 28 32 135 2 39 62 83 115 26 94 99 5 20 116 106 66 95 122 123 18 58 131 120 55 111 139 140 75 108 114 43 24 16 126 42 12 
TEST 3 ARG:45 87 43 135 94 130 1 95 41 116 34 63 107 56 86 129 13 58 112 69 119 51 29 101 42 57 9 79 120 64 22 100 10 102 19 115 111 14 98 0 62 2 44 85 50 36 138 134 109 48 18 3 24 122 27 16 32 80 55 105 118 76 96 77 126 88 82 23 15 38 103 140 99 71 108 37 136 75 124 21 11 59 90 25 35 33 74 39 53 66 30 4 91 54 7 78 83 8 93 28 31 132 26 113 125 127 20 6 70 133 67 68 46 114 81 139 123 65 47 73 49 72 92 61 131 110 137 60 5 52 17 106 128 97 117 104 121 40 89 84 12 141 
TEST 5 ARG:51 33 100 68 50 121 90 8 94 115 64 74 32 141 71 124 102 72 3 44 6 12 34 31 114 107 45 92 40 89 116 80 101 39 127 9 18 11 20 65 4 106 28 105 77 2 66 30 13 38 43 82 46 58 7 108 52 17 98 86 36 104 122 35 55 19 26 29 56 70 73 117 118 112 76 132 109 49 110 113 139 137 75 0 67 62 91 99 54 135 133 48 128 57 63 25 125 27 95 111 78 85 14 88 97 81 79 134 103 131 47 24 37 138 42 61 53 129 87 1 22 130 41 136 15 96 23 120 5 10 16 84 69 119 140 93 83 60 21 59 123 126 
TEST 5 ARG:58 91 89 94 41 133 67 114 5 3 0 50 119 140 93 128 117 72 44 134 16 33 107 102 27 21 112 123 60 10 106 66 96 20 104 25 75 12 46 45 14 53 57 136 36 101 120 125 95 84 73 15 103 116 70 80 127 32 2 118 132 124 4 65 108 113 111 35 39 30 79 49 56 85 129 23 54 110 1 130 34 47 63 59 78 69 98 26 141 6 139 40 22 100 109 18 122 74 52 62 64 29 19 37 126 82 28 13 77 81 11 88 38 42 121 99 8 48 51 87 142 97 7 90 61 135 137 92 86 68 131 71 138 55 76 9 17 43 105 83 31 115 24 
TEST 1 ARG:123 103 91 49 3 137 96 39 9 18 4 90 118 92 129 105 141 45 128 56 124 59 77 6 48 115 27 67 116 32 16 34 12 1 127 81 50 98 120 110 122 51 7 52 65 107 40 136 8 99 102 61 85 14 78 142 44 22 87 130 111 21 104 17 119 109 60 38 73 54 5 83 11 93 80 84 89 132 70 30 112 133 2 15 68 62 53 82 131 55 121 43 106 26 86 100 13 71 35 113 33 25 23 20 134 126 28 74 58 64 42 135 47 114 19 125 37 97 88 139 63 69 108 72 101 94 66 76 95 0 10 117 143 24 31 75 57 79 36 41 29 138 46 140 
TEST 2 ARG:131 76 20 91 107 51 115 33 11 9 85 16 94 12 1 93 96 37 98 68 108 83 73 65 52 113 70 40 141 28 71 122 22 39 13 45 60 36 109 19 88 4 143 41 57 0 38 29 80 17 120 35 124 116 127 48 61 133 62 79 92 101 6 21 59 27 111 84 67 64 119 106 2 129 54 3 130 15 53 137 58 105 43 134 34 5 118 47 31 89 138 82 139 142 104 8 74 56 63 117 10 44 78 86 25 55 23 128 24 87 72 14 95 126 132 114 90 30 136 26 100 75 99 32 125 123 69 46 49 81 66 42 102 135 77 7 103 50 97 121 18 110 112 140 
TEST 4 ARG:20 48 17 54 127 140 25 22 101 55 41 136 29 91 11 85 121 103 104 63 76 118 138 105 16 44 0 97 83 142 107 93 84 120 32 19 14 113 39 15 64 67 38 35 46 5 74 71 143 42 61 135 96 128 10 73 45 1 60 129 116 7 133 18 62 95 86 56 57 8 28 125 117 72 92 59 50 109 27 137 52 77 131 119 70 112 111 94 6 13 110 106 132 49 98 36 114 23 80 100 130 51 12 26 69 66 65 68 134 40 126 99 90 88 122 78 141 37 2 108 34 53 31 58 81 4 30 89 43 24 124 9 115 87 33 139 82 21 123 102 79 3 47 75 
TEST 5 ARG:65 129 93 10 30 54 50 49 95 122 97 125 76 62 71 37 16 2 104 26 9 39 137 66 96 138 44 43 115 21 75 41 141 35 121 106 142 31 85 1 57 46 78 45 94 34 83 103 127 130 107 119 108 102 24 14 110 38 4 40 0 134 6 32 72 99 135 82 47 27 105 58 112 123 20 52 140 117 98 68 128 51 8 81 64 131 23 59 124 7 11 17 12 13 120 36 42 114 70 113 90 28 136 109 86 18 48 60 80 100 79 139 126 133 69 89 63 111 56 92 88 22 116 29 19 55 77 25 87 132 53 3 118 5 73 61 74 33 101 67 15 91 143 84 
TEST 1 ARG:61 92 54 105 84 117 142 20 94 41 69 100 10 32 124 79 103 80 51 31 128 88 48 138 129 19 44 85 87 60 108 18 26 39 91 25 143 17 109 24 3 122 21 102 133 78 64 112 59 135 29 127 101 14 125 53 12 37 50 9 141 22 77 93 73 62 96 56 71 42 140 38 111 16 89 144 126 131 66 15 132 114 43 45 46 63 104 123 121 83 27 97 13 139 5 120 136 6 86 58 57 68 81 30 28 137 23 55 36 35 40 134 8 11 33 52 67 99 95 113 7 116 1 2 90 70 75 119 106 34 72 115 49 0 47 110 118 65 98 4 74 76 82 107 130 
TEST 5 ARG:127 83 46 140 65 89 71 77 11 116 12 44 97 86 9 132 124 36 72 67 117 114 111 79 107 88 84 131 76 53 15 102 129 85 6 38 99 98 137 142 42 35 54 143 134 20 64 78 37 110 125 96 0 22 33 139 32 56 113 16 57 24 112 73 80 91 95 123 3 26 40 141 118 41 109 28 90 62 21 105 1 121 119 13 135 31 82 133 18 55 128 108 69 52 70 63 66 68 14 58 50 94 106 34 93 103 2 60 29 138 10 17 25 5 104 19 51 100 87 75 39 136 45 115 81 74 4 130 120 122 48 27 49 126 144 23 30 47 7 8 43 92 61 59 101 
TEST 1 ARG:69 123 82 124 71 9 24 100 58 22 30 21 53 138 93 31 136 74 125 97 102 73 47 142 17 54 15 7 95 111 76 46 3 121 62 43 14 83 19 78 127 99 72 64 98 16 59 119 87 4 85 130 84 137 63 50 48 108 33 110 106 52 145 11 42 41 49 60 26 40 103 56 134 109 143 55 27 129 39 114 113 12 51 36 67 120 57 101 104 66 139 8 107 133 10 132 94 128 6 81 115 91 65 13 140 37 61 28 105 68 126 23 29 112 79 2 70 45 44 32 144 80 5 96 25 135 118 117 34 89 38 77 88 35 116 141 75 122 18 20 90 131 0 86 1 92 
TEST 3 ARG:68 55 47 127 79 143 58 12 73 3 96 16 41 112 139 63 29 36 133 98 74 89 84 45 62 44 101 14 71 17 11 134 111 8 53 32 129 0 19 23 88 40 141 109 105 54 123 25 83 95 80 140 59 42 137 138 131 110 70 145 37 116 75 122 69 120 104 34 26 128 78 113 21 100 86 60 38 9 35 49 20 10 72 117 15 118 5 103 115 136 66 142 30 6 81 7 90 56 114 65 119 18 39 126 93 130 22 132 121 48 99 64 43 51 67 28 52 24 77 97 13 91 144 4 125 135 82 50 106 92 27 57 33 102 85 94 61 107 76 108 87 2 46 1 31 124 
TEST 4 ARG:23 120 67 132 15 122 85 95 112 83 92 12 81 58 43 133 99 48 134 87 40 28 61 17 75 33 111 62 8 137 18 16 52 97 102 47 2 93 49 6 124 126 113 31 73 78 20 115 106 116 135 34 80 22 7 76 91 138 145 19 94 5 121 107 66 35 0 127 63 4 64 130 39 41 119 70 90 59 89 139 37 128 42 51 57 79 104 68 118 9 26 69 129 88 46 30 11 114 10 105 141 56 98 101 44 84 54 53 136 77 27 125 103 140 96 143 38 55 82 45 72 74 131 24 3 21 36 110 29 25 65 109 123 50 1 144 60 108 142 100 32 71 14 86 117 13 
TEST 1 ARG:120 131 41 116 145 19 132 12 109 52 125 121 15 140 130 87 107 46 44 50 36 108 16 92 102 61 58 24 89 79 48 137 49 11 83 66 62 51 33 3 114 45 104 17 112 57 146 85 93 136 127 110 9 141 75 54 71 8 40 96 55 43 13 23 60 99 59 39 31 111 21 42 10 118 98 22 35 78 119 91 133 113 126 95 81 117 139 122 94 28 14 90 106 7 32 103 37 135 29 65 0 100 47 82 88 77 76 34 72 63 86 101 84 97 73 124 20 64 134 53 26 80 129 38 70 67 25 27 1 143 2 69 115 4 6 138 105 18 68 30 142 128 144 56 123 74 5 
TEST 1 ARG:61 31 82 96 27 26 2 83 84 73 133 87 53 134 48 35 13 62 4 66 86 9 118 51 143 139 145 124 142 70 12 130 119 93 5 114 88 19 18 23 126 8 123 129 45 108 40 67 92 131 74 21 43 56 1 98 16 112 60 55 37 99 39 63 49 102 80 10 109 85 117 132 38 30 137 64 59 135 106 105 50 41 77 116 115 44 78 121 113 0 136 24 100 57 32 122 7 103 69 94 147 54 72 146 6 141 22 110 11 47 97 128 25 46 33 15 91 65 71 29 68 125 42 120 14 76 36 107 20 79 90 95 17 58 140 144 81 138 34 75 101 28 89 3 52 127 104 111 
TEST 2 ARG:67 74 96 40 88 47 35 17 63 135 119 15 27 132 141 26 145 0 54 81 32 111 5 41 76 44 73 28 83 116 45 72 124 129 77 21 117 146 36 24 4 93 61 84 38 34 128 136 42 75 91 143 10 101 8 103 39 134 1 100 30 104 90 108 137 95 122 23 78 66 16 97 131 33 60 64 87 86 55 113 71 123 46 13 79 22 25 70 80 118 147 127 12 98 120 31 20 140 68 48 144 115 6 58 85 89 2 106 92 107 14 109 125 19 65 7 62 82 37 105 110 69 18 53 43 3 52 56 9 142 29 99 11 114 138 121 139 126 112 130 57 94 51 50 59 49 102 133 
TEST 3 ARG:9 45 21 139 62 74 35 46 142 121 53 130 48 89 14 84 50 82 119 83 36 124 49 69 132 110 58 147 29 70 22 33 103 64 75 32 55 97 136 141 80 93 5 102 115 116 79 127 3 143 117 126 47 146 23 87 125 31 122 128 18 120 61 105 27 28 99 140 72 108 26 134 12 8 39 10 94 67 41 20 145 113 118 57 129 51 81 77 106 138 34 4 37 59 15 101 42 95 24 131 104 123 133 88 73 13 38 11 107 76 78 112 43 91 52 71 96 1 111 98 109 56 66 135 19 60 7 17 137 0 2 16 63 92 44 6 54 100 30 114 68 90 40 65 86 25 85 144 
TEST 4 ARG:105 103 35 116 15 46 110 58 114 55 33 5 48 139 24 71 134 95 75 25 130 21 50 141 135 91 144 4 97 11 73 30 26 31 108 99 6 90 121 40 43 8 94 47 9 56 20 49 10 96 32 38 51 145 100 120 60 42 89 138 18 118 45 115 44 28 77 72 1 109 87 93 117 85 53 82 125 128 62 101 104 79 3 37 57 27 119 36 70 102 106 14 88 113 34 137 124 23 131 68 133 136 107 7 41 126 13 129 146 69 76 2 61 84 17 19 74 0 16 67 63 122 140 66 147 78 64 132 22 54 83 143 123 29 65 59 142 112 111 127 12 86 39 52 98 80 92 81 
TEST 5 ARG:42 44 53 61 91 41 136 96 68 8 123 4 11 115 120 27 63 62 118 17 87 114 6 47 65 132 13 5 138 144 60 127 39 135 30 86 131 100 59 2 78 26 102 28 67 36 50 1 146 66 89 12 37 130 98 119 82 126 21 85 56 88 80 81 58 69 51 139 23 55 73 24 142 43 10 19 72 145 40 34 14 52 133 79 124 70 77 121 101 107 25 3 141 83 134 64 84 18 22 7 140 95 147 29 71 32 20 92 111 49 35 16 46 0 75 129 90 57 110 94 9 93 48 116 122 45 128 76 113 15 97 74 108 109 106 112 105 143 125 137 99 54 38 33 148 31 103 104 117 
TEST 2 ARG:132 79 67 52 138 13 76 1 95 118 98 30 16 61 7 71 14 111 53 20 34 106 35 2 48 144 57 119 25 11 105 102 62 127 21 136 101 135 128 24 141 10 77 58 36 81 22 117 112 91 27 44 38 124 103 83 131 4 28 114 145 89 6 15 104 122 41 72 140 50 143 78 113 54 8 85 18 134 84 42 45 92 94 43 59 26 70 0 19 37 115 65 146 88 60 9 39 69 142 148 46 139 99 29 17 129 147 63 87 56 55 120 125 137 130 32 108 100 86 121 47 5 75 68 80 126 93 123 66 64 31 33 12 40 90 51 116 96 82 97 23 107 3 109 49 133 110 149 73 74 
TEST 5 ARG:95 66 99 44 105 29 85 27 109 72 2 143 133 81 1 120 77 87 32 75 92 96 140 100 97 145 111 113 48 36 31 20 22 52 138 123 101 79 90 80 42 60 137 51 125 62 116 130 83 78 121 9 4 58 11 148 124 93 70 17 63 15 118 98 34 26 6 88 41 129 110 7 131 122 24 139 23 115 68 57 119 33 132 28 104 103 8 89 107 12 142 47 45 59 18 102 147 56 112 10 117 135 74 126 46 114 39 136 3 71 38 61 69 5 94 84 40 14 49 149 64 141 108 67 106 86 43 144 54 134 73 146 13 21 82 50 91 128 53 0 127 55 19 35 76 16 37 25 65 30 
TEST 2 ARG:28 37 129 83 15 51 13 33 38 99 105 88 120 7 56 119 35 92 125 32 123 69 140 66 81 34 2 93 124 76 11 65 63 10 122 3 91 57 55 128 78 30 59 80 113 138 0 54 26 5 62 41 100 1 29 77 4 48 68 25 24 86 85 12 142 89 47 39 126 31 52 27 109 21 149 102 36 90 20 121 118 42 16 60 82 79 17 104 43 127 117 53 110 130 147 6 71 8 87 131 101 45 112 74 46 22 94 97 19 132 133 111 114 61 135 23 14 145 150 70 148 107 9 84 73 115 143 139 134 58 136 144 75 40 108 106 103 44 141 137 98 96 116 50 72 67 49 64 95 18 146 
TEST 3 ARG:66 5 147 51 15 86 145 84 48 75 121 37 103 65 24 136 129 128 9 143 12 131 130 81 109 26 100 148 125 33 132 16 52 78 144 50 138 59 17 92 41 46 137 69 150 90 74 49 53 70 42 117 8 62 61 36 88 76 80 127 1 60 40 31 91 13 114 79 58 112 102 72 73 34 110 119 94 20 134 35 115 122 67 39 18 105 22 3 98 140 82 101 43 146 23 68 126 104 93 97 32 7 108 55 83 120 6 123 57 54 21 89 38 30 19 4 139 77 10 118 141 85 71 99 56 149 107 95 124 87 116 0 96 47 113 11 63 28 106 44 2 64 27 14 111 25 29 133 135 45 142 
TEST 4 ARG:21 32 88 111 133 54 30 93 81 66 149 1 137 4 47 107 36 135 118 99 25 127 45 71 79 40 120 67 94 136 16 87 123 80 68 0 115 50 90 42 77 3 91 101 113 63 117 106 146 60 144 64 61 145 128 9 23 75 142 112 150 109 95 46 24 83 76 35 147 97 141 17 22 11 148 82 124 18 131 132 37 48 58 86 39 29 20 84 38 110 15 5 104 19 44 73 33 13 143 122 130 140 6 70 100 51 105 26 114 139 57 138 125 55 65 102 12 56 41 72 98 8 96 78 7 49 62 108 85 116 14 52 134 121 126 119 43 59 2 69 53 74 89 129 31 28 27 10 92 103 34 
TEST 5 ARG:67 73 18 83 148 60 138 66 7 147 30 120 84 99 89 40 62 50 68 52 72 137 33 142 108 86 25 65 54 112 69 27 43 81 51 48 124 131 128 78 145 130 150 2 122 90 132 24 101 127 103 95 149 1 76 47 143 15 114 10 16 39 97 125 20 9 31 87 8 121 96 64 141 5 111 3 19 98 57 102 37 61 136 134 58 21 77 135 74 140 123 44 45 71 42 88 92 4 46 11 146 17 105 119 56 115 36 117 126 82 12 35 38 109 106 116 28 118 93 94 29 23 49 0 6 107 79 104 59 110 41 139 14 70 26 63 32 34 13 113 100 80 129 22 85 133 91 144 75 55 53 
TEST 1 ARG:108 117 34 143 101 52 15 139 63 90 49 95 125 82 119 97 56 36 53 67 45 30 140 65 74 149 60 132 1 31 110 0 83 100 51 107 88 79 4 151 102 20 28 29 46 72 116 11 76 77 94 13 92 123 120 47 134 75 21 145 25 84 41 136 121 113 135 23 114 78 59 147 137 118 7 86 27 61 109 43 35 80 58 14 127 54 91 42 146 57 32 62 24 138 122 128 89 44 55 8 141 69 2 93 10 87 3 5 126 112 26 96 18 6 98 33 19 103 64 9 115 68 38 70 99 144 104 131 17 130 37 148 16 85 142 111 71 129 39 124 48 50 66 105 150 12 73 81 40 22 106 133 
TEST 2 ARG:19 74 149 76 63 83 142 41 94 86 134 37 27 55 11 43 129 124 35 120 70 140 57 135 100 25 62 141 84 93 33 91 87 72 133 56 68 130 21 3 126 101 95 4 144 145 28 53 81 110 151 115 108 138 59 97 139 77 107 136 23 128 22 122 1 67 8 30 150 15 125 46 106 102 9 78 105 16 148 96 42 137 109 58 13 12 61 34 116 65 146 24 54 143 69 123 127 113 38 80 39 51 114 20 103 71 73 31 52 98 104 0 85 7 10 111 50 99 49 5 32 147 66 2 112 47 36 79 75 131 64 92 121 18 90 29 40 26 119 88 117 6 14 89 45 48 44 17 82 132 118 60 
TEST 4 ARG:79 118 134 84 14 87 75 146 18 5 47 27 77 35 55 30 101 38 88 61 3 131 108 9 37 99 64 58 69 123 132 0 29 144 129 96 150 67 43 44 41 127 133 60 8 40 130 1 32 48 70 148 145 21 51 124 98 56 93 11 121 22 59 73 65 6 105 136 95 114 97 143 102 106 68 50 89 91 57 45 62 90 140 110 42 82 17 25 52 103 76 109 135 19 107 2 31 117 83 115 92 138 126 34 72 36 149 80 4 86 54 7 10 74 116 122 78 20 119 104 13 113 33 28 46 53 81 24 137 111 142 139 94 125 112 23 141 151 85 39 128 100 12 49 71 15 63 147 120 66 26 16 
TEST 3 ARG:117 99 148 80 120 20 104 13 1 123 57 137 5 30 151 29 135 129 141 28 86 122 9 41 133 27 90 138 88 31 68 10 82 37 119 115 116 97 2 149 96 70 101 140 55 25 47 150 95 89 71 63 131 65 22 0 42 105 79 52 73 87 145 51 38 75 60 50 152 143 18 98 111 4 40 36 59 78 26 77 45 56 110 132 124 3 121 128 67 92 108 85 118 21 94 109 6 113 35 16 53 66 48 39 76 8 125 62 146 126 14 17 23 72 44 147 19 49 83 15 46 24 34 43 142 11 144 93 91 69 32 139 103 107 7 54 100 58 12 33 61 134 84 74 136 114 64 130 106 112 81 127 102 
TEST 4 ARG:28 46 4 1 20 62 78 146 6 152 128 48 92 15 10 126 8 98 127 79 13 61 82 23 74 36 26 133 112 130 102 3 83 5 104 40 34 109 140 85 68 86 121 95 122 136 21 52 96 94 38 111 39 148 73 100 124 101 147 132 55 134 37 12 59 93 125 47 9 115 22 87 88 24 105 72 65 143 51 81 97 120 107 19 35 56 11 99 103 118 42 54 106 119 53 144 117 142 76 141 25 17 16 137 33 31 67 116 91 150 64 139 14 151 60 114 80 2 71 129 27 63 32 50 149 131 108 57 29 30 75 41 135 7 66 58 138 123 0 145 69 43 110 113 77 70 45 49 44 90 18 84 89 
TEST 5 ARG:54 138 108 64 50 62 110 32 123 30 112 90 128 152 101 99 85 66 21 114 118 131 71 103 13 109 104 82 68 80 106 51 113 60 56 122 81 126 26 134 58 144 11 143 129 141 100 111 52 39 41 75 36 93 10 102 70 146 24 83 147 87 25 1 8 88 95 63 139 135 9 150 133 130 121 48 142 132 105 23 97 37 49 4 15 140 22 57 27 18 153 77 7 145 91 117 28 92 149 17 6 35 47 5 148 115 107 98 14 125 34 55 89 84 151 2 72 86 38 127 79 40 69 59 94 65 44 42 29 16 61 119 3 19 137 45 136 31 33 12 46 96 120 78 116 0 76 20 43 74 67 73 53 124 
TEST 4 ARG:92 57 104 96 149 141 71 115 117 40 143 99 14 90 74 86 38 119 15 59 20 94 50 77 142 62 120 16 85 97 51 87 6 107 76 49 37 2 8 25 9 34 44 11 39 65 101 64 131 12 52 105 116 150 79 54 151 102 10 42 129 100 138 73 145 22 35 13 132 84 144 17 5 46 123 111 75 36 67 70 121 139 47 28 118 29 23 58 0 19 98 45 83 78 124 32 134 88 108 27 33 109 140 135 60 130 93 80 18 95 43 30 91 136 82 89 114 127 147 55 72 3 110 69 63 128 153 56 146 137 31 24 133 126 106 81 26 41 125 122 148 61 66 152 68 103 53 112 21 48 7 4 1 113 154 
TEST 5 ARG:18 84 44 60 118 21 89 29 128 82 78 10 79 125 113 134 149 62 59 121 97 91 115 17 85 38 122 13 152 73 94 47 5 3 61 117 86 50 102 54 58 104 77 66 71 114 119 131 45 49 33 2 6 7 88 67 24 123 98 110 36 130 43 129 103 56 0 69 34 137 105 32 20 37 83 63 76 8 138 42 53 19 140 23 108 147 146 143 127 81 30 9 74 95 90 22 70 100 41 96 120 65 46 14 52 139 31 144 107 151 106 80 133 153 112 154 126 99 16 15 55 72 75 101 150 40 136 93 116 64 111 148 141 92 109 12 142 145 4 87 48 51 57 1 27 35 11 135 26 68 39 124 28 132 25 
TEST 1 ARG:2 121 9 109 24 115 145 61 87 71 122 63 98 100 46 82 68 28 19 152 1 119 53 88 84 35 124 144 111 54 93 64 34 67 97 123 40 8 143 89 91 106 41 51 138 77 102 6 65 15 69 55 22 11 136 120 58 36 117 66 43 16 32 49 30 3 45 44 70 128 21 94 113 48 153 96 13 39 139 76 127 47 17 140 7 137 134 146 0 79 110 149 104 108 141 103 14 83 50 86 29 135 72 92 10 52 4 74 20 154 116 99 147 59 132 114 73 129 155 31 25 107 27 80 56 12 125 142 23 148 131 105 112 37 60 57 95 62 90 81 151 126 18 101 130 75 5 42 133 26 78 85 118 33 150 38 
TEST 2 ARG:42 62 87 104 50 114 132 3 119 61 133 78 141 54 79 99 21 100 68 75 93 138 120 101 109 30 8 28 124 40 47 18 125 52 26 127 150 0 16 146 136 55 2 69 129 143 130 148 72 1 71 142 31 145 117 73 108 49 155 126 95 57 111 131 51 106 60 147 80 86 115 97 5 121 137 20 92 74 38 152 63 4 37 29 70 66 140 94 153 64 48 135 144 116 123 12 76 89 9 65 45 43 151 24 35 139 36 15 84 19 17 11 90 85 41 39 112 102 10 113 103 98 134 56 44 149 27 67 154 122 33 46 107 13 110 81 14 59 34 22 32 6 53 118 7 91 77 23 128 82 96 88 25 58 105 83 
TEST 4 ARG:41 155 71 139 142 87 115 128 100 102 40 94 1 0 147 153 76 138 31 77 98 61 134 54 3 6 110 38 26 79 66 121 70 47 146 58 18 68 7 17 60 137 117 67 152 52 99 151 149 62 32 136 5 29 42 116 109 107 75 20 13 97 56 143 106 45 86 46 120 104 140 154 9 118 15 8 27 4 88 126 122 50 83 148 111 30 51 11 91 123 43 80 141 85 39 14 73 22 112 19 53 21 81 114 90 105 37 129 130 72 63 65 124 33 132 89 144 16 74 93 55 101 133 96 131 103 57 150 34 36 125 92 108 28 145 113 69 10 119 59 23 48 95 49 44 64 35 12 2 24 82 135 78 84 127 25 
TEST 5 ARG:2 76 143 149 77 68 66 128 28 123 87 100 153 59 137 88 38 92 5 82 118 105 19 140 44 58 79 86 69 148 52 51 150 13 23 84 61 56 94 31 39 138 36 8 80 18 33 90 12 73 11 21 112 37 63 107 115 119 1 43 130 133 83 48 151 122 136 15 147 135 24 93 97 155 108 3 129 127 91 103 9 125 40 53 75 109 116 20 55 78 98 34 117 131 96 85 70 60 120 132 50 4 45 0 110 154 30 81 35 67 26 62 99 146 144 27 106 111 121 54 71 104 10 141 72 22 32 7 29 126 25 95 57 113 102 14 6 134 114 49 42 101 17 152 65 46 139 64 124 41 142 145 47 16 89 74 
TEST 1 ARG:79 3 81 45 51 90 6 53 133 31 30 24 56 131 122 152 138 44 40 69 87 105 104 23 22 55 111 19 129 61 15 0 127 4 62 86 73 88 99 84 151 130 82 135 103 26 147 92 121 13 33 148 71 115 100 110 108 50 39 83 5 2 97 80 142 143 153 8 117 94 59 134 20 118 76 17 101 48 155 107 68 85 57 72 128 119 156 14 18 32 25 109 21 140 16 77 150 27 93 9 65 123 124 7 36 63 96 116 52 12 112 75 137 1 144 95 78 136 41 98 70 47 106 49 58 126 74 54 64 113 38 43 154 89 91 149 66 132 139 42 114 146 10 67 34 120 125 37 46 60 145 11 102 28 35 29 141 
TEST 2 ARG:68 63 12 127 7 24 155 80 109 120 125 27 86 74 79 31 97 103 75 91 154 116 107 72 5 37 88 147 136 145 9 143 98 22 87 89 85 76 139 153 82 2 0 83 3 61 94 10 102 48 44 156 67 14 30 108 47 39 49 55 57 111 105 93 110 29 20 32 124 35 53 134 142 52 41 43 141 13 151 54 8 1 101 138 4 62 66 106 69 59 137 11 149 130 73 131 152 16 113 50 45 18 100 148 70 135 144 114 42 121 56 6 96 133 104 51 71 21 25 33 28 58 19 81 117 128 122 60 140 115 126 92 38 46 34 15 26 84 95 40 129 112 64 146 78 77 123 99 150 36 65 132 90 118 119 17 23 
TEST 3 ARG:81 8 39 124 55 2 20 101 115 54 12 47 61 110 77 69 16 143 42 34 144 119 150 35 103 30 10 18 135 14 148 44 60 132 63 64 84 92 151 154 83 74 51 80 23 112 102 48 17 141 52 116 142 71 31 114 73 109 90 9 36 129 26 82 5 97 147 136 19 117 155 79 22 111 121 131 59 139 108 153 37 25 146 113 13 41 72 152 38 65 125 95 85 87 4 138 57 140 93 127 89 128 70 145 78 58 105 118 56 15 28 46 98 86 33 122 68 76 29 62 104 32 107 94 3 99 40 100 156 96 66 120 1 21 27 106 67 126 130 53 7 49 91 50 43 134 88 149 24 0 6 123 11 133 75 137 45 
TEST 1 ARG:55 104 7 65 118 148 46 151 43 37 41 91 30 67 83 90 24 17 81 140 143 124 122 72 129 49 155 103 32 71 5 53 25 147 27 15 123 38 96 50 66 117 80 132 87 128 6 2 94 12 142 100 52 88 76 31 36 107 56 86 75 29 133 99 157 62 156 78 84 144 115 136 130 10 11 113 4 139 126 13 19 18 102 69 35 23 61 138 44 112 54 150 89 82 59 98 58 125 141 33 3 77 48 0 21 22 95 116 14 51 34 73 149 16 120 121 154 20 1 97 63 109 79 127 47 152 146 57 8 101 153 108 9 39 28 137 110 119 64 111 93 26 74 92 70 131 106 145 85 68 42 135 40 134 105 45 114 60 
TEST 5 ARG:46 96 48 153 12 97 122 60 106 130 25 62 129 11 40 157 37 84 1 154 131 136 107 8 104 134 68 51 90 23 147 141 143 57 47 65 89 135 148 79 114 110 87 72 142 39 16 9 34 138 113 124 56 3 26 59 137 63 93 101 32 70 43 92 94 156 67 33 91 61 10 28 115 42 133 76 18 83 58 55 155 2 150 64 36 21 44 4 24 102 140 80 120 112 52 146 69 123 20 119 139 19 128 49 121 125 109 50 152 22 81 145 77 31 151 118 144 53 45 98 149 85 17 35 82 88 30 95 117 127 105 15 103 27 111 126 75 100 108 74 116 41 71 14 7 54 5 99 6 29 73 0 86 78 66 13 132 38 
TEST 1 ARG:79 28 91 133 107 50 25 11 62 126 103 120 146 51 30 144 77 38 78 57 65 94 139 83 29 71 148 122 34 5 147 92 49 24 3 59 101 12 0 66 106 7 32 151 61 74 36 33 46 80 4 130 95 131 98 15 156 58 23 31 129 97 118 14 85 137 111 127 9 128 1 72 47 117 125 124 48 35 121 45 105 82 52 108 21 152 136 26 154 13 153 75 114 53 138 150 63 109 132 2 140 64 10 135 149 18 123 143 116 40 142 20 134 43 99 84 55 81 42 110 113 90 88 8 17 112 102 93 60 22 37 157 41 96 145 70 67 89 104 155 100 87 68 76 44 158 27 6 119 69 54 39 115 19 141 16 56 73 86 
TEST 5 ARG:87 5 74 145 157 146 40 98 108 27 122 150 10 149 132 20 78 79 129 3 16 75 118 13 33 140 95 156 111 147 80 117 134 73 15 25 14 130 81 49 135 82 151 54 44 32 97 34 38 52 1 142 115 83 90 67 84 8 9 7 24 51 39 29 138 120 26 153 48 46 65 76 103 37 62 21 99 119 68 113 123 93 72 23 71 86 131 102 41 126 100 22 136 45 154 19 139 127 58 91 124 30 18 137 17 59 143 2 125 133 152 105 96 43 12 61 128 4 35 141 158 66 110 64 155 31 94 50 144 55 56 77 60 112 101 114 106 36 104 11 70 69 85 47 42 92 121 89 57 63 148 107 0 88 6 116 109 53 28 
TEST 2 ARG:134 24 31 70 132 69 99 100 8 18 19 146 124 87 114 155 98 136 54 120 40 17 81 139 42 62 142 119 86 35 154 128 29 74 84 71 61 159 92 13 0 51 20 44 25 83 145 55 48 57 90 101 53 88 104 30 79 45 23 6 115 49 2 144 113 50 47 78 12 75 56 34 26 7 91 36 156 93 63 95 60 94 140 41 77 1 151 5 28 150 116 126 38 103 107 122 76 46 105 82 102 112 33 141 125 129 32 135 43 127 117 157 147 158 37 68 89 106 97 27 148 137 64 10 16 11 152 59 73 67 14 66 58 131 133 123 110 65 72 121 111 4 143 3 85 96 108 80 15 109 153 149 9 21 130 138 118 22 52 39 
TEST 5 ARG:37 80 105 35 128 2 138 98 99 130 72 97 10 36 104 64 16 39 50 73 76 8 61 6 119 101 115 5 34 100 62 87 56 55 151 45 107 20 106 112 1 44 43 79 102 86 13 103 66 19 33 94 18 58 3 146 48 136 116 139 0 113 31 51 143 81 78 159 153 32 75 49 14 121 142 29 54 135 158 70 15 124 23 91 41 11 77 149 85 157 108 42 133 96 83 9 89 156 126 47 17 122 63 129 95 110 155 111 82 28 132 137 152 118 74 145 30 154 46 52 57 53 60 38 148 24 125 117 40 90 127 131 68 144 114 123 88 120 4 67 141 134 26 25 93 21 150 71 69 92 109 84 140 27 7 12 147 59 22 65 
TEST 4 ARG:117 90 40 23 134 46 39 37 146 137 21 32 41 51 72 73 69 33 150 93 62 56 92 144 105 54 142 77 136 127 107 95 154 130 158 111 8 38 29 48 153 75 43 126 155 94 103 30 151 138 26 145 64 12 160 85 83 19 125 110 96 6 63 79 10 1 86 135 17 71 27 49 65 47 159 4 82 119 24 68 148 76 80 78 15 3 129 7 25 61 14 139 9 2 109 58 59 99 157 42 122 102 20 84 128 55 147 152 131 132 108 140 11 34 106 112 67 50 97 115 98 104 18 81 149 31 101 44 22 45 113 74 13 66 141 87 133 89 52 121 114 5 0 53 35 124 70 88 123 118 91 28 120 143 16 57 100 156 60 116 36 
TEST 2 ARG:68 96 122 72 157 30 62 5 37 149 3 47 103 161 126 82 88 92 90 65 123 113 69 63 79 84 29 23 150 89 9 52 26 46 75 158 99 77 139 44 70 91 130 112 57 119 2 141 71 85 151 133 110 45 39 33 124 38 116 21 80 11 24 100 67 36 159 48 148 10 35 54 14 12 61 135 22 144 81 95 40 131 8 0 137 66 105 60 51 43 115 111 6 132 34 28 97 1 153 73 64 125 16 4 134 142 86 20 109 56 101 27 87 104 78 32 93 13 118 140 108 7 53 19 143 147 136 145 156 59 41 74 146 55 94 129 83 117 152 107 160 128 127 102 120 106 31 25 49 15 58 76 42 17 98 18 50 155 154 121 138 114 
TEST 2 ARG:37 27 51 1 78 99 157 94 65 55 154 68 2 75 106 14 47 101 147 22 145 11 152 18 62 92 60 3 162 132 160 139 21 155 113 38 59 74 13 107 97 136 5 44 102 151 96 73 54 124 161 64 127 115 138 71 15 84 6 67 45 58 143 125 7 61 82 41 118 142 148 17 70 46 20 111 0 149 133 76 116 109 93 140 90 25 39 77 87 72 122 83 126 110 119 95 66 130 131 33 141 48 104 43 100 129 34 135 85 81 26 10 153 63 31 86 36 105 69 23 156 112 56 24 42 4 16 53 103 52 123 98 19 49 79 120 30 144 88 91 134 121 29 57 114 146 108 117 12 128 28 158 8 89 150 50 40 32 9 35 80 159 137 
TEST 3 ARG:121 26 142 80 136 16 100 32 31 159 110 41 102 141 21 84 150 61 127 85 52 144 69 161 18 123 139 22 3 158 117 65 13 149 38 30 51 39 156 64 101 1 34 55 9 20 53 35 81 108 37 73 125 87 46 68 128 5 129 10 15 90 106 66 63 131 57 122 12 105 70 48 43 153 111 94 78 119 86 89 17 0 77 140 113 93 50 71 145 130 99 135 33 115 146 143 6 92 107 82 124 98 75 132 67 58 138 7 62 29 47 42 152 76 24 54 79 60 59 162 72 36 97 14 49 160 4 109 157 23 25 8 88 2 103 44 134 133 147 40 137 155 56 114 28 120 45 96 19 104 112 83 74 116 126 118 11 91 148 151 95 154 27 
TEST 1 ARG:92 150 131 36 160 44 7 68 6 119 127 114 21 58 75 98 32 110 118 116 143 76 157 163 48 94 161 53 31 16 38 59 19 136 91 104 64 54 27 86 4 5 67 90 3 81 89 73 132 70 133 100 156 149 2 62 18 47 154 17 41 25 20 45 111 134 85 14 40 30 78 152 12 39 87 72 123 66 101 120 0 10 80 95 162 9 121 69 55 96 144 117 129 130 52 11 93 37 61 46 137 15 57 106 56 105 82 79 74 99 83 23 28 151 124 147 122 103 107 145 71 141 142 102 158 88 159 1 35 63 112 139 65 153 135 108 60 26 84 50 125 33 13 109 146 43 51 22 113 115 42 140 148 24 128 29 97 49 138 155 8 77 34 126 
TEST 3 ARG:114 84 144 30 124 62 20 132 64 17 81 40 143 136 153 5 34 107 51 133 27 149 10 78 140 87 9 101 52 134 79 104 18 36 155 99 157 14 48 129 118 158 95 147 46 82 145 161 57 121 32 116 97 22 68 108 150 73 76 45 56 63 25 100 39 128 102 115 135 90 151 60 61 105 28 1 11 91 69 119 15 12 110 112 139 41 4 141 89 3 94 55 66 156 127 138 96 59 148 50 7 113 19 93 146 109 126 152 0 2 37 159 24 70 111 43 65 49 120 71 67 6 26 23 122 131 13 38 16 77 106 35 75 8 86 74 21 163 54 85 58 83 72 130 88 103 92 44 80 142 29 160 31 123 53 98 162 154 42 33 47 125 117 137 
TEST 4 ARG:30 49 90 95 42 62 34 4 91 68 103 29 71 6 15 156 21 97 85 143 157 63 126 48 104 26 3 13 67 56 19 147 72 112 120 153 111 0 38 96 116 8 105 79 9 78 57 158 75 46 69 110 81 76 41 159 107 130 99 80 140 125 114 113 77 83 59 101 142 129 145 44 61 20 123 109 135 133 150 40 82 55 14 141 89 106 7 64 73 108 136 12 32 86 94 58 23 50 102 54 163 93 162 127 139 118 47 36 31 25 39 53 2 121 35 24 119 132 131 51 128 11 60 124 160 144 137 92 17 43 84 65 154 115 66 138 151 74 98 10 87 45 134 155 18 149 28 100 161 37 148 70 122 1 146 52 22 27 117 88 5 16 152 33 
TEST 5 ARG:17 31 104 71 2 78 145 153 87 63 155 73 0 156 149 68 103 33 100 30 162 19 115 133 138 90 128 48 62 16 113 50 29 130 46 137 54 61 58 5 75 83 13 107 40 23 22 69 161 89 32 74 101 72 154 135 116 67 119 160 117 99 20 4 125 59 14 96 39 152 65 11 139 44 77 143 148 127 1 8 150 114 41 70 49 42 52 121 12 84 91 122 80 27 132 9 157 98 25 144 97 57 76 112 92 124 85 140 120 151 93 95 134 21 88 131 158 43 15 7 136 86 34 102 123 142 28 111 81 108 109 129 45 51 94 10 60 36 106 53 35 3 159 37 110 64 82 24 55 163 38 141 105 56 47 118 26 126 6 147 146 66 79 18 
TEST 1 ARG:60 61 68 56 149 141 119 37 121 76 133 155 33 103 25 26 32 7 144 4 40 72 112 111 129 150 29 122 93 146 113 102 118 94 24 2 59 86 45 35 10 97 27 57 104 84 108 85 70 54 5 98 69 115 101 58 17 31 42 131 142 71 22 15 159 23 66 21 65 95 41 36 160 139 92 143 74 3 151 162 82 78 125 52 34 62 109 20 80 19 89 158 48 64 123 30 148 75 73 157 124 43 18 38 39 83 132 8 164 14 156 13 117 147 90 106 126 11 51 28 79 152 47 99 53 161 163 145 140 91 55 120 154 49 1 100 81 9 46 67 134 12 44 77 110 16 0 116 138 135 50 128 96 87 127 114 136 6 105 63 130 88 137 107 153 
TEST 2 ARG:93 97 79 99 136 102 21 62 23 30 147 129 107 155 37 137 76 11 12 55 124 2 163 74 18 53 58 3 128 82 140 71 15 125 39 104 77 24 14 27 66 32 5 90 54 115 8 112 116 84 70 69 9 153 64 65 123 144 0 110 45 20 78 10 95 52 150 91 103 159 98 131 151 119 19 63 73 101 25 158 44 157 1 89 28 86 160 145 38 114 67 126 149 120 60 47 43 134 59 111 61 135 117 162 143 85 40 72 41 16 6 138 83 142 139 81 50 68 122 31 96 109 36 49 105 141 113 146 17 48 7 161 152 13 108 106 26 133 87 80 121 34 148 35 42 57 29 4 75 33 51 156 56 154 46 94 132 92 164 88 118 130 127 22 100 
TEST 3 ARG:17 11 124 160 119 140 77 1 84 50 19 35 143 55 47 68 87 64 112 74 51 62 53 101 155 31 86 81 127 100 108 76 109 6 20 137 75 116 89 15 13 146 80 90 12 49 110 43 65 85 23 139 28 29 144 150 48 69 10 57 45 107 0 145 93 99 78 97 126 141 40 36 73 151 27 46 82 121 128 153 96 142 117 38 136 162 22 111 44 148 102 114 54 98 138 159 58 134 163 26 59 125 30 106 71 83 37 2 24 14 56 32 115 21 5 3 105 152 63 161 149 34 9 118 156 113 42 104 123 157 60 94 41 135 8 52 147 25 132 70 133 91 66 61 79 88 33 154 103 67 131 164 120 16 7 4 72 39 92 129 95 130 18 122 158 
TEST 5 ARG:58 91 9 104 37 92 55 153 57 87 123 128 108 41 79 73 89 152 8 97 137 159 65 145 161 62 22 19 88 118 78 48 30 68 49 61 90 163 102 16 31 146 13 76 56 4 1 109 136 70 44 101 26 67 135 5 100 95 36 141 66 147 130 80 86 3 59 38 28 154 39 151 157 10 142 127 107 133 103 121 150 117 124 72 116 69 77 115 164 0 84 112 93 40 2 106 46 111 131 25 119 21 155 138 110 50 160 60 18 42 75 113 34 126 7 27 14 54 35 29 32 94 144 156 105 134 158 139 53 12 45 23 129 148 140 74 17 51 47 63 81 83 24 125 6 15 71 85 114 162 33 20 82 64 149 132 120 98 96 43 99 122 11 143 52 
TEST 1 ARG:98 36 149 147 76 103 115 118 139 112 142 120 5 104 143 8 157 81 48 72 13 65 31 125 155 140 42 123 102 32 107 116 23 6 63 83 90 131 146 82 70 94 119 66 19 62 135 84 78 61 113 99 7 58 162 156 105 27 47 97 165 136 9 30 12 148 110 152 124 21 137 138 106 134 151 145 49 14 91 17 44 150 0 114 53 96 127 38 85 2 52 22 133 111 43 40 159 128 144 164 41 92 60 20 73 18 117 16 37 89 71 35 87 50 130 86 29 67 88 80 93 15 69 1 141 64 163 59 154 158 57 160 68 100 74 129 75 79 132 126 33 34 10 55 54 101 153 4 3 51 25 122 95 45 77 39 11 26 56 28 109 46 161 108 24 121 
TEST 3 ARG:150 66 34 122 75 61 99 127 55 58 136 84 145 165 121 125 135 100 18 141 52 82 3 101 159 86 32 44 139 131 128 153 163 47 85 22 133 20 25 48 64 120 59 116 129 78 2 104 91 147 115 109 92 132 156 62 28 155 27 56 67 60 15 29 130 73 148 37 83 152 0 9 31 76 43 80 79 103 65 68 117 69 10 12 93 138 16 51 33 35 111 72 134 7 49 94 107 154 90 45 113 88 71 151 97 50 124 119 13 96 77 105 123 21 30 24 8 95 53 98 160 26 143 110 6 54 81 23 70 149 118 11 17 39 36 41 146 46 38 142 5 106 126 137 112 144 42 74 40 1 57 140 158 164 14 87 102 63 162 157 89 114 4 19 108 161 
TEST 5 ARG:39 118 86 4 33 45 93 154 102 150 15 66 137 44 83 142 89 146 57 23 72 84 131 64 46 164 120 112 5 159 156 113 141 60 21 8 31 124 117 42 37 127 18 16 63 121 123 129 3 30 105 152 157 94 144 116 119 109 133 99 125 165 51 115 25 90 103 34 122 110 108 162 95 27 68 10 32 130 149 148 153 82 128 80 47 114 151 161 163 41 139 52 71 55 92 38 77 26 6 132 40 160 62 145 36 14 61 104 50 13 28 96 136 97 76 19 81 88 79 107 85 100 12 69 56 78 147 158 98 138 67 91 20 1 111 0 58 22 24 65 70 74 29 11 49 54 17 59 2 140 75 101 143 35 48 43 87 73 9 7 53 126 155 135 106 134 
TEST 1 ARG:105 165 144 14 75 147 21 45 156 143 40 148 160 26 25 155 151 104 42 58 33 19 53 85 56 103 161 88 84 47 91 65 76 15 50 48 159 67 114 52 113 20 39 35 63 141 120 146 163 106 131 24 101 55 6 43 93 4 0 68 130 109 108 98 57 87 134 137 79 121 31 73 145 139 127 112 133 44 29 115 61 28 32 41 23 51 92 5 18 157 70 66 22 59 38 64 99 123 154 81 13 62 80 27 34 89 9 152 102 138 153 95 3 36 107 2 97 71 149 125 135 37 117 126 82 16 118 54 100 72 30 111 11 78 12 129 83 86 122 166 74 136 94 158 49 140 150 46 142 128 119 162 110 8 164 17 69 124 1 10 90 96 132 7 60 77 116 
TEST 3 ARG:144 86 56 28 11 122 73 108 59 149 53 42 166 65 47 5 119 140 121 157 29 104 152 41 125 96 95 20 74 139 57 163 93 84 40 145 12 13 64 101 158 130 62 131 78 154 85 46 91 80 9 22 63 38 6 147 0 26 129 94 10 18 2 141 67 37 49 15 114 55 27 72 17 35 24 58 112 107 92 133 71 31 148 105 150 81 151 155 7 14 39 143 160 50 48 36 124 45 23 32 120 165 106 76 34 98 33 110 159 51 1 30 99 118 113 54 127 156 44 128 126 138 100 109 83 52 82 43 134 16 90 3 116 69 117 21 70 68 87 61 115 25 88 97 123 162 89 77 66 8 102 103 132 146 161 142 135 19 60 153 137 164 136 111 4 79 75 
TEST 4 ARG:14 63 21 25 1 120 78 149 125 82 72 32 89 58 135 108 85 4 103 118 23 3 39 165 28 35 77 116 99 128 112 57 137 11 66 53 147 69 142 71 9 102 150 31 119 5 143 54 50 93 101 67 115 130 37 61 88 40 60 98 65 111 157 81 87 10 105 46 34 80 160 17 68 131 79 26 141 15 19 13 20 124 2 48 49 73 42 104 138 129 100 29 7 52 91 163 43 136 38 22 113 153 166 92 159 94 75 133 36 162 161 27 154 86 121 55 44 132 152 156 45 76 114 62 139 0 144 33 158 56 107 41 24 117 59 109 123 6 83 12 140 70 96 90 122 84 97 8 74 30 47 110 151 126 145 134 51 16 18 64 95 164 146 106 127 155 148 
TEST 5 ARG:133 85 76 38 138 72 156 111 82 61 20 70 86 49 113 36 132 39 131 154 22 91 79 14 3 40 165 143 68 93 75 54 44 52 110 120 144 58 26 140 92 164 74 51 103 57 159 121 95 69 65 118 116 55 71 158 105 59 66 10 46 153 129 11 87 17 84 162 124 53 77 161 28 163 60 137 90 139 6 64 146 29 114 96 1 145 135 107 134 78 160 0 16 62 94 166 97 48 101 41 141 81 152 63 119 33 89 83 9 27 125 31 23 99 100 45 47 128 25 32 35 147 37 122 18 5 136 42 130 112 127 73 56 19 98 80 123 142 148 12 155 34 7 157 115 108 109 15 102 117 30 126 104 21 151 149 24 150 8 13 50 4 88 2 106 43 67 
TEST 2 ARG:88 45 149 75 140 62 131 135 58 73 63 44 111 72 1 100 5 30 141 122 93 82 163 25 51 119 38 18 130 92 22 65 76 26 32 132 59 134 61 46 127 107 13 162 152 39 116 165 15 121 154 147 139 56 34 54 83 98 68 67 35 143 115 48 77 79 53 125 19 142 52 3 137 55 110 144 86 78 87 157 96 97 106 11 49 6 31 146 120 85 8 57 113 102 7 43 64 123 95 103 16 66 41 105 70 151 118 161 81 37 155 10 104 4 164 60 12 33 91 167 80 108 109 84 69 40 150 47 166 159 42 71 153 136 124 9 126 14 114 29 36 160 0 156 117 133 128 158 20 23 90 28 89 74 145 24 138 27 129 50 112 2 94 17 148 99 101 21 
TEST 1 ARG:70 91 83 84 68 25 102 161 113 42 129 45 7 39 135 58 31 59 63 115 60 73 127 33 104 62 72 105 162 71 88 90 50 86 77 154 48 35 96 98 138 76 41 130 136 75 38 159 125 32 29 1 52 146 167 131 9 121 43 160 118 4 49 112 92 79 10 142 108 144 74 65 89 140 61 151 53 101 17 30 143 99 26 51 150 8 47 85 124 19 11 134 123 28 81 13 122 103 36 166 107 155 128 64 145 66 110 152 46 106 37 87 22 148 111 137 114 132 55 16 21 147 157 24 18 153 23 34 15 57 165 54 126 14 95 56 139 12 116 133 93 163 40 141 156 69 117 158 109 100 0 119 6 97 149 27 164 3 168 82 120 2 20 5 67 94 78 44 80 
TEST 2 ARG:120 5 108 146 148 16 48 23 140 127 78 6 58 107 158 131 110 119 99 112 133 104 76 63 19 72 160 17 4 31 97 132 168 111 167 77 26 106 60 145 86 87 101 55 50 113 83 18 163 62 155 90 41 35 166 61 152 39 92 65 9 69 105 150 11 71 32 114 25 59 52 67 44 7 89 139 36 164 81 138 95 46 82 142 68 141 54 157 124 135 136 80 24 53 115 56 45 162 91 8 30 147 130 134 151 1 2 96 118 57 40 117 129 165 79 21 64 159 137 98 13 121 126 103 125 70 12 10 66 43 123 15 49 102 128 161 122 84 14 116 143 47 34 3 37 75 33 42 0 149 20 85 154 38 100 109 29 22 73 94 144 51 156 74 93 88 27 153 28 
TEST 1 ARG:44 47 137 35 23 96 136 77 48 62 169 107 34 167 19 0 94 164 45 55 50 109 59 103 134 143 121 128 102 88 141 14 46 30 58 56 78 22 122 24 100 20 162 40 90 52 8 60 42 2 115 11 82 108 81 101 125 149 36 39 156 33 61 117 31 54 92 124 126 80 114 7 66 74 111 73 97 106 43 83 138 127 72 12 67 91 85 51 119 153 139 159 133 64 49 63 89 65 15 53 118 3 38 151 130 155 75 84 95 29 142 57 161 116 163 158 68 160 1 131 87 4 93 145 104 10 69 41 13 79 27 5 152 112 32 146 71 37 168 113 157 26 21 16 98 99 132 147 17 150 86 18 120 144 76 165 148 140 28 129 6 25 154 123 70 135 110 105 166 9 
TEST 3 ARG:68 8 129 155 122 21 56 77 135 24 67 149 0 164 105 138 99 81 150 133 162 19 147 117 106 61 116 100 29 88 13 165 84 5 2 111 152 110 26 82 43 38 46 102 35 59 120 60 141 17 37 31 20 142 119 140 54 127 62 71 52 44 109 95 6 53 107 7 28 42 4 41 57 104 15 40 49 148 153 108 45 161 32 80 112 166 163 83 25 145 64 113 91 134 85 76 11 69 101 72 30 39 158 74 27 136 23 65 18 73 78 58 3 79 160 36 97 87 9 169 55 132 34 22 92 131 96 123 151 94 51 115 128 93 33 118 167 66 130 50 125 124 103 16 137 154 70 168 12 48 47 156 98 114 89 14 126 10 139 75 1 63 159 157 146 86 90 143 121 144 
TEST 4 ARG:47 120 57 163 55 5 75 16 154 23 15 30 166 111 132 93 86 119 25 9 136 157 28 14 148 160 2 103 76 170 82 102 34 165 98 156 135 26 149 138 40 39 146 143 117 0 84 104 105 125 29 35 72 7 33 56 112 134 153 63 12 46 123 131 115 68 96 137 85 152 97 13 100 71 8 10 88 167 89 43 159 17 4 113 95 161 52 155 109 133 67 32 140 22 90 77 139 92 118 62 142 91 151 74 50 129 53 127 51 106 122 64 27 60 48 108 87 169 145 144 54 110 150 81 49 58 41 121 83 114 80 124 164 45 66 19 168 37 3 31 65 79 128 158 78 116 24 42 21 73 141 44 107 69 59 1 130 36 20 147 38 162 101 126 18 6 61 99 70 11 94 
TEST 2 ARG:118 77 63 37 62 142 167 13 42 32 59 75 90 113 116 171 58 80 98 9 84 126 159 71 46 34 100 40 48 25 110 85 54 119 27 26 35 154 20 99 151 141 38 55 105 39 108 73 93 96 43 143 17 76 50 6 123 3 133 134 2 144 41 0 112 57 148 67 161 127 21 33 152 166 91 4 53 18 131 36 97 12 22 51 135 65 114 146 10 11 125 137 149 7 74 29 103 115 168 23 16 109 165 79 70 139 163 140 129 170 160 1 106 158 5 157 162 24 147 92 44 87 136 30 138 130 45 145 104 102 169 117 153 69 56 132 68 121 94 128 15 64 122 156 111 120 155 150 31 61 107 72 95 88 82 52 60 78 14 101 28 19 66 83 89 86 164 8 81 124 49 47 
TEST 3 ARG:73 114 138 7 142 117 104 99 97 57 69 112 84 168 60 49 29 76 4 119 122 32 157 74 31 170 81 100 2 101 37 35 106 159 127 43 150 63 139 124 19 111 21 54 141 12 135 5 85 92 77 52 128 95 110 65 9 152 27 6 56 90 169 83 162 136 3 34 108 154 98 33 22 64 16 26 13 25 94 44 91 78 121 23 40 15 120 80 118 48 116 165 66 45 41 50 38 163 59 134 160 155 167 71 68 17 36 20 87 70 166 129 149 88 1 132 156 46 131 8 55 145 75 42 86 93 11 47 82 28 140 30 146 148 62 53 61 51 113 67 18 137 105 102 72 24 115 39 89 10 144 147 107 79 161 58 151 14 109 126 0 158 133 125 103 143 123 164 130 96 171 153 
TEST 4 ARG:46 49 119 155 149 165 143 120 27 137 158 74 55 103 150 80 79 67 62 21 51 107 170 2 126 112 100 71 129 22 144 157 121 163 41 75 60 18 147 9 159 42 141 44 48 53 12 50 148 88 13 5 15 59 138 69 117 118 23 70 4 1 135 134 101 115 94 24 86 142 127 32 45 124 78 164 14 116 111 133 130 92 68 153 160 139 11 3 61 85 113 83 105 43 34 6 16 152 28 72 82 167 104 131 58 30 54 102 91 38 81 95 171 63 65 35 151 25 93 123 168 110 98 10 154 64 136 122 108 162 90 36 37 8 29 145 52 47 140 73 0 169 125 99 57 66 161 87 114 146 132 109 20 77 106 89 96 76 26 33 40 97 31 84 39 156 17 128 166 19 7 56 
TEST 1 ARG:95 48 138 20 7 34 33 43 14 85 84 135 59 60 123 157 93 30 136 32 42 29 165 28 39 142 13 66 171 113 23 146 147 41 151 22 38 81 124 82 73 117 65 21 3 156 109 54 61 77 120 128 57 97 24 12 145 141 36 108 143 163 172 164 37 149 166 56 134 92 91 75 110 62 18 121 114 148 72 46 87 80 8 55 5 88 131 168 98 99 49 94 19 116 31 170 129 112 118 47 6 68 159 161 103 115 78 51 67 126 127 153 154 152 17 150 79 35 74 107 26 58 9 119 137 155 160 2 100 169 162 133 1 50 139 40 53 52 27 45 140 76 86 0 25 69 15 102 90 4 167 101 96 71 64 104 83 70 144 63 106 130 89 10 122 111 16 125 158 105 44 11 132 
TEST 2 ARG:129 71 67 172 51 117 65 35 50 105 134 72 90 32 4 167 110 16 42 122 55 53 154 106 30 83 102 39 108 111 163 56 20 69 85 21 121 13 11 99 146 88 45 98 5 33 92 118 62 97 19 161 3 86 8 168 142 80 96 64 95 158 148 144 43 52 127 46 48 10 153 60 126 75 113 31 25 89 82 165 37 143 141 139 81 160 166 170 145 128 76 49 120 15 116 0 119 123 9 61 169 147 112 151 26 125 159 59 100 135 57 47 155 74 109 40 38 24 87 150 107 17 156 140 34 28 70 63 36 104 131 115 14 137 7 149 157 77 138 68 41 114 66 94 18 124 73 101 91 12 44 171 93 164 23 132 162 2 136 6 79 133 130 54 78 84 103 29 1 58 22 152 27 
TEST 3 ARG:5 147 15 143 45 29 44 170 130 158 11 62 168 163 142 59 172 19 77 22 102 110 113 101 3 64 123 157 51 24 66 9 164 117 165 162 161 112 18 0 129 95 122 127 106 118 132 135 68 121 88 86 141 156 171 91 134 166 47 17 70 99 20 145 69 28 10 82 126 138 93 107 92 76 58 75 136 103 139 96 60 39 83 108 72 25 109 104 119 120 21 125 105 131 7 154 55 114 65 35 1 73 79 23 81 27 151 89 43 152 84 33 98 40 34 38 6 14 94 4 87 116 85 74 124 8 30 63 32 16 54 90 46 78 128 53 148 167 71 80 97 57 155 49 61 146 149 52 115 159 153 37 13 100 56 26 140 41 144 150 42 50 169 36 48 67 133 2 137 160 111 31 12 
TEST 4 ARG:33 24 142 106 34 118 7 35 102 72 113 163 57 90 59 83 48 121 6 27 134 32 154 3 2 11 138 37 100 51 12 166 120 108 23 18 101 167 76 42 73 162 68 152 159 63 104 127 109 53 47 31 96 86 67 82 10 21 94 85 133 20 146 157 117 66 54 144 62 22 145 41 141 8 79 105 45 89 5 139 136 143 116 125 69 9 19 124 160 103 168 29 123 65 130 60 97 169 44 131 55 165 110 111 93 50 26 135 71 74 172 164 58 98 149 75 119 56 99 137 161 70 36 150 122 16 88 155 148 81 156 84 43 92 80 132 151 64 46 140 170 0 28 38 128 112 61 15 91 4 158 147 14 52 107 1 49 13 115 114 87 153 129 30 40 126 171 17 77 95 25 39 78 
TEST 2 ARG:42 15 159 165 134 31 27 77 16 170 22 28 11 70 169 2 61 82 98 95 119 59 47 138 40 152 103 6 30 122 104 173 133 43 78 107 4 57 62 25 68 33 37 137 74 126 84 54 139 110 72 34 93 64 0 151 66 90 121 116 144 17 155 114 99 163 161 158 148 32 123 150 39 125 13 160 29 149 92 131 105 112 172 49 1 87 153 9 76 135 91 53 115 128 51 85 167 113 118 65 117 80 69 67 44 38 147 75 50 129 21 79 166 63 71 157 120 127 55 18 56 130 24 96 8 35 108 60 86 46 7 106 83 26 20 168 142 94 111 88 143 3 124 19 48 52 41 145 101 73 100 12 109 45 146 23 89 58 141 164 136 14 140 154 5 132 97 36 162 102 171 10 81 156 
TEST 5 ARG:30 84 40 124 5 108 151 80 99 113 2 105 157 147 50 94 153 23 146 81 75 120 60 73 39 22 9 19 68 111 42 56 172 95 152 167 82 85 65 98 26 132 97 96 131 173 49 69 24 67 28 52 11 62 154 13 71 161 125 79 34 155 121 15 122 31 32 33 112 45 104 91 110 165 119 116 4 6 166 51 3 103 44 123 158 135 142 41 87 47 160 171 57 54 36 115 78 27 109 20 162 37 102 72 46 64 149 164 141 159 114 156 48 107 70 53 118 92 128 12 58 0 117 8 134 77 140 126 89 168 129 61 100 10 169 170 101 130 86 1 21 133 106 14 76 25 136 150 7 38 148 35 127 144 143 83 17 55 63 16 138 66 18 43 29 59 163 93 74 88 145 139 90 137 
TEST 2 ARG:24 95 104 154 1 69 127 39 4 51 33 110 138 37 97 94 102 106 125 48 165 80 155 161 55 72 75 3 87 85 30 26 46 52 173 20 0 79 64 8 170 81 133 128 107 71 45 36 67 17 90 149 142 73 59 156 28 56 112 70 65 174 31 10 100 159 58 164 54 2 124 114 122 41 134 144 147 83 34 21 140 115 96 158 6 136 9 169 98 166 163 109 88 137 66 157 76 153 117 129 77 89 40 29 62 18 108 171 92 148 43 91 35 143 141 32 5 103 50 25 11 15 132 12 38 105 168 151 139 14 119 23 167 126 135 7 53 152 101 47 61 60 22 113 99 116 123 160 42 131 13 162 78 27 145 19 84 16 118 130 150 93 74 146 68 49 57 82 121 120 172 86 63 111 44 
TEST 4 ARG:62 59 156 85 122 80 42 109 129 6 113 79 112 17 4 65 23 173 26 19 57 0 58 126 14 107 2 139 142 140 3 31 45 94 10 105 132 56 164 43 27 115 146 8 9 70 157 83 13 133 30 20 121 48 38 78 15 55 64 150 7 69 128 66 12 54 111 120 172 167 106 24 160 33 41 29 32 61 130 39 1 151 138 49 102 166 22 95 131 52 159 50 110 75 144 5 124 76 90 82 147 135 134 169 88 123 92 152 117 170 148 34 74 21 51 136 174 16 165 44 101 87 154 162 35 46 114 127 168 89 141 93 103 163 137 161 158 84 100 171 118 125 91 60 97 86 36 116 71 104 18 40 47 68 98 72 96 73 119 155 108 25 149 28 11 53 77 63 153 67 143 99 37 81 145 
TEST 1 ARG:53 147 51 133 173 134 87 162 46 21 88 137 22 74 30 136 125 38 83 25 48 49 101 92 63 68 32 7 71 17 132 8 65 115 108 99 127 149 20 29 42 122 40 19 82 64 157 52 44 114 106 12 43 94 62 155 47 159 140 139 165 105 98 131 151 150 0 174 70 69 167 4 15 170 55 135 5 164 120 45 77 163 103 160 27 39 93 124 91 86 24 78 118 148 10 110 31 66 152 130 138 175 26 85 11 121 102 104 111 72 119 100 50 41 171 154 35 54 161 36 168 146 73 113 14 56 3 117 89 1 128 144 84 96 2 60 95 80 16 129 158 123 172 107 9 59 166 6 109 28 142 90 145 116 141 143 18 81 33 169 61 37 79 34 112 67 58 57 13 153 156 76 75 97 126 23 
TEST 4 ARG:111 102 69 134 45 77 61 159 90 83 44 146 60 64 48 148 143 101 38 55 106 107 0 168 36 172 7 67 98 95 57 79 14 16 24 157 171 47 2 144 124 62 10 71 28 126 76 29 133 147 96 82 74 73 52 153 112 4 3 84 30 23 135 150 75 174 72 120 155 173 149 140 94 53 117 58 109 6 68 128 46 110 167 152 33 127 87 104 108 11 121 97 158 130 105 162 119 81 43 39 19 15 103 54 35 99 8 170 129 59 163 32 145 156 115 80 42 12 91 41 88 139 154 49 18 86 20 17 114 138 122 164 175 34 92 5 165 63 65 136 51 100 21 116 113 141 70 161 85 89 1 137 13 26 93 132 31 27 25 123 125 78 166 151 22 40 118 56 142 37 9 169 66 50 131 160 
TEST 5 ARG:173 13 70 166 123 65 88 33 93 128 78 170 100 76 107 163 39 17 144 174 84 98 69 86 66 50 124 121 25 7 59 14 136 43 36 24 73 131 16 96 151 68 54 114 64 48 168 1 167 47 74 148 19 154 147 127 46 92 80 89 155 142 164 53 18 138 9 15 8 41 40 4 135 175 72 99 134 27 77 3 85 51 104 97 153 94 172 63 158 149 81 129 79 45 6 29 157 116 58 83 105 60 161 112 23 156 71 171 67 160 111 11 90 34 26 0 35 52 91 115 140 62 30 132 32 152 139 82 28 2 141 159 150 125 56 37 169 113 126 130 122 75 137 110 120 102 143 22 119 12 38 57 108 165 118 95 101 5 117 31 20 145 21 103 87 162 44 10 146 106 49 55 42 133 61 109 
TEST 1 ARG:64 75 34 28 67 123 56 59 166 139 118 48 53 0 37 175 60 91 153 140 133 68 141 12 47 35 127 81 90 132 70 101 150 51 142 69 108 8 1 96 65 173 121 19 78 143 45 39 169 5 42 77 20 152 44 163 31 32 21 148 84 106 160 52 109 83 41 155 38 158 174 107 23 11 122 120 102 10 154 57 170 71 27 131 134 98 7 61 63 87 3 80 13 24 43 30 105 146 94 26 76 151 14 147 128 73 62 145 100 167 93 129 124 99 9 112 17 114 135 111 165 25 72 40 54 149 55 58 116 117 104 88 6 172 161 18 74 50 136 156 66 144 159 89 33 85 162 16 130 49 157 119 79 97 126 168 36 110 86 113 46 22 15 82 103 176 95 125 137 2 138 171 29 164 115 4 92 
TEST 3 ARG:8 68 156 52 92 144 112 118 1 124 45 166 58 115 172 9 83 76 28 26 40 148 42 14 127 132 129 137 54 133 34 87 73 176 111 85 75 50 60 33 120 162 157 12 150 15 163 37 91 21 25 114 0 19 108 169 135 138 95 80 99 64 125 121 55 24 69 47 131 119 147 170 149 102 143 104 29 79 175 20 96 90 22 86 146 161 11 46 97 174 105 139 81 38 152 35 31 53 2 142 145 155 84 78 89 171 27 65 107 165 164 123 74 4 151 153 18 141 71 62 41 59 66 61 51 159 128 56 88 160 100 77 3 130 70 49 30 72 136 6 101 39 158 17 23 134 109 103 110 98 10 154 122 93 57 5 82 67 48 116 117 63 126 106 113 94 168 13 7 167 43 36 44 173 16 140 32 
TEST 4 ARG:105 44 125 50 161 166 109 133 142 56 45 17 11 98 92 19 47 34 52 7 75 88 146 106 69 83 169 37 173 122 151 147 138 41 13 57 21 10 128 29 25 71 116 160 153 91 80 16 61 2 9 3 70 59 174 100 99 150 104 36 167 64 66 159 26 15 90 165 94 158 119 132 107 102 149 168 144 129 22 157 136 97 170 8 76 121 78 54 117 86 163 123 84 40 118 130 28 48 33 65 143 82 108 155 32 46 172 164 60 68 113 6 4 23 115 55 103 77 14 101 62 30 141 89 93 175 156 126 0 49 73 152 51 96 87 27 114 42 148 176 74 134 110 120 24 79 111 39 137 135 85 53 145 112 58 72 20 162 5 1 139 31 43 140 154 95 35 12 67 171 63 124 131 18 38 81 127 
TEST 5 ARG:172 18 12 81 149 97 83 36 60 70 107 6 4 168 3 176 1 119 67 46 19 163 50 131 101 55 91 48 162 121 171 15 80 128 170 159 134 139 151 90 145 87 20 64 57 165 142 140 82 69 122 103 118 63 58 110 43 65 0 9 30 166 35 71 120 85 116 150 157 175 77 41 112 52 102 156 23 37 158 32 141 105 22 62 125 130 54 89 127 29 17 66 161 45 44 5 114 104 33 21 26 31 34 95 98 28 135 75 93 74 68 169 173 148 16 167 106 7 2 27 24 152 59 73 154 117 79 92 72 88 113 153 78 40 94 86 109 84 108 147 160 126 8 53 137 132 47 51 61 111 76 164 146 123 100 14 155 129 39 10 13 144 136 11 42 124 174 133 96 38 143 49 138 56 99 25 115 
TEST 1 ARG:135 18 31 98 48 78 13 20 74 50 137 9 8 86 1 143 49 24 154 45 60 15 12 163 116 10 54 32 131 7 167 176 171 36 69 155 148 94 147 125 170 35 156 119 95 103 107 82 152 92 140 129 151 99 76 38 149 42 40 165 172 71 113 5 111 141 51 73 52 84 55 17 117 122 43 34 112 23 114 89 58 85 96 127 66 64 68 59 65 33 136 70 104 11 93 6 121 90 102 164 175 72 19 80 25 75 162 108 159 87 124 133 132 63 16 120 14 174 150 41 158 46 62 3 44 109 2 115 26 21 139 138 56 145 106 146 130 105 100 77 61 177 118 166 27 97 144 161 160 153 4 29 134 81 22 157 0 83 47 57 169 67 142 30 173 126 91 53 39 168 128 79 37 110 123 28 88 101 
TEST 2 ARG:42 139 154 151 94 145 128 117 15 160 18 67 84 108 33 95 177 75 50 169 83 6 62 4 156 122 102 12 164 57 113 11 60 130 118 54 167 45 90 141 39 27 20 36 41 166 168 143 176 97 159 138 26 101 173 158 147 131 109 14 64 86 56 78 29 32 103 23 44 47 1 121 59 58 65 124 165 24 150 52 152 134 71 142 55 9 92 110 28 37 127 70 107 49 35 25 48 5 132 133 129 87 43 161 146 66 0 82 96 72 104 69 111 46 136 172 100 73 38 16 22 74 21 91 34 123 19 175 30 149 17 53 155 135 153 106 51 7 125 85 79 99 170 40 68 105 144 120 89 77 126 98 163 61 63 80 112 157 2 8 115 119 88 162 81 148 10 31 3 114 140 116 174 137 13 93 76 171 
TEST 3 ARG:149 117 161 96 150 36 63 92 42 111 1 12 49 152 94 167 138 110 137 31 64 47 160 5 100 19 33 148 124 16 50 177 8 56 165 7 158 71 151 72 146 156 132 59 13 60 104 91 101 37 68 76 120 34 139 130 127 67 134 105 74 65 70 118 27 99 84 172 175 114 11 95 86 6 4 66 45 2 23 136 174 169 163 29 77 75 82 109 121 83 97 51 40 39 54 78 159 81 166 168 25 28 107 88 98 26 79 80 24 53 123 108 58 140 73 9 171 85 147 153 106 131 17 89 57 116 93 154 143 90 103 35 30 155 87 113 145 41 129 62 112 157 20 125 126 52 32 10 21 3 46 119 44 162 164 142 144 69 133 14 38 18 170 102 173 61 115 122 128 0 43 48 55 135 22 15 141 176 
TEST 1 ARG:79 31 68 53 148 55 18 62 132 64 90 86 118 49 158 129 77 12 131 124 169 173 42 105 166 35 171 57 25 73 1 91 139 126 108 26 17 8 93 130 137 140 81 15 89 178 107 70 97 135 66 155 34 6 159 29 94 165 47 98 112 121 87 2 134 24 92 63 37 84 101 102 48 117 174 146 96 69 74 4 22 7 38 136 142 170 32 85 123 113 143 5 14 147 0 100 46 33 152 172 82 176 109 45 36 11 43 114 145 116 50 156 72 83 160 150 161 163 167 88 71 151 128 59 30 111 154 67 40 144 13 28 120 76 54 27 157 99 103 10 110 80 141 162 65 16 41 9 21 115 95 58 44 56 122 106 104 3 20 175 153 23 51 119 19 133 39 138 127 60 177 75 61 125 78 149 168 164 52 
TEST 2 ARG:38 50 16 139 80 41 43 71 49 105 9 56 110 143 63 130 106 26 24 147 163 78 61 153 97 150 172 141 140 144 136 145 77 33 57 62 42 15 108 17 90 137 98 133 87 67 154 114 23 29 156 31 72 132 107 4 89 60 79 84 34 83 22 52 10 73 123 1 175 113 5 64 171 93 30 152 40 160 44 167 95 3 99 119 104 55 21 20 66 75 138 126 53 18 134 159 0 51 174 161 178 86 122 81 131 27 127 128 177 115 103 46 94 74 146 69 70 12 6 7 112 65 2 116 47 88 157 102 13 169 58 45 19 14 39 162 129 91 82 85 149 109 8 76 166 170 118 68 28 59 148 101 176 155 117 32 92 111 121 35 124 173 135 165 96 54 120 168 164 36 37 125 48 142 151 100 25 158 11 
TEST 3 ARG:108 127 28 25 123 167 69 80 21 172 88 57 143 140 122 6 61 175 173 145 146 10 116 78 111 95 96 98 100 135 35 63 87 125 60 164 27 18 16 103 47 42 130 92 151 66 119 52 174 105 59 11 177 49 31 24 41 73 82 159 90 158 70 150 62 106 166 153 83 7 176 102 149 17 50 1 4 107 118 8 163 36 136 128 101 85 37 29 156 112 20 126 178 93 104 38 115 110 3 131 94 155 141 132 44 64 89 56 144 169 109 67 97 77 65 26 170 5 79 54 142 14 23 72 12 33 138 13 134 162 165 161 152 32 43 133 45 68 154 81 40 55 86 2 9 30 171 19 99 117 120 139 71 157 53 84 22 148 76 114 137 124 121 15 58 51 39 113 74 48 160 0 147 34 129 75 91 46 168 
TEST 1 ARG:164 105 152 109 62 81 115 177 100 171 11 22 43 179 9 76 72 1 142 158 71 91 149 153 61 23 118 162 6 136 141 125 178 161 86 37 64 80 172 104 5 46 16 111 50 116 39 101 58 168 102 24 159 124 8 129 74 2 28 113 89 34 32 107 96 73 128 121 103 122 133 55 15 117 112 174 18 57 45 169 30 87 123 150 83 155 88 143 156 108 95 114 0 127 41 78 44 60 75 138 126 131 26 69 56 170 33 135 70 25 79 68 146 147 154 54 21 148 20 13 130 42 40 48 160 27 12 93 167 166 17 140 53 106 19 29 66 31 165 173 4 176 99 47 92 110 97 90 3 137 163 85 52 145 120 151 139 67 134 77 98 65 51 36 144 14 38 119 84 63 175 94 35 49 157 132 7 10 82 59 
TEST 2 ARG:98 61 3 107 149 51 125 108 57 56 11 70 134 64 123 128 76 156 62 46 143 32 100 58 77 153 30 38 129 133 1 110 40 139 97 29 15 90 92 177 109 79 145 157 34 159 6 54 104 48 53 45 42 17 84 148 103 65 124 7 176 73 37 71 25 72 142 43 101 117 23 162 169 152 168 47 160 163 173 86 12 31 95 106 113 150 175 87 50 158 135 68 21 146 36 174 81 167 4 28 132 52 59 112 137 161 116 24 171 102 120 93 154 127 105 89 144 99 16 49 155 147 69 83 13 19 5 179 74 166 121 130 35 111 96 39 2 165 18 26 55 178 8 80 22 118 94 75 10 114 126 172 138 141 170 41 131 85 78 0 20 140 44 27 91 88 67 119 66 151 9 136 63 14 122 60 115 33 164 82 
TEST 3 ARG:18 127 167 159 96 118 46 136 43 115 24 45 25 142 164 0 179 15 146 113 119 14 9 91 20 114 56 178 177 97 44 140 175 111 170 130 106 49 71 172 108 83 84 38 123 10 104 85 155 39 160 63 58 53 11 42 139 17 57 35 68 73 129 1 74 128 122 132 36 156 151 3 48 133 88 134 174 157 89 145 173 154 7 163 95 52 67 50 98 109 125 141 165 41 8 92 64 77 69 78 27 51 143 144 110 76 90 75 28 176 29 137 94 162 135 33 147 93 131 152 2 103 26 54 87 62 138 102 6 72 55 12 82 80 59 166 124 150 120 40 169 81 158 112 121 116 86 99 30 149 61 161 153 100 107 5 16 21 148 34 32 23 126 79 66 60 4 101 117 19 22 37 168 13 31 70 105 171 47 65 
TEST 4 ARG:98 69 63 147 179 74 8 27 47 40 118 146 41 78 151 150 85 158 119 169 123 116 7 50 83 178 168 13 160 77 79 30 37 92 109 154 19 96 68 51 141 75 58 149 81 11 87 122 15 34 28 161 164 117 170 24 136 71 73 94 20 57 2 167 103 80 101 43 86 163 16 21 49 106 175 60 54 113 162 88 67 99 171 131 129 33 166 35 12 138 121 115 38 156 133 89 105 36 61 22 140 84 17 165 14 29 4 82 44 139 137 64 32 152 173 55 5 59 91 125 70 66 159 65 112 114 148 25 107 97 142 172 176 76 46 153 128 62 0 10 177 95 102 48 93 126 127 18 134 23 111 130 124 108 6 53 45 144 174 3 39 104 155 31 145 143 90 132 110 56 157 100 42 72 1 135 9 120 26 52 
TEST 5 ARG:69 168 60 116 71 86 109 98 12 122 150 178 54 106 145 63 107 163 111 20 6 36 147 40 62 44 1 18 74 49 70 83 159 17 94 99 172 170 129 91 115 158 131 135 46 39 166 128 121 119 75 56 47 87 104 157 156 25 66 165 34 5 41 11 2 81 82 149 45 38 112 77 43 133 29 151 42 16 146 23 154 64 22 96 164 78 143 37 171 126 169 57 102 108 52 139 19 21 160 137 61 7 95 179 48 152 175 32 100 140 65 162 110 130 53 125 134 55 176 155 24 80 3 59 153 67 144 93 79 103 138 76 173 161 148 105 30 124 114 33 101 68 4 50 88 136 167 13 123 15 97 177 14 90 72 10 142 127 35 84 9 26 51 89 174 27 141 118 8 120 28 132 85 0 73 113 58 31 117 92 
TEST 2 ARG:35 86 42 64 135 145 39 148 150 106 1 123 12 28 146 62 103 159 57 165 144 96 179 40 80 79 118 47 26 157 154 76 59 60 134 121 18 124 74 177 136 98 52 142 100 2 14 139 19 33 127 141 129 126 168 22 119 78 65 9 178 158 115 166 110 7 70 32 151 170 174 94 175 133 67 10 173 31 36 11 81 53 6 34 77 161 38 99 83 51 24 87 58 167 125 109 68 90 89 114 131 97 107 21 56 113 108 117 66 112 132 88 37 137 45 41 61 4 152 102 54 5 122 164 130 147 176 8 153 63 13 71 30 111 149 138 180 155 171 15 93 3 162 82 84 120 73 0 27 95 75 48 69 105 156 128 140 43 25 143 160 91 116 85 72 169 23 172 29 104 17 16 163 92 44 101 46 50 55 49 20 
TEST 1 ARG:97 52 63 115 148 181 10 8 13 179 146 40 39 36 134 136 62 177 78 85 89 120 44 138 91 107 150 73 81 12 101 56 28 119 46 90 160 72 144 110 51 132 26 178 135 140 105 133 58 45 84 143 106 92 7 54 80 158 42 125 18 68 95 23 172 21 9 67 114 24 147 121 93 34 17 130 69 155 77 99 162 173 35 98 102 100 165 176 86 152 127 153 30 122 157 123 15 48 112 71 159 103 11 175 66 75 128 61 174 25 137 113 167 149 38 76 141 14 111 65 31 50 142 171 49 96 32 27 33 131 4 59 2 37 70 94 5 88 163 170 83 41 87 104 3 109 6 16 60 1 139 126 161 145 55 169 47 43 156 116 164 29 82 64 129 118 117 124 57 166 168 79 53 20 108 19 151 154 74 180 22 0 
TEST 4 ARG:98 26 28 0 41 125 168 37 7 51 62 92 68 65 15 72 63 136 40 4 17 135 13 157 16 19 5 130 112 69 111 146 171 91 67 124 142 133 74 77 14 121 76 58 166 83 154 47 169 158 117 9 108 126 178 45 54 60 103 177 179 151 82 78 49 66 23 35 155 127 109 110 24 174 104 46 100 53 59 128 118 70 61 50 119 71 165 150 52 97 152 176 170 90 88 105 55 80 6 122 173 123 57 161 96 140 36 181 175 34 180 84 106 75 73 156 48 132 129 93 1 89 145 115 27 148 33 20 120 164 79 114 95 138 10 56 11 2 81 134 87 29 44 64 8 86 99 141 39 162 12 113 139 101 85 21 32 94 160 147 153 31 159 30 149 163 22 3 25 167 18 107 38 137 42 43 172 131 102 116 144 143 
TEST 5 ARG:109 106 38 147 129 145 2 151 73 61 10 44 48 124 89 97 47 66 122 45 23 114 84 33 12 79 67 40 36 163 58 52 4 27 127 107 175 37 139 6 152 117 110 56 91 34 162 53 133 9 96 134 132 138 71 57 150 99 105 178 81 64 55 161 62 60 172 28 123 8 158 179 137 76 13 25 143 68 95 50 65 19 49 130 54 141 14 108 167 164 148 126 177 74 119 116 69 142 156 1 149 118 140 136 174 5 3 160 42 155 98 176 102 169 20 103 135 16 166 85 170 121 24 92 29 43 146 93 88 21 128 82 7 165 112 32 113 100 18 120 115 30 17 180 51 41 131 46 63 86 0 72 83 90 70 94 80 171 153 78 77 154 173 15 159 22 39 11 31 144 59 157 87 75 26 101 125 168 181 104 111 35 
TEST 1 ARG:18 86 101 102 34 47 80 61 59 46 129 91 155 170 150 179 92 20 156 114 79 11 78 173 43 108 16 131 174 112 39 147 53 161 2 85 105 134 168 5 110 116 27 76 26 55 1 62 28 100 140 99 182 10 181 67 42 70 32 58 81 126 3 36 56 106 145 40 171 127 164 133 130 49 25 96 165 163 63 176 137 13 57 119 66 72 95 69 87 24 64 121 153 73 6 21 162 68 103 111 93 52 15 139 9 138 148 74 30 122 113 0 35 7 124 50 149 60 19 146 17 54 141 160 175 77 83 48 41 109 143 38 22 29 84 159 117 167 169 115 180 14 65 94 157 88 136 120 82 123 4 158 75 33 90 104 151 107 118 97 152 37 177 31 172 178 71 44 142 166 132 135 23 144 12 89 51 128 154 45 98 125 8 
TEST 4 ARG:47 6 121 174 27 130 173 139 62 17 132 126 123 36 56 18 178 175 157 102 160 172 61 35 24 115 117 2 76 66 39 34 15 155 7 4 50 171 137 19 142 181 162 38 57 32 128 78 77 113 29 41 108 112 114 84 122 94 95 42 22 75 145 1 79 153 100 98 141 90 182 91 133 159 170 31 13 103 129 88 92 49 14 54 63 33 158 72 127 151 83 166 143 69 107 168 80 25 10 11 68 3 59 21 135 131 48 154 163 110 26 149 124 152 161 89 165 28 23 12 51 20 37 70 144 86 150 55 87 9 105 44 93 146 60 81 64 109 96 180 99 16 179 138 97 169 104 73 120 82 8 156 85 176 46 134 52 53 71 140 43 74 148 164 58 30 167 118 136 5 65 116 111 45 67 101 106 40 0 119 147 177 125 
TEST 2 ARG:14 15 77 155 90 168 118 83 142 165 138 169 144 151 132 130 66 73 55 41 75 17 71 127 3 146 183 124 117 125 98 69 88 44 119 164 34 134 92 103 63 182 95 62 140 102 89 172 32 148 173 91 0 78 122 79 51 29 113 11 42 76 43 154 129 145 20 180 121 171 174 170 31 68 105 9 86 149 56 175 21 5 27 70 107 108 6 45 85 100 116 120 112 10 61 152 37 80 13 35 25 36 128 82 147 106 94 59 16 58 162 81 53 97 74 135 23 109 30 156 60 159 48 57 49 87 33 126 163 26 166 141 153 167 93 181 177 101 2 161 84 123 22 8 67 150 160 72 47 178 46 39 12 158 50 64 111 139 7 115 24 104 54 40 136 110 18 176 137 133 96 157 65 143 38 179 19 52 114 1 99 4 131 28 
TEST 3 ARG:8 3 181 26 128 35 146 161 163 138 127 62 57 148 77 93 97 66 85 64 65 121 143 69 120 176 141 139 172 24 101 122 136 12 0 56 133 63 108 18 117 174 28 129 152 9 180 17 91 38 87 130 44 41 168 156 50 103 75 98 137 27 119 33 153 74 14 4 125 23 95 150 104 39 96 145 71 170 2 37 45 19 32 140 79 46 52 106 30 114 89 83 100 105 34 21 183 20 70 155 175 134 167 111 82 53 159 166 84 149 7 179 40 118 160 90 144 58 51 31 10 92 88 102 171 151 147 13 154 178 6 115 81 60 131 15 68 182 169 165 47 25 135 80 126 54 173 48 99 113 124 16 78 107 43 112 67 49 59 164 132 94 177 86 22 76 72 110 73 109 142 29 5 36 11 55 162 42 116 1 158 123 157 61 
TEST 4 ARG:104 24 125 171 26 91 15 59 105 93 156 169 54 67 98 73 139 7 66 181 170 23 92 161 127 75 109 32 160 175 140 35 86 102 179 45 145 118 40 87 34 52 51 143 12 115 44 114 62 131 49 148 4 101 47 149 126 11 129 90 76 150 135 180 138 46 177 108 99 21 130 78 64 13 63 173 121 165 74 124 122 33 134 14 31 5 178 3 117 136 29 20 123 97 113 112 158 18 111 42 116 30 69 154 107 58 81 133 65 6 103 41 60 119 100 94 39 10 68 25 88 159 176 71 61 162 182 1 36 96 106 146 55 16 128 174 155 164 43 79 144 172 22 168 38 8 152 167 77 163 19 110 72 132 157 120 83 153 142 137 84 57 0 50 2 82 27 147 37 85 28 70 53 48 80 183 95 166 9 56 141 89 151 17 
TEST 2 ARG:168 158 166 54 23 100 65 134 148 85 79 96 62 98 64 95 47 170 177 149 181 29 41 119 28 120 20 6 152 130 173 35 78 118 8 132 146 150 56 16 110 135 74 24 153 171 40 99 25 139 113 43 122 57 143 131 180 141 84 172 2 88 93 91 167 184 151 174 178 109 42 114 33 126 147 162 14 30 38 138 67 44 154 94 175 160 46 106 37 97 112 21 145 101 164 36 48 72 161 11 77 140 83 55 121 45 1 157 4 124 102 15 17 123 169 144 71 163 156 51 58 34 129 68 9 90 66 31 63 127 5 89 133 22 103 32 165 82 105 142 76 104 155 27 108 70 19 26 116 159 13 10 179 73 75 107 7 61 176 137 182 128 50 125 111 60 80 115 59 136 3 12 87 183 18 49 39 117 86 92 0 53 69 52 81 
TEST 3 ARG:58 129 122 81 89 88 97 23 144 26 7 117 62 24 77 175 96 11 163 141 102 55 28 21 13 29 143 48 40 100 174 49 114 136 105 104 131 178 87 20 51 116 76 170 10 32 139 120 99 145 59 127 110 66 90 69 176 158 78 147 140 75 156 167 94 168 182 132 121 17 60 64 47 1 152 150 6 72 18 36 2 93 27 111 162 44 179 107 57 34 112 46 137 155 33 91 172 154 63 109 101 35 38 84 164 45 171 65 3 125 37 14 8 50 56 98 83 15 73 106 16 0 31 130 86 95 25 85 92 41 161 115 42 68 142 124 169 184 146 22 160 151 30 149 148 108 166 53 181 180 126 134 183 82 153 12 5 61 43 54 159 128 79 74 157 138 70 113 67 165 4 71 133 80 135 9 52 173 123 19 177 118 39 103 119 
TEST 1 ARG:31 168 12 180 151 75 116 38 63 184 136 7 36 185 146 113 69 37 53 109 115 118 104 82 19 173 58 99 98 135 2 78 74 100 27 128 107 140 158 147 129 103 123 85 111 84 26 88 32 139 39 133 86 48 49 8 91 92 52 68 174 79 44 14 76 97 102 108 56 157 94 127 65 121 47 93 41 148 40 81 45 182 183 20 149 71 64 160 15 22 13 17 10 73 28 163 18 25 137 89 16 11 105 143 61 162 164 9 33 57 155 0 30 21 1 62 150 119 126 43 125 3 6 90 110 54 181 167 5 83 4 156 178 112 179 35 166 154 131 55 59 50 101 153 169 70 23 145 152 66 34 172 176 87 117 120 142 138 80 141 132 130 24 51 29 175 159 72 42 161 114 144 134 171 170 122 60 106 67 165 95 96 177 46 77 124 
TEST 5 ARG:63 94 85 8 0 72 93 131 158 68 175 134 79 60 125 151 160 67 145 24 26 61 22 84 119 62 23 180 142 4 173 20 41 126 30 5 146 123 148 164 28 107 83 181 152 136 29 75 115 9 3 121 156 95 12 100 51 16 2 103 171 137 130 154 108 109 10 7 165 144 153 76 157 133 59 42 185 82 47 15 143 170 56 31 101 110 99 46 102 38 34 88 122 159 97 111 89 138 40 6 74 65 54 13 52 139 166 113 105 124 178 92 21 104 14 19 183 87 18 33 64 58 169 35 50 167 78 117 36 114 86 112 44 1 66 149 81 128 27 141 49 162 45 25 91 132 147 37 55 77 163 116 39 11 90 120 155 57 179 174 43 32 53 73 161 118 168 176 71 129 69 135 17 70 172 140 106 182 177 150 48 98 80 184 96 127 
TEST 1 ARG:122 117 159 51 10 17 75 172 152 3 84 119 20 148 39 125 83 112 38 8 186 181 161 158 14 184 34 155 150 98 58 133 160 151 54 90 95 97 57 78 180 185 16 114 129 43 115 69 46 79 179 41 50 154 107 61 142 23 141 25 52 55 64 111 60 81 113 35 178 93 18 12 162 40 134 85 124 170 168 27 68 42 11 157 174 166 77 63 89 94 88 9 108 163 176 33 22 67 167 175 31 137 103 145 32 138 140 59 109 66 173 72 44 164 128 30 1 169 105 177 139 24 62 118 5 47 99 26 171 86 147 104 15 92 183 130 106 6 56 53 121 146 126 120 74 73 91 49 131 13 37 48 156 28 80 127 101 65 123 144 143 36 76 116 182 135 132 45 136 19 110 100 29 96 21 71 70 0 82 102 153 149 4 87 2 7 165 
TEST 3 ARG:82 53 70 87 136 19 77 37 123 176 134 39 8 119 41 22 186 4 96 64 29 169 69 114 71 113 130 140 42 153 91 141 13 40 148 156 89 3 161 182 1 98 146 167 32 66 73 160 7 63 179 142 102 108 139 184 12 68 104 107 67 90 14 125 27 158 149 115 166 84 11 55 121 10 144 45 124 131 100 36 159 112 31 81 47 72 51 2 122 52 28 99 16 147 62 157 74 50 185 177 15 162 171 137 117 118 80 143 106 109 61 86 94 43 35 34 132 6 65 44 129 48 135 54 120 145 163 128 174 79 83 152 151 183 155 30 138 164 18 105 175 23 154 26 88 103 59 85 126 75 127 181 5 92 97 95 17 116 60 57 150 25 20 110 165 76 172 93 180 133 38 101 178 24 56 170 173 46 78 49 111 0 21 58 33 9 168 
TEST 4 ARG:4 165 135 150 75 186 2 100 43 172 48 103 184 118 105 168 58 185 182 153 144 88 98 9 50 173 162 0 161 18 176 80 145 106 59 7 109 169 15 132 134 42 125 77 115 17 139 69 133 62 60 130 29 121 73 143 97 22 123 10 146 91 33 55 99 114 76 82 156 11 89 136 94 20 140 107 101 56 54 6 138 151 63 36 177 149 64 175 104 158 129 72 137 90 35 166 79 152 19 112 74 78 67 87 23 157 93 44 3 25 21 46 61 45 96 66 170 167 30 119 159 37 95 120 164 154 32 5 141 49 51 24 171 122 179 174 142 68 111 147 57 86 70 34 108 83 116 183 85 131 65 178 160 53 84 39 12 38 124 117 113 31 40 47 26 41 180 28 14 27 16 127 110 8 102 1 13 148 128 92 181 163 81 52 126 155 71 
TEST 5 ARG:36 144 139 181 121 183 20 47 98 124 30 62 46 4 133 73 10 79 165 106 113 39 77 34 27 101 111 172 21 115 64 105 162 116 140 60 49 178 94 3 179 177 163 182 40 119 8 136 68 175 137 154 48 43 129 150 117 173 32 54 156 122 42 134 26 51 130 143 161 148 120 118 19 35 78 83 50 45 61 31 41 52 103 167 15 56 74 17 88 9 76 151 23 55 170 109 180 147 146 70 14 135 107 66 63 112 33 67 157 18 169 28 108 59 57 71 80 128 131 24 141 11 158 168 166 0 184 171 114 85 53 160 29 123 89 132 159 12 7 86 72 75 87 126 1 5 90 99 92 81 97 145 91 125 2 153 142 104 174 96 127 58 110 152 185 69 93 44 37 100 6 84 82 102 176 65 138 149 164 22 186 25 155 38 95 13 16 
TEST 1 ARG:142 48 94 109 154 62 19 16 138 125 171 169 53 58 102 140 163 143 55 6 135 9 113 117 97 0 121 165 116 63 162 54 80 123 32 147 10 71 86 35 73 50 28 139 7 177 158 27 3 26 67 47 112 152 164 85 108 175 25 82 132 126 13 91 61 181 38 141 180 12 157 119 84 150 87 122 124 43 72 184 156 134 56 59 51 103 100 183 144 21 168 46 172 30 148 170 8 107 159 182 65 44 106 52 36 33 64 104 120 81 66 160 146 14 166 105 185 95 93 45 17 178 75 96 23 179 133 22 129 41 83 2 60 161 4 155 131 70 130 115 31 39 99 174 34 20 18 78 151 136 118 137 77 90 57 128 37 5 173 68 74 15 186 24 114 1 98 153 42 110 167 111 187 92 40 29 11 176 69 76 79 101 149 89 49 145 127 88 
TEST 2 ARG:169 144 182 70 2 113 166 183 93 165 83 128 138 12 62 29 68 152 107 53 61 179 157 160 98 1 112 140 176 170 164 167 75 77 50 184 122 76 79 100 52 49 67 60 9 187 47 141 103 175 120 66 150 131 126 92 10 15 97 13 63 42 95 41 127 8 115 46 132 22 31 28 74 121 130 64 0 86 71 51 147 20 117 87 44 101 142 139 119 171 89 18 35 111 125 90 135 5 168 19 178 26 45 134 38 58 116 137 114 14 177 99 33 106 151 149 17 21 23 94 56 154 34 27 40 133 4 172 148 143 129 162 7 80 48 118 108 88 186 65 163 124 69 105 73 3 145 84 32 82 180 156 85 123 54 39 24 91 136 59 30 161 37 81 11 185 25 110 57 158 102 16 174 155 43 109 153 96 55 104 181 36 146 6 173 78 159 72 
TEST 4 ARG:122 93 49 66 96 146 7 155 87 151 105 119 142 178 23 51 19 183 59 42 55 44 36 137 70 134 184 86 169 38 80 43 182 104 109 40 48 102 62 33 15 172 6 147 140 0 22 46 5 41 29 89 21 30 112 114 125 26 78 35 18 173 110 107 92 166 69 68 32 176 101 58 139 14 136 127 88 154 171 145 159 79 98 39 116 1 133 2 135 31 181 117 161 64 149 106 28 25 24 75 63 121 3 111 143 84 61 71 126 76 129 175 27 156 20 131 94 162 4 118 144 113 170 60 82 123 13 47 52 97 57 53 177 45 128 83 180 17 50 103 179 99 120 56 100 163 160 130 187 164 153 124 85 34 67 16 186 81 11 152 167 157 165 108 174 12 72 73 65 8 185 132 138 95 91 10 74 158 90 141 9 168 37 115 54 148 77 150 
TEST 3 ARG:62 159 91 53 30 147 182 141 133 74 94 21 84 86 60 139 180 75 47 127 95 14 176 166 112 160 102 186 134 24 140 137 18 88 68 135 1 56 98 99 34 4 82 172 105 72 0 78 29 110 104 114 44 52 116 85 23 70 31 124 11 43 187 126 41 15 40 22 130 6 125 109 136 33 37 79 19 165 175 154 2 148 96 49 9 129 42 146 76 83 48 58 162 16 153 115 177 12 10 17 93 100 64 118 132 69 92 111 67 184 188 50 65 45 46 158 168 20 123 120 73 32 171 101 80 145 179 35 103 150 81 170 3 7 113 26 8 28 183 174 108 156 143 57 181 51 151 36 138 163 39 87 13 63 185 106 25 122 161 66 128 155 131 55 71 121 89 117 149 157 61 164 97 173 77 169 144 167 27 152 90 59 38 178 5 142 54 107 119 
TEST 2 ARG:75 64 167 113 136 56 121 62 32 66 20 184 79 152 37 159 187 16 101 57 14 175 21 153 103 68 28 91 15 61 95 5 115 119 10 86 140 72 146 84 24 1 18 170 125 148 54 114 160 49 151 183 130 63 133 12 120 40 98 58 147 154 173 188 107 34 31 117 52 131 166 67 43 138 127 105 0 85 51 60 112 36 169 7 22 76 155 11 53 162 50 176 23 88 9 48 180 19 100 132 110 123 185 17 35 94 171 59 168 182 118 122 99 116 161 139 41 141 128 4 44 83 165 30 164 108 104 97 87 181 71 134 6 156 33 69 106 149 145 177 55 13 77 78 27 3 2 111 80 8 73 26 124 74 92 126 82 90 47 70 39 96 109 137 150 102 179 158 38 129 81 46 178 65 42 142 163 189 45 25 93 29 157 172 89 143 135 186 144 174 
TEST 4 ARG:61 22 44 30 147 153 51 159 92 185 79 2 112 21 137 85 50 39 143 149 168 177 90 82 173 164 155 172 20 138 69 100 130 162 26 17 16 186 91 118 45 180 148 165 34 6 62 84 1 54 134 178 94 68 127 184 60 11 70 33 67 49 3 158 29 146 121 129 150 157 81 102 77 63 131 10 42 46 28 99 144 73 187 87 43 18 163 32 58 139 151 169 9 25 160 56 59 27 179 89 98 104 14 36 124 0 38 113 78 74 97 88 13 132 76 86 93 142 40 53 41 123 122 48 83 55 183 171 15 24 23 57 4 19 114 167 66 37 12 181 5 64 47 105 156 116 145 106 141 120 161 80 31 110 109 95 96 119 8 133 7 140 188 108 117 126 75 72 115 170 128 125 152 107 174 166 101 52 176 182 103 136 111 189 65 35 175 71 154 135 
